[parser] loading polynomials from 'scan5/wd_N28_n21.in' (format: default)
[m4gb]  I 0 0 60 0
[m4gb]  U #b:  60 #cp:   146 #mr:  100 #mc:  861 s=0.0023662
[m4gb]  M #b:  60 #cp:   146 #mr:  100 #mc:  761 s=0.0002629
[m4gb]  P lcmdegree=3
[m4gb]  P #b:  60 #cp:     0 #mr: 3075 #mc: 9266 s=0.0520212
[m4gb]  P #n:146
[m4gb]  U #b: 206 #cp:  1968 #mr: 3678 #mc: 9266 s=0.0412624
[m4gb]  M #b: 206 #cp:  1968 #mr: 3678 #mc: 8663 s=0.0019258
[m4gb]  P lcmdegree=3
[m4gb]  P #b: 206 #cp:  1840 #mr: 3678 #mc: 8663 s=0.0357965
[m4gb]  P #n:128
[m4gb]  U #b: 334 #cp:  3745 #mr: 3806 #mc: 8663 s=0.0834213
[m4gb]  M #b: 334 #cp:  3745 #mr: 3806 #mc: 8535 s=0.0005628
[m4gb]  P lcmdegree=4
[m4gb]  P #b: 334 #cp:  3233 #mr:67992 #mc:67759 s=3.88547
[m4gb]  P #n:503
[m4gb]  U #b: 837 #cp: 13016 #mr:72677 #mc:67759 s=1.7359
[m4gb]  M #b: 837 #cp: 13016 #mr:72677 #mc:63074 s=0.0192672
[m4gb]  P lcmdegree=4
[m4gb]  P #b: 837 #cp: 12504 #mr:72677 #mc:63074 s=2.12349
[m4gb]  P #n:0
[m4gb]  U #b: 837 #cp: 12504 #mr:72677 #mc:63074 s=6e-07
[m4gb]  M #b: 837 #cp: 12504 #mr:72677 #mc:63074 s=0.0017165
[m4gb]  P lcmdegree=4
[m4gb]  P #b: 837 #cp: 11992 #mr:72677 #mc:63074 s=2.62735
[m4gb]  P #n:220
[m4gb]  U #b:1057 #cp: 16803 #mr:72897 #mc:63074 s=0.867537
[m4gb]  M #b:1057 #cp: 16803 #mr:72897 #mc:62854 s=0.0025966
[m4gb]  P lcmdegree=4
[m4gb]  P #b:1057 #cp: 16291 #mr:72897 #mc:62854 s=3.71976
[m4gb]  P #n:494
[m4gb]  U #b:1551 #cp: 26971 #mr:73391 #mc:62854 s=4.62979
[m4gb]  M #b:1551 #cp: 26971 #mr:73391 #mc:62360 s=0.003478
[m4gb]  P lcmdegree=4
[m4gb]  P #b:1551 #cp: 26459 #mr:73391 #mc:62360 s=6.17845
[m4gb]  P #n:581
[m4gb]  U #b:2018 #cp: 38743 #mr:74322 #mc:62360 s=7.77855
[m4gb]  M #b:2018 #cp: 38743 #mr:74322 #mc:61429 s=0.0236586
[m4gb]  P lcmdegree=4
[m4gb]  P #b:2018 #cp: 38231 #mr:74322 #mc:61429 s=11.2008
[m4gb]  P #n:888
[m4gb]  U #b:2310 #cp: 49596 #mr:77589 #mc:61429 s=30.692
[m4gb]  M #b:2310 #cp: 49596 #mr:77589 #mc:58162 s=0.0175573
[m4gb]  P lcmdegree=4
[m4gb]  P #b:2310 #cp: 49084 #mr:77589 #mc:58162 s=11.7243
[m4gb]  P #n:293
[m4gb]  U #b:2519 #cp: 54388 #mr:78176 #mc:58162 s=5.62694
[m4gb]  M #b:2519 #cp: 54388 #mr:78176 #mc:57575 s=0.016088
[m4gb]  P lcmdegree=4
[m4gb]  P #b:2519 #cp: 53876 #mr:78176 #mc:57575 s=7.26168
[m4gb]  P #n:351
[m4gb]  U #b:2870 #cp: 62311 #mr:78527 #mc:57575 s=8.81617
[m4gb]  M #b:2870 #cp: 62311 #mr:78527 #mc:57224 s=0.0031974
[m4gb]  P lcmdegree=4
[m4gb]  P #b:2870 #cp: 61799 #mr:78527 #mc:57224 s=5.045
[m4gb]  P #n:389
[m4gb]  U #b:3259 #cp: 71846 #mr:78916 #mc:57224 s=10.8349
[m4gb]  M #b:3259 #cp: 71846 #mr:78916 #mc:56835 s=0.0027656
[m4gb]  P lcmdegree=4
[m4gb]  P #b:3259 #cp: 71334 #mr:78916 #mc:56835 s=6.85416
[m4gb]  P #n:251
[m4gb]  U #b:3510 #cp: 77860 #mr:79167 #mc:56835 s=7.83618
[m4gb]  M #b:3510 #cp: 77860 #mr:79167 #mc:56584 s=0.0031191
[m4gb]  P lcmdegree=4
[m4gb]  P #b:3510 #cp: 77348 #mr:79167 #mc:56584 s=5.8553
[m4gb]  P #n:302
[m4gb]  U #b:3812 #cp: 85200 #mr:79469 #mc:56584 s=7.88664
[m4gb]  M #b:3812 #cp: 85200 #mr:79469 #mc:56282 s=0.0033705
[m4gb]  P lcmdegree=4
[m4gb]  P #b:3812 #cp: 84688 #mr:79469 #mc:56282 s=10.6795
[m4gb]  P #n:533
[m4gb]  U #b:3890 #cp: 90471 #mr:81373 #mc:56282 s=28.5527
[m4gb]  M #b:3890 #cp: 90471 #mr:81373 #mc:54378 s=0.0229485
[m4gb]  P lcmdegree=4
[m4gb]  P #b:3890 #cp: 89959 #mr:81373 #mc:54378 s=11.7679
[m4gb]  P #n:189
[m4gb]  U #b:4079 #cp: 95062 #mr:81562 #mc:54378 s=7.25911
[m4gb]  M #b:4079 #cp: 95062 #mr:81562 #mc:54189 s=0.003028
[m4gb]  P lcmdegree=4
[m4gb]  P #b:4079 #cp: 94550 #mr:81562 #mc:54189 s=6.84157
[m4gb]  P #n:0
[m4gb]  U #b:4079 #cp: 94550 #mr:81562 #mc:54189 s=6e-07
[m4gb]  M #b:4079 #cp: 94550 #mr:81562 #mc:54189 s=0.0023247
[m4gb]  P lcmdegree=4
[m4gb]  P #b:4079 #cp: 94038 #mr:81562 #mc:54189 s=1.61361
[m4gb]  P #n:0
[m4gb]  U #b:4079 #cp: 94038 #mr:81562 #mc:54189 s=7e-07
[m4gb]  M #b:4079 #cp: 94038 #mr:81562 #mc:54189 s=0.0022208
[m4gb]  P lcmdegree=4
[m4gb]  P #b:4079 #cp: 93526 #mr:81562 #mc:54189 s=2.06526
[m4gb]  P #n:0
[m4gb]  U #b:4079 #cp: 93526 #mr:81562 #mc:54189 s=7e-07
[m4gb]  M #b:4079 #cp: 93526 #mr:81562 #mc:54189 s=0.001837
[m4gb]  P lcmdegree=4
[m4gb]  P #b:4079 #cp: 93014 #mr:81562 #mc:54189 s=2.64871
[m4gb]  P #n:0
[m4gb]  U #b:4079 #cp: 93014 #mr:81562 #mc:54189 s=8e-07
[m4gb]  M #b:4079 #cp: 93014 #mr:81562 #mc:54189 s=0.00181
[m4gb]  P lcmdegree=4
[m4gb]  P #b:4079 #cp: 92502 #mr:81562 #mc:54189 s=1.47498
[m4gb]  P #n:0
[m4gb]  U #b:4079 #cp: 92502 #mr:81562 #mc:54189 s=5e-07
[m4gb]  M #b:4079 #cp: 92502 #mr:81562 #mc:54189 s=0.0018521
[m4gb]  P lcmdegree=4
[m4gb]  P #b:4079 #cp: 91990 #mr:81562 #mc:54189 s=1.5913
[m4gb]  P #n:0
[m4gb]  U #b:4079 #cp: 91990 #mr:81562 #mc:54189 s=7e-07
[m4gb]  M #b:4079 #cp: 91990 #mr:81562 #mc:54189 s=0.0021788
[m4gb]  P lcmdegree=4
[m4gb]  P #b:4079 #cp: 91478 #mr:81562 #mc:54189 s=1.61076
[m4gb]  P #n:0
[m4gb]  U #b:4079 #cp: 91478 #mr:81562 #mc:54189 s=8e-07
[m4gb]  M #b:4079 #cp: 91478 #mr:81562 #mc:54189 s=0.0018412
[m4gb]  P lcmdegree=4
[m4gb]  P #b:4079 #cp: 90966 #mr:81562 #mc:54189 s=1.49296
[m4gb]  P #n:0
[m4gb]  U #b:4079 #cp: 90966 #mr:81562 #mc:54189 s=9e-07
[m4gb]  M #b:4079 #cp: 90966 #mr:81562 #mc:54189 s=0.0019049
[m4gb]  P lcmdegree=4
[m4gb]  P #b:4079 #cp: 90454 #mr:81562 #mc:54189 s=2.95103
[m4gb]  P #n:0
[m4gb]  U #b:4079 #cp: 90454 #mr:81562 #mc:54189 s=7e-07
[m4gb]  M #b:4079 #cp: 90454 #mr:81562 #mc:54189 s=0.0019724
[m4gb]  P lcmdegree=4
[m4gb]  P #b:4079 #cp: 89942 #mr:81562 #mc:54189 s=3.48444
[m4gb]  P #n:0
[m4gb]  U #b:4079 #cp: 89942 #mr:81562 #mc:54189 s=6e-07
[m4gb]  M #b:4079 #cp: 89942 #mr:81562 #mc:54189 s=0.0017747
[m4gb]  P lcmdegree=4
[m4gb]  P #b:4079 #cp: 89430 #mr:81562 #mc:54189 s=2.72021
[m4gb]  P #n:198
[m4gb]  U #b:4277 #cp: 94766 #mr:81760 #mc:54189 s=8.16799
[m4gb]  M #b:4277 #cp: 94766 #mr:81760 #mc:53991 s=0.0054987
[m4gb]  P lcmdegree=4
[m4gb]  P #b:4277 #cp: 94297 #mr:81760 #mc:53991 s=2.92572
[m4gb]  P #n:0
[m4gb]  U #b:4277 #cp: 94297 #mr:81760 #mc:53991 s=9e-07
[m4gb]  M #b:4277 #cp: 94297 #mr:81760 #mc:53991 s=0.0019417
[m4gb]  P lcmdegree=5
[m4gb]  P #b:4277 #cp: 93785 #mr:978251 #mc:243508 s=25.1227
[m4gb]  P #n:332
[m4gb]  U #b: 407 #cp: 17245 #mr:101748 #mc:53991 s=106.161
[m4gb]  M #b: 407 #cp: 17245 #mr:101748 #mc:15503 s=0.0187398
[m4gb]  P lcmdegree=3
[m4gb]  P #b: 407 #cp: 16733 #mr:101748 #mc:15503 s=0.0652113
[m4gb]  P #n:0
[m4gb]  U #b: 407 #cp: 16733 #mr:101748 #mc:15503 s=0.011415
[m4gb]  M #b: 407 #cp: 16733 #mr:101748 #mc:15503 s=0.0002212
[m4gb]  P lcmdegree=3
[m4gb]  P #b: 407 #cp: 16221 #mr:101748 #mc:15503 s=0.0668257
[m4gb]  P #n:0
[m4gb]  U #b: 407 #cp: 16221 #mr:101748 #mc:15503 s=0.0118115
[m4gb]  M #b: 407 #cp: 16221 #mr:101748 #mc:15503 s=0.0002157
[m4gb]  P lcmdegree=3
[m4gb]  P #b: 407 #cp: 15709 #mr:101748 #mc:15503 s=0.0322496
[m4gb]  P #n:0
[m4gb]  U #b: 407 #cp: 15709 #mr:101748 #mc:15503 s=0.0119062
[m4gb]  M #b: 407 #cp: 15709 #mr:101748 #mc:15503 s=0.0002417
[m4gb]  P lcmdegree=3
[m4gb]  P #b: 407 #cp: 15197 #mr:101748 #mc:15503 s=0.0375959
[m4gb]  P #n:0
[m4gb]  U #b: 407 #cp: 15197 #mr:101748 #mc:15503 s=0.0121918
[m4gb]  M #b: 407 #cp: 15197 #mr:101748 #mc:15503 s=0.0002537
[m4gb]  P lcmdegree=3
[m4gb]  P #b: 407 #cp: 14685 #mr:101748 #mc:15503 s=0.0245716
[m4gb]  P #n:0
[m4gb]  U #b: 407 #cp: 14685 #mr:101748 #mc:15503 s=0.0122611
[m4gb]  M #b: 407 #cp: 14685 #mr:101748 #mc:15503 s=0.0002255
[m4gb]  P lcmdegree=3
[m4gb]  P #b: 407 #cp: 14173 #mr:101748 #mc:15503 s=0.0259723
[m4gb]  P #n:0
[m4gb]  U #b: 407 #cp: 14173 #mr:101748 #mc:15503 s=0.0117881
[m4gb]  M #b: 407 #cp: 14173 #mr:101748 #mc:15503 s=0.0002281
[m4gb]  P lcmdegree=3
[m4gb]  P #b: 407 #cp: 13661 #mr:101748 #mc:15503 s=0.0367173
[m4gb]  P #n:0
[m4gb]  U #b: 407 #cp: 13661 #mr:101748 #mc:15503 s=0.0123689
[m4gb]  M #b: 407 #cp: 13661 #mr:101748 #mc:15503 s=0.0002221
[m4gb]  P lcmdegree=3
[m4gb]  P #b: 407 #cp: 13149 #mr:101748 #mc:15503 s=0.0198271
[m4gb]  P #n:0
[m4gb]  U #b: 407 #cp: 13149 #mr:101748 #mc:15503 s=0.0113155
[m4gb]  M #b: 407 #cp: 13149 #mr:101748 #mc:15503 s=0.0002437
[m4gb]  P lcmdegree=3
[m4gb]  P #b: 407 #cp: 13135 #mr:101748 #mc:15503 s=0.016198
[m4gb]  P #n:0
[m4gb]  U #b: 407 #cp: 13135 #mr:101748 #mc:15503 s=0.0123969
[m4gb]  M #b: 407 #cp: 13135 #mr:101748 #mc:15503 s=0.0003643
[m4gb]  P lcmdegree=4
[m4gb]  P #b: 407 #cp: 12623 #mr:120248 #mc:15503 s=0.0697727
[m4gb]  P #n:0
[m4gb]  U #b: 407 #cp: 12623 #mr:101748 #mc:15503 s=0.0151728
[m4gb]  M #b: 407 #cp: 12623 #mr:101748 #mc:15503 s=0.0001921
[m4gb]  P lcmdegree=4
[m4gb]  P #b: 407 #cp: 12111 #mr:120248 #mc:15503 s=0.0906802
[m4gb]  P #n:0
[m4gb]  U #b: 407 #cp: 12111 #mr:101748 #mc:15503 s=0.0177659
[m4gb]  M #b: 407 #cp: 12111 #mr:101748 #mc:15503 s=0.0002159
[m4gb]  P lcmdegree=4
[m4gb]  P #b: 407 #cp: 11599 #mr:120248 #mc:15503 s=0.0950448
[m4gb]  P #n:0
[m4gb]  U #b: 407 #cp: 11599 #mr:101748 #mc:15503 s=0.0193165
[m4gb]  M #b: 407 #cp: 11599 #mr:101748 #mc:15503 s=0.0002518
[m4gb]  P lcmdegree=4
[m4gb]  P #b: 407 #cp: 11087 #mr:120248 #mc:15503 s=0.0889539
[m4gb]  P #n:0
[m4gb]  U #b: 407 #cp: 11087 #mr:101748 #mc:15503 s=0.0145534
[m4gb]  M #b: 407 #cp: 11087 #mr:101748 #mc:15503 s=0.0002308
[m4gb]  P lcmdegree=4
[m4gb]  P #b: 407 #cp: 10575 #mr:120248 #mc:15503 s=0.0817401
[m4gb]  P #n:0
[m4gb]  U #b: 407 #cp: 10575 #mr:101748 #mc:15503 s=0.0152141
[m4gb]  M #b: 407 #cp: 10575 #mr:101748 #mc:15503 s=0.0002187
[m4gb]  P lcmdegree=4
[m4gb]  P #b: 407 #cp: 10063 #mr:120248 #mc:15503 s=0.0947726
[m4gb]  P #n:0
[m4gb]  U #b: 407 #cp: 10063 #mr:101748 #mc:15503 s=0.0150442
[m4gb]  M #b: 407 #cp: 10063 #mr:101748 #mc:15503 s=0.0011483
[m4gb]  P lcmdegree=4
[m4gb]  P #b: 407 #cp:  9551 #mr:120248 #mc:15503 s=0.0644161
[m4gb]  P #n:0
[m4gb]  U #b: 407 #cp:  9551 #mr:101748 #mc:15503 s=0.01745
[m4gb]  M #b: 407 #cp:  9551 #mr:101748 #mc:15503 s=0.0002164
[m4gb]  P lcmdegree=4
[m4gb]  P #b: 407 #cp:  9039 #mr:120248 #mc:15503 s=0.0915112
[m4gb]  P #n:0
[m4gb]  U #b: 407 #cp:  9039 #mr:101748 #mc:15503 s=0.0156904
[m4gb]  M #b: 407 #cp:  9039 #mr:101748 #mc:15503 s=0.0030634
[m4gb]  P lcmdegree=4
[m4gb]  P #b: 407 #cp:  8527 #mr:120248 #mc:15503 s=0.0843333
[m4gb]  P #n:0
[m4gb]  U #b: 407 #cp:  8527 #mr:101748 #mc:15503 s=0.0151098
[m4gb]  M #b: 407 #cp:  8527 #mr:101748 #mc:15503 s=0.0002597
[m4gb]  P lcmdegree=4
[m4gb]  P #b: 407 #cp:  8015 #mr:120248 #mc:15503 s=0.0725863
[m4gb]  P #n:0
[m4gb]  U #b: 407 #cp:  8015 #mr:101748 #mc:15503 s=0.0152509
[m4gb]  M #b: 407 #cp:  8015 #mr:101748 #mc:15503 s=0.0002306
[m4gb]  P lcmdegree=4
[m4gb]  P #b: 407 #cp:  7503 #mr:120248 #mc:15503 s=0.0822652
[m4gb]  P #n:0
[m4gb]  U #b: 407 #cp:  7503 #mr:101748 #mc:15503 s=0.0149259
[m4gb]  M #b: 407 #cp:  7503 #mr:101748 #mc:15503 s=0.0002415
[m4gb]  P lcmdegree=4
[m4gb]  P #b: 407 #cp:  6991 #mr:120248 #mc:15503 s=0.0794708
[m4gb]  P #n:0
[m4gb]  U #b: 407 #cp:  6991 #mr:101748 #mc:15503 s=0.0148826
[m4gb]  M #b: 407 #cp:  6991 #mr:101748 #mc:15503 s=0.0002171
[m4gb]  P lcmdegree=4
[m4gb]  P #b: 407 #cp:  6479 #mr:120248 #mc:15503 s=0.0771253
[m4gb]  P #n:0
[m4gb]  U #b: 407 #cp:  6479 #mr:101748 #mc:15503 s=0.0145623
[m4gb]  M #b: 407 #cp:  6479 #mr:101748 #mc:15503 s=0.0002434
[m4gb]  P lcmdegree=4
[m4gb]  P #b: 407 #cp:  5967 #mr:120248 #mc:15503 s=0.0842113
[m4gb]  P #n:0
[m4gb]  U #b: 407 #cp:  5967 #mr:101748 #mc:15503 s=0.0147762
[m4gb]  M #b: 407 #cp:  5967 #mr:101748 #mc:15503 s=0.0002294
[m4gb]  P lcmdegree=4
[m4gb]  P #b: 407 #cp:  5455 #mr:120248 #mc:15503 s=0.082574
[m4gb]  P #n:0
[m4gb]  U #b: 407 #cp:  5455 #mr:101748 #mc:15503 s=0.0148474
[m4gb]  M #b: 407 #cp:  5455 #mr:101748 #mc:15503 s=0.0002365
[m4gb]  P lcmdegree=4
[m4gb]  P #b: 407 #cp:  4943 #mr:120248 #mc:15503 s=0.101369
[m4gb]  P #n:0
[m4gb]  U #b: 407 #cp:  4943 #mr:101748 #mc:15503 s=0.0146998
[m4gb]  M #b: 407 #cp:  4943 #mr:101748 #mc:15503 s=0.0002251
[m4gb]  P lcmdegree=4
[m4gb]  P #b: 407 #cp:  4431 #mr:120248 #mc:15503 s=0.0866194
[m4gb]  P #n:0
[m4gb]  U #b: 407 #cp:  4431 #mr:101748 #mc:15503 s=0.0147208
[m4gb]  M #b: 407 #cp:  4431 #mr:101748 #mc:15503 s=0.0002336
[m4gb]  P lcmdegree=4
[m4gb]  P #b: 407 #cp:  3919 #mr:120248 #mc:15503 s=0.0643645
[m4gb]  P #n:0
[m4gb]  U #b: 407 #cp:  3919 #mr:101748 #mc:15503 s=0.0149528
[m4gb]  M #b: 407 #cp:  3919 #mr:101748 #mc:15503 s=0.0002193
[m4gb]  P lcmdegree=4
[m4gb]  P #b: 407 #cp:  3407 #mr:120248 #mc:15503 s=0.0858518
[m4gb]  P #n:0
[m4gb]  U #b: 407 #cp:  3407 #mr:101748 #mc:15503 s=0.0152553
[m4gb]  M #b: 407 #cp:  3407 #mr:101748 #mc:15503 s=0.0002228
[m4gb]  P lcmdegree=4
[m4gb]  P #b: 407 #cp:  2895 #mr:120248 #mc:15503 s=0.090399
[m4gb]  P #n:0
[m4gb]  U #b: 407 #cp:  2895 #mr:101748 #mc:15503 s=0.0182111
[m4gb]  M #b: 407 #cp:  2895 #mr:101748 #mc:15503 s=0.000221
[m4gb]  P lcmdegree=4
[m4gb]  P #b: 407 #cp:  2383 #mr:120248 #mc:15503 s=0.0684175
[m4gb]  P #n:0
[m4gb]  U #b: 407 #cp:  2383 #mr:101748 #mc:15503 s=0.0145943
[m4gb]  M #b: 407 #cp:  2383 #mr:101748 #mc:15503 s=0.0002227
[m4gb]  P lcmdegree=4
[m4gb]  P #b: 407 #cp:  1871 #mr:120248 #mc:15503 s=0.0774373
[m4gb]  P #n:0
[m4gb]  U #b: 407 #cp:  1871 #mr:101748 #mc:15503 s=0.0282671
[m4gb]  M #b: 407 #cp:  1871 #mr:101748 #mc:15503 s=0.0002131
[m4gb]  P lcmdegree=4
[m4gb]  P #b: 407 #cp:  1359 #mr:120248 #mc:15503 s=0.0942567
[m4gb]  P #n:0
[m4gb]  U #b: 407 #cp:  1359 #mr:101748 #mc:15503 s=0.0158131
[m4gb]  M #b: 407 #cp:  1359 #mr:101748 #mc:15503 s=0.000225
[m4gb]  P lcmdegree=4
[m4gb]  P #b: 407 #cp:   847 #mr:120248 #mc:15503 s=0.0897875
[m4gb]  P #n:0
[m4gb]  U #b: 407 #cp:   847 #mr:101748 #mc:15503 s=0.0147907
[m4gb]  M #b: 407 #cp:   847 #mr:101748 #mc:15503 s=0.000204
[m4gb]  P lcmdegree=4
[m4gb]  P #b: 407 #cp:   335 #mr:120248 #mc:15503 s=0.113711
[m4gb]  P #n:0
[m4gb]  U #b: 407 #cp:   335 #mr:101748 #mc:15503 s=0.0150066
[m4gb]  M #b: 407 #cp:   335 #mr:101748 #mc:15503 s=0.0002211
[m4gb]  P lcmdegree=4
[m4gb]  P #b: 407 #cp:     0 #mr:120248 #mc:15503 s=0.0928581
[m4gb]  P #n:0
[m4gb]  upper_bound = 135751 = X39^5
[m4gb]  total update time   : 237.481s
[m4gb]  total matrix time   : 0.183059s
[m4gb]  total selection time: 148.084s
[m4gb]  total time          : 385.748s
X0 + X2 + X6 + X7 + X8 + X10 + X12 + X15 + X17 + X19 + X22 + X24 + X26 + 1
^2 + 
^2 + 
^2 + 
^2 + 
^2 + 
^2 + 
^2 + 
^2 + 
^2 + 
^2 + 
^2 + 
^2 + 
X27^2 + X27
X26^2 + X26
X25^2 + X25
X24^2 + X24
X24*X16 + X24*X17 + X24*X18 + X24*X21 + X24*X22 + X25*X1 + X25*X3 + X25*X5 + X25*X7 + X25*X8 + X25*X9 + X25*X14 + X25*X16 + X25*X18 + X25*X21 + X26*X1 + X26*X4 + X26*X7 + X26*X8 + X26*X9 + X26*X10 + X26*X11 + X26*X12 + X26*X15 + X26*X17 + X26*X18 + X26*X22 + X26*X24 + X27*X2 + X27*X3 + X27*X7 + X27*X11 + X27*X15 + X27*X16 + X27*X19 + X27*X22 + X27*X25 + X1 + X3 + X4 + X6 + X7 + X10 + X11 + X12 + X13 + X14 + X15 + X17 + X18 + X20 + X23 + X25 + 1
X24*X13 + X24*X15 + X24*X17 + X24*X18 + X24*X21 + X24*X23 + X25*X1 + X25*X2 + X25*X3 + X25*X4 + X25*X6 + X25*X7 + X25*X8 + X25*X11 + X25*X14 + X25*X15 + X25*X16 + X25*X17 + X25*X18 + X25*X19 + X26*X4 + X26*X5 + X26*X6 + X26*X9 + X26*X14 + X26*X15 + X26*X18 + X26*X21 + X26*X23 + X26*X24 + X26*X25 + X27*X2 + X27*X3 + X27*X4 + X27*X5 + X27*X6 + X27*X7 + X27*X8 + X27*X9 + X27*X10 + X27*X12 + X27*X13 + X27*X14 + X27*X15 + X27*X16 + X27*X20 + X27*X22 + X27*X24 + X27*X25 + X27*X26 + X1 + X2 + X3 + X6 + X8 + X9 + X11 + X12 + X13 + X14 + X18 + X21 + X26 + X27
X24*X12 + X24*X14 + X24*X17 + X24*X18 + X24*X19 + X24*X20 + X24*X22 + X25*X1 + X25*X2 + X25*X5 + X25*X10 + X25*X11 + X25*X14 + X25*X15 + X25*X16 + X25*X17 + X25*X18 + X25*X19 + X25*X23 + X26*X3 + X26*X5 + X26*X6 + X26*X8 + X26*X10 + X26*X14 + X26*X18 + X26*X21 + X26*X22 + X26*X24 + X26*X25 + X27*X2 + X27*X3 + X27*X4 + X27*X5 + X27*X6 + X27*X9 + X27*X10 + X27*X12 + X27*X13 + X27*X14 + X27*X16 + X27*X18 + X27*X19 + X27*X21 + X27*X23 + X27*X24 + X27*X25 + X1 + X2 + X3 + X4 + X5 + X7 + X8 + X10 + X11 + X13 + X14 + X15 + X19 + X21 + X23 + X24 + X26 + X27
X24*X11 + X24*X15 + X24*X17 + X24*X19 + X24*X21 + X24*X22 + X25*X3 + X25*X5 + X25*X6 + X25*X7 + X25*X8 + X25*X9 + X25*X10 + X25*X11 + X25*X12 + X25*X14 + X25*X15 + X25*X16 + X25*X18 + X25*X22 + X25*X23 + X26*X3 + X26*X6 + X26*X11 + X26*X13 + X26*X16 + X26*X17 + X26*X20 + X27*X3 + X27*X4 + X27*X5 + X27*X6 + X27*X7 + X27*X8 + X27*X9 + X27*X10 + X27*X12 + X27*X15 + X27*X16 + X27*X19 + X27*X20 + X27*X21 + X27*X23 + X27*X24 + X1 + X4 + X5 + X9 + X11 + X12 + X14 + X15 + X16 + X20 + X21 + X22 + X24 + X25 + X26 + X27 + 1
X24*X10 + X24*X14 + X24*X21 + X24*X22 + X25*X1 + X25*X2 + X25*X4 + X25*X5 + X25*X11 + X25*X12 + X25*X13 + X25*X15 + X25*X16 + X25*X17 + X25*X20 + X25*X21 + X25*X23 + X25*X24 + X26*X2 + X26*X3 + X26*X6 + X26*X7 + X26*X13 + X26*X14 + X26*X15 + X26*X16 + X26*X18 + X26*X19 + X26*X22 + X26*X23 + X27*X1 + X27*X5 + X27*X6 + X27*X9 + X27*X14 + X27*X15 + X27*X16 + X27*X19 + X27*X20 + X27*X22 + X27*X23 + X27*X25 + X27*X26 + X3 + X4 + X6 + X8 + X12 + X13 + X14 + X15 + X16 + X17 + X18 + X19 + X21 + X22
X24*X9 + X24*X19 + X24*X20 + X24*X23 + X25*X3 + X25*X4 + X25*X5 + X25*X8 + X25*X9 + X25*X10 + X25*X11 + X25*X12 + X25*X14 + X25*X15 + X25*X16 + X25*X17 + X25*X22 + X25*X23 + X25*X24 + X26*X2 + X26*X4 + X26*X8 + X26*X11 + X26*X13 + X26*X14 + X26*X15 + X26*X16 + X26*X17 + X26*X18 + X26*X19 + X26*X20 + X26*X21 + X26*X22 + X26*X23 + X26*X24 + X27*X3 + X27*X5 + X27*X6 + X27*X7 + X27*X8 + X27*X9 + X27*X13 + X27*X16 + X27*X17 + X27*X19 + X27*X20 + X27*X22 + X27*X24 + X27*X25 + X1 + X3 + X4 + X7 + X8 + X10 + X11 + X12 + X15 + X19 + X22 + X23 + X24 + X25 + 1
X24*X8 + X24*X18 + X24*X19 + X24*X22 + X25*X4 + X25*X5 + X25*X12 + X25*X13 + X25*X14 + X25*X15 + X25*X20 + X25*X22 + X25*X24 + X26*X1 + X26*X2 + X26*X3 + X26*X4 + X26*X6 + X26*X7 + X26*X8 + X26*X9 + X26*X11 + X26*X14 + X26*X16 + X26*X17 + X26*X18 + X26*X20 + X26*X22 + X26*X24 + X27*X1 + X27*X2 + X27*X3 + X27*X5 + X27*X7 + X27*X8 + X27*X9 + X27*X10 + X27*X11 + X27*X13 + X27*X15 + X27*X18 + X27*X19 + X27*X20 + X27*X24 + X27*X25 + X1 + X2 + X6 + X9 + X12 + X14 + X15 + X17 + X18 + X19 + X22 + X26 + X27
X24*X7 + X24*X15 + X24*X17 + X24*X22 + X25*X2 + X25*X3 + X25*X5 + X25*X6 + X25*X7 + X25*X10 + X25*X13 + X25*X14 + X25*X16 + X25*X17 + X25*X18 + X25*X21 + X25*X22 + X25*X24 + X26*X1 + X26*X2 + X26*X5 + X26*X10 + X26*X12 + X26*X14 + X26*X16 + X26*X17 + X26*X20 + X26*X23 + X26*X24 + X26*X25 + X27*X1 + X27*X4 + X27*X5 + X27*X8 + X27*X9 + X27*X10 + X27*X15 + X27*X17 + X27*X20 + X27*X21 + X27*X22 + X27*X25 + X4 + X7 + X9 + X10 + X11 + X16 + X17 + X18 + X19 + X20 + X22 + X23 + X26 + X27 + 1
X24*X6 + X24*X14 + X24*X15 + X24*X17 + X24*X18 + X24*X20 + X24*X22 + X25*X2 + X25*X9 + X25*X10 + X25*X14 + X25*X15 + X25*X16 + X25*X20 + X25*X22 + X25*X24 + X26*X1 + X26*X7 + X26*X9 + X26*X10 + X26*X12 + X26*X14 + X26*X15 + X26*X18 + X26*X19 + X26*X20 + X26*X24 + X26*X25 + X27*X5 + X27*X8 + X27*X9 + X27*X10 + X27*X11 + X27*X15 + X27*X17 + X27*X19 + X27*X20 + X27*X23 + X27*X24 + X1 + X3 + X11 + X13 + X14 + X15 + X16 + X17 + X19 + X20 + X21 + X23 + X24 + 1
X24*X5 + X24*X14 + X24*X17 + X24*X18 + X24*X21 + X24*X23 + X25*X6 + X25*X8 + X25*X9 + X25*X10 + X25*X11 + X25*X13 + X25*X16 + X25*X17 + X25*X18 + X25*X19 + X25*X20 + X25*X21 + X26*X1 + X26*X5 + X26*X8 + X26*X9 + X26*X10 + X26*X15 + X26*X17 + X26*X20 + X26*X21 + X26*X23 + X26*X24 + X26*X25 + X27*X2 + X27*X3 + X27*X6 + X27*X7 + X27*X11 + X27*X12 + X27*X17 + X27*X19 + X27*X24 + X1 + X2 + X4 + X5 + X6 + X7 + X11 + X12 + X13 + X16 + X17 + X18 + X19 + X20 + X21 + X22 + X23 + X24 + X25 + X26 + X27
X24*X4 + X24*X18 + X24*X19 + X24*X20 + X24*X22 + X25*X3 + X25*X5 + X25*X6 + X25*X8 + X25*X10 + X25*X12 + X25*X15 + X25*X19 + X25*X24 + X26*X3 + X26*X4 + X26*X5 + X26*X7 + X26*X10 + X26*X15 + X26*X16 + X26*X18 + X26*X19 + X26*X23 + X26*X25 + X27*X2 + X27*X3 + X27*X4 + X27*X9 + X27*X11 + X27*X12 + X27*X15 + X27*X16 + X27*X17 + X27*X18 + X27*X24 + X27*X26 + X3 + X8 + X9 + X10 + X11 + X14 + X15 + X16 + X18 + X21 + X23 + X25 + X27 + 1
X24*X3 + X24*X15 + X24*X19 + X24*X22 + X24*X23 + X25*X3 + X25*X4 + X25*X5 + X25*X7 + X25*X9 + X25*X10 + X25*X11 + X25*X12 + X25*X14 + X25*X17 + X25*X21 + X25*X22 + X25*X23 + X25*X24 + X26*X1 + X26*X2 + X26*X4 + X26*X9 + X26*X11 + X26*X12 + X26*X18 + X26*X19 + X26*X22 + X26*X24 + X27*X2 + X27*X4 + X27*X5 + X27*X7 + X27*X8 + X27*X9 + X27*X10 + X27*X11 + X27*X12 + X27*X15 + X27*X17 + X27*X18 + X27*X19 + X27*X23 + X27*X24 + X27*X26 + X2 + X3 + X4 + X5 + X6 + X7 + X8 + X10 + X13 + X15 + X20
X24*X2 + X24*X14 + X24*X15 + X24*X19 + X24*X22 + X25*X1 + X25*X7 + X25*X9 + X25*X11 + X25*X12 + X25*X13 + X25*X14 + X25*X15 + X25*X16 + X25*X17 + X25*X18 + X26*X1 + X26*X2 + X26*X8 + X26*X9 + X26*X10 + X26*X11 + X26*X13 + X26*X14 + X26*X18 + X26*X19 + X26*X20 + X26*X22 + X26*X23 + X26*X25 + X27*X1 + X27*X3 + X27*X8 + X27*X11 + X27*X12 + X27*X14 + X27*X15 + X27*X16 + X27*X17 + X27*X18 + X27*X20 + X27*X21 + X27*X22 + X27*X23 + X2 + X3 + X5 + X7 + X9 + X10 + X11 + X12 + X13 + X20 + X22 + X24 + X25 + X26 + 1
X24*X1 + X24*X14 + X24*X15 + X24*X17 + X24*X18 + X24*X19 + X24*X21 + X25*X1 + X25*X3 + X25*X8 + X25*X9 + X25*X10 + X25*X11 + X25*X16 + X25*X18 + X25*X19 + X25*X21 + X25*X23 + X25*X24 + X26*X1 + X26*X2 + X26*X3 + X26*X5 + X26*X7 + X26*X10 + X26*X11 + X26*X14 + X26*X16 + X26*X22 + X26*X23 + X26*X24 + X26*X25 + X27*X1 + X27*X3 + X27*X5 + X27*X7 + X27*X11 + X27*X12 + X27*X13 + X27*X16 + X27*X17 + X27*X18 + X27*X19 + X27*X21 + X27*X22 + X27*X23 + X27*X26 + X3 + X5 + X6 + X8 + X9 + X10 + X12 + X16 + X17 + X19 + X21 + X22 + X24 + X25 + X27
X23^2 + X23
X23*X22 + X24*X15 + X24*X17 + X24*X18 + X24*X20 + X24*X22 + X25*X1 + X25*X2 + X25*X3 + X25*X4 + X25*X5 + X25*X8 + X25*X9 + X25*X12 + X25*X14 + X25*X18 + X25*X19 + X25*X20 + X25*X21 + X25*X24 + X26*X1 + X26*X5 + X26*X6 + X26*X9 + X26*X10 + X26*X11 + X26*X13 + X26*X16 + X26*X18 + X26*X19 + X26*X20 + X26*X21 + X26*X22 + X26*X23 + X26*X24 + X26*X25 + X27*X2 + X27*X4 + X27*X5 + X27*X6 + X27*X8 + X27*X14 + X27*X15 + X27*X18 + X27*X20 + X27*X21 + X27*X22 + X27*X25 + X27*X26 + X2 + X6 + X7 + X9 + X10 + X11 + X13 + X17 + X20 + X21 + X23 + X25 + X27 + 1
X23*X21 + X24*X18 + X24*X22 + X25*X2 + X25*X3 + X25*X4 + X25*X6 + X25*X9 + X25*X10 + X25*X18 + X25*X20 + X25*X21 + X25*X23 + X26*X2 + X26*X5 + X26*X6 + X26*X7 + X26*X8 + X26*X9 + X26*X12 + X26*X13 + X26*X18 + X26*X20 + X27*X3 + X27*X5 + X27*X6 + X27*X7 + X27*X9 + X27*X11 + X27*X12 + X27*X14 + X27*X15 + X27*X16 + X27*X17 + X27*X23 + X27*X25 + X27*X26 + X3 + X4 + X5 + X6 + X7 + X8 + X9 + X11 + X12 + X13 + X14 + X15 + X16 + X18 + X19 + X20 + X22 + X25 + X26 + 1
X23*X20 + X24*X14 + X24*X17 + X24*X18 + X24*X19 + X24*X20 + X24*X23 + X25*X1 + X25*X2 + X25*X5 + X25*X8 + X25*X10 + X25*X11 + X25*X12 + X25*X16 + X25*X17 + X25*X20 + X25*X24 + X26*X1 + X26*X2 + X26*X5 + X26*X6 + X26*X11 + X26*X12 + X26*X13 + X26*X18 + X26*X21 + X26*X23 + X26*X25 + X27*X2 + X27*X3 + X27*X5 + X27*X6 + X27*X7 + X27*X8 + X27*X10 + X27*X11 + X27*X13 + X27*X15 + X27*X16 + X27*X19 + X27*X20 + X27*X24 + X27*X25 + X27*X26 + X1 + X4 + X5 + X6 + X7 + X8 + X10 + X16 + X17 + X18 + X20 + X22 + X23 + X25 + X26
X23*X19 + X24*X14 + X24*X15 + X24*X18 + X24*X19 + X24*X20 + X24*X21 + X24*X22 + X25*X3 + X25*X5 + X25*X6 + X25*X12 + X25*X16 + X25*X19 + X25*X20 + X25*X21 + X25*X22 + X25*X24 + X26*X2 + X26*X3 + X26*X4 + X26*X6 + X26*X7 + X26*X9 + X26*X12 + X26*X14 + X26*X15 + X26*X16 + X26*X19 + X26*X21 + X26*X22 + X26*X24 + X26*X25 + X27*X1 + X27*X2 + X27*X3 + X27*X8 + X27*X9 + X27*X14 + X27*X17 + X27*X18 + X27*X19 + X27*X20 + X27*X23 + X27*X24 + X1 + X5 + X7 + X8 + X14 + X15 + X17 + X21 + X23 + X24
X23*X18 + X24*X19 + X24*X23 + X25*X1 + X25*X3 + X25*X4 + X25*X5 + X25*X6 + X25*X7 + X25*X10 + X25*X12 + X25*X13 + X25*X14 + X25*X16 + X25*X17 + X25*X24 + X26*X3 + X26*X4 + X26*X5 + X26*X6 + X26*X8 + X26*X11 + X26*X12 + X26*X13 + X26*X14 + X26*X17 + X26*X18 + X26*X23 + X26*X25 + X27*X3 + X27*X4 + X27*X5 + X27*X7 + X27*X18 + X27*X22 + X27*X23 + X27*X26 + X1 + X4 + X7 + X8 + X9 + X15 + X17 + X20 + X21 + X25 + X27
X23*X17 + X24*X14 + X24*X15 + X24*X17 + X24*X22 + X24*X23 + X25*X1 + X25*X2 + X25*X3 + X25*X4 + X25*X9 + X25*X10 + X25*X12 + X25*X13 + X25*X14 + X25*X17 + X26*X2 + X26*X5 + X26*X6 + X26*X7 + X26*X8 + X26*X9 + X26*X13 + X26*X14 + X26*X19 + X26*X21 + X26*X22 + X26*X25 + X27*X1 + X27*X4 + X27*X5 + X27*X6 + X27*X10 + X27*X13 + X27*X14 + X27*X17 + X1 + X2 + X3 + X7 + X8 + X9 + X11 + X13 + X17 + X18 + X20 + X21 + X22 + X23 + X27
X23*X16 + X24*X14 + X24*X21 + X25*X5 + X25*X11 + X25*X12 + X25*X13 + X25*X17 + X25*X19 + X25*X21 + X25*X22 + X26*X1 + X26*X2 + X26*X6 + X26*X7 + X26*X8 + X26*X9 + X26*X13 + X26*X17 + X26*X18 + X26*X19 + X26*X20 + X26*X21 + X26*X22 + X26*X24 + X26*X25 + X27*X2 + X27*X4 + X27*X5 + X27*X6 + X27*X8 + X27*X13 + X27*X15 + X27*X22 + X27*X24 + X27*X25 + X1 + X2 + X4 + X5 + X6 + X7 + X10 + X12 + X14 + X15 + X16 + X17 + X19 + X23 + X25
X23*X15 + X24*X14 + X24*X15 + X24*X18 + X24*X22 + X25*X4 + X25*X9 + X25*X10 + X25*X11 + X25*X14 + X25*X16 + X25*X23 + X25*X24 + X26*X1 + X26*X3 + X26*X5 + X26*X6 + X26*X8 + X26*X10 + X26*X12 + X26*X16 + X26*X17 + X26*X19 + X26*X21 + X26*X22 + X26*X23 + X26*X25 + X27*X2 + X27*X4 + X27*X5 + X27*X8 + X27*X9 + X27*X11 + X27*X14 + X27*X15 + X27*X16 + X27*X23 + X27*X25 + X27*X26 + X2 + X3 + X4 + X10 + X11 + X14 + X15 + X17 + X20 + X22 + X23 + X24 + X26 + X27
X23*X14 + X24*X14 + X24*X15 + X24*X18 + X24*X19 + X24*X20 + X24*X23 + X25*X1 + X25*X2 + X25*X4 + X25*X8 + X25*X11 + X25*X12 + X25*X14 + X25*X17 + X25*X18 + X25*X20 + X25*X21 + X25*X22 + X25*X24 + X26*X1 + X26*X3 + X26*X4 + X26*X5 + X26*X7 + X26*X8 + X26*X12 + X26*X14 + X26*X15 + X26*X16 + X26*X18 + X26*X19 + X26*X22 + X26*X24 + X27*X1 + X27*X2 + X27*X3 + X27*X4 + X27*X5 + X27*X6 + X27*X10 + X27*X11 + X27*X15 + X27*X16 + X27*X17 + X27*X18 + X27*X20 + X27*X21 + X27*X22 + X27*X24 + X27*X26 + X1 + X2 + X3 + X5 + X7 + X8 + X9 + X10 + X11 + X12 + X14 + X18 + X22 + X23 + X24 + X25 + X26 + 1
X23*X13 + X24*X14 + X24*X15 + X24*X18 + X24*X20 + X24*X21 + X25*X2 + X25*X3 + X25*X4 + X25*X5 + X25*X8 + X25*X10 + X25*X11 + X25*X12 + X25*X13 + X25*X15 + X25*X17 + X25*X18 + X25*X19 + X25*X21 + X25*X22 + X25*X24 + X26*X1 + X26*X2 + X26*X3 + X26*X4 + X26*X5 + X26*X9 + X26*X13 + X26*X14 + X26*X17 + X26*X18 + X26*X19 + X26*X21 + X26*X22 + X26*X23 + X27*X2 + X27*X5 + X27*X7 + X27*X11 + X27*X14 + X27*X16 + X27*X19 + X27*X20 + X27*X21 + X27*X22 + X27*X23 + X27*X26 + X3 + X4 + X8 + X9 + X10 + X11 + X12 + X15 + X16 + X18 + X22 + X23 + X26 + X27
X23*X12 + X24*X14 + X24*X15 + X24*X18 + X24*X20 + X24*X21 + X24*X22 + X25*X6 + X25*X7 + X25*X8 + X25*X12 + X25*X14 + X25*X16 + X25*X19 + X25*X21 + X26*X1 + X26*X4 + X26*X8 + X26*X10 + X26*X11 + X26*X14 + X26*X16 + X26*X17 + X26*X20 + X26*X21 + X27*X2 + X27*X8 + X27*X10 + X27*X11 + X27*X12 + X27*X13 + X27*X14 + X27*X18 + X27*X19 + X27*X21 + X27*X24 + X27*X26 + X2 + X6 + X9 + X11 + X12 + X14 + X15 + X17 + X18 + X19 + X20 + X21 + X22 + X24
X23*X11 + X24*X17 + X24*X18 + X24*X20 + X24*X22 + X24*X23 + X25*X2 + X25*X3 + X25*X6 + X25*X7 + X25*X9 + X25*X10 + X25*X11 + X25*X12 + X25*X13 + X25*X15 + X25*X17 + X25*X19 + X25*X21 + X25*X23 + X26*X1 + X26*X3 + X26*X4 + X26*X8 + X26*X9 + X26*X10 + X26*X14 + X26*X15 + X26*X17 + X26*X18 + X26*X21 + X26*X22 + X26*X23 + X26*X25 + X27*X2 + X27*X4 + X27*X8 + X27*X9 + X27*X10 + X27*X18 + X27*X20 + X27*X25 + X3 + X6 + X7 + X8 + X9 + X11 + X16 + X17 + X18 + X19 + X20 + X26 + 1
X23*X10 + X24*X14 + X24*X18 + X24*X19 + X24*X21 + X24*X23 + X25*X7 + X25*X9 + X25*X11 + X25*X13 + X25*X14 + X25*X15 + X25*X16 + X25*X18 + X26*X8 + X26*X9 + X26*X10 + X26*X11 + X26*X12 + X26*X13 + X26*X14 + X26*X16 + X26*X17 + X26*X18 + X26*X22 + X27*X1 + X27*X2 + X27*X3 + X27*X9 + X27*X11 + X27*X12 + X27*X14 + X27*X15 + X27*X16 + X27*X17 + X27*X20 + X1 + X2 + X6 + X7 + X10 + X11 + X12 + X13 + X15 + X16 + X18 + X21 + X22 + X24 + X25 + X26 + X27 + 1
X23*X9 + X24*X20 + X24*X22 + X25*X3 + X25*X5 + X25*X6 + X25*X9 + X25*X10 + X25*X11 + X25*X14 + X25*X16 + X25*X18 + X25*X19 + X25*X20 + X25*X21 + X25*X22 + X25*X23 + X25*X24 + X26*X3 + X26*X4 + X26*X5 + X26*X7 + X26*X10 + X26*X11 + X26*X12 + X26*X13 + X26*X18 + X26*X21 + X26*X22 + X26*X24 + X27*X2 + X27*X4 + X27*X6 + X27*X7 + X27*X10 + X27*X15 + X27*X16 + X27*X17 + X27*X18 + X27*X19 + X27*X22 + X27*X24 + X27*X26 + X1 + X2 + X4 + X9 + X10 + X11 + X12 + X14 + X16 + X17 + X19 + X20 + X22 + X23 + X25 + X26 + X27
X23*X8 + X24*X14 + X24*X15 + X24*X18 + X24*X19 + X24*X21 + X24*X22 + X25*X1 + X25*X2 + X25*X3 + X25*X4 + X25*X5 + X25*X6 + X25*X7 + X25*X11 + X25*X14 + X25*X16 + X25*X18 + X25*X19 + X25*X20 + X25*X21 + X25*X22 + X25*X23 + X25*X24 + X26*X2 + X26*X3 + X26*X7 + X26*X11 + X26*X12 + X26*X13 + X26*X15 + X26*X18 + X26*X19 + X26*X20 + X26*X21 + X26*X24 + X27*X2 + X27*X3 + X27*X4 + X27*X5 + X27*X7 + X27*X8 + X27*X11 + X27*X14 + X27*X15 + X27*X16 + X27*X18 + X27*X20 + X27*X21 + X27*X23 + X27*X24 + X27*X25 + X1 + X8 + X10 + X11 + X13 + X14 + X16 + X17 + X18 + X21 + X24 + X26 + 1
X23*X7 + X24*X14 + X24*X17 + X24*X19 + X24*X21 + X24*X22 + X24*X23 + X25*X1 + X25*X3 + X25*X5 + X25*X6 + X25*X7 + X25*X8 + X25*X9 + X25*X10 + X25*X11 + X25*X14 + X25*X17 + X25*X19 + X25*X20 + X25*X21 + X25*X22 + X26*X2 + X26*X4 + X26*X8 + X26*X10 + X26*X12 + X26*X13 + X26*X15 + X26*X16 + X26*X17 + X26*X21 + X26*X23 + X26*X25 + X27*X1 + X27*X2 + X27*X4 + X27*X5 + X27*X6 + X27*X8 + X27*X10 + X27*X16 + X27*X20 + X27*X24 + X5 + X7 + X8 + X9 + X10 + X11 + X12 + X13 + X16 + X24 + X25 + X27 + 1
X23*X6 + X24*X14 + X24*X18 + X24*X19 + X24*X21 + X24*X23 + X25*X1 + X25*X3 + X25*X4 + X25*X5 + X25*X6 + X25*X7 + X25*X8 + X25*X9 + X25*X11 + X25*X12 + X25*X14 + X25*X15 + X25*X16 + X25*X20 + X25*X22 + X25*X24 + X26*X1 + X26*X2 + X26*X3 + X26*X4 + X26*X6 + X26*X8 + X26*X10 + X26*X12 + X26*X13 + X26*X14 + X26*X16 + X26*X17 + X26*X20 + X26*X21 + X26*X23 + X26*X24 + X27*X1 + X27*X2 + X27*X3 + X27*X4 + X27*X5 + X27*X7 + X27*X9 + X27*X10 + X27*X11 + X27*X12 + X27*X15 + X27*X16 + X27*X19 + X27*X21 + X27*X22 + X27*X24 + X27*X26 + X3 + X4 + X6 + X10 + X12 + X14 + X15 + X16 + X17 + X18 + X20 + X21 + X22 + X23 + X27 + 1
X23*X5 + X24*X14 + X24*X17 + X24*X18 + X24*X19 + X24*X20 + X24*X23 + X25*X3 + X25*X4 + X25*X5 + X25*X6 + X25*X7 + X25*X8 + X25*X12 + X25*X15 + X25*X18 + X25*X23 + X25*X24 + X26*X1 + X26*X2 + X26*X3 + X26*X4 + X26*X5 + X26*X6 + X26*X8 + X26*X10 + X26*X11 + X26*X13 + X26*X14 + X26*X15 + X26*X16 + X26*X19 + X26*X20 + X26*X24 + X26*X25 + X27*X1 + X27*X4 + X27*X7 + X27*X8 + X27*X9 + X27*X13 + X27*X15 + X27*X16 + X27*X17 + X27*X18 + X27*X22 + X27*X24 + X27*X25 + X27*X26 + X3 + X6 + X8 + X12 + X13 + X16 + X17 + X19 + X20 + X21 + X23 + X24
X23*X4 + X24*X15 + X24*X18 + X24*X21 + X24*X23 + X25*X3 + X25*X9 + X25*X10 + X25*X11 + X25*X14 + X25*X15 + X25*X20 + X25*X21 + X25*X22 + X25*X24 + X26*X3 + X26*X4 + X26*X5 + X26*X8 + X26*X9 + X26*X10 + X26*X11 + X26*X13 + X26*X14 + X26*X16 + X26*X17 + X26*X18 + X26*X21 + X26*X22 + X26*X23 + X27*X2 + X27*X3 + X27*X5 + X27*X7 + X27*X12 + X27*X13 + X27*X14 + X27*X15 + X27*X17 + X27*X18 + X27*X25 + X27*X26 + X4 + X6 + X7 + X8 + X9 + X10 + X11 + X14 + X16 + X17 + X20 + X21 + X23 + X26
X23*X3 + X24*X18 + X24*X19 + X24*X22 + X25*X4 + X25*X6 + X25*X9 + X25*X10 + X25*X11 + X25*X12 + X25*X13 + X25*X15 + X25*X16 + X25*X20 + X25*X21 + X25*X23 + X26*X3 + X26*X4 + X26*X5 + X26*X6 + X26*X7 + X26*X8 + X26*X12 + X26*X13 + X26*X15 + X26*X16 + X26*X20 + X26*X22 + X26*X24 + X27*X1 + X27*X2 + X27*X6 + X27*X8 + X27*X9 + X27*X10 + X27*X11 + X27*X13 + X27*X14 + X27*X18 + X27*X19 + X27*X23 + X27*X26 + X3 + X4 + X5 + X6 + X10 + X11 + X12 + X14 + X15 + X16 + X17 + X18 + X19 + X20 + X21 + X22 + X25 + X26
X23*X2 + X24*X15 + X24*X17 + X24*X23 + X25*X6 + X25*X9 + X25*X10 + X25*X16 + X25*X18 + X25*X19 + X25*X21 + X25*X23 + X25*X24 + X26*X2 + X26*X3 + X26*X4 + X26*X8 + X26*X13 + X26*X14 + X26*X15 + X26*X19 + X26*X21 + X26*X22 + X26*X24 + X27*X1 + X27*X2 + X27*X3 + X27*X6 + X27*X8 + X27*X11 + X27*X12 + X27*X15 + X27*X16 + X27*X21 + X27*X22 + X27*X26 + X1 + X2 + X3 + X8 + X9 + X10 + X11 + X13 + X14 + X15 + X16 + X17 + X21 + X24 + X25 + X27 + 1
X23*X1 + X24*X17 + X24*X18 + X24*X21 + X24*X23 + X25*X2 + X25*X5 + X25*X14 + X25*X22 + X26*X1 + X26*X2 + X26*X3 + X26*X5 + X26*X6 + X26*X8 + X26*X9 + X26*X11 + X26*X14 + X26*X15 + X26*X19 + X26*X20 + X26*X21 + X26*X24 + X26*X25 + X27*X2 + X27*X3 + X27*X4 + X27*X5 + X27*X6 + X27*X8 + X27*X9 + X27*X11 + X27*X12 + X27*X14 + X27*X15 + X27*X16 + X27*X18 + X27*X19 + X27*X20 + X27*X21 + X27*X22 + X27*X23 + X27*X24 + X27*X25 + X27*X26 + X3 + X4 + X5 + X7 + X9 + X12 + X13 + X18 + X19 + X22 + X23 + X24 + X27 + 1
X22^2 + X22
X22*X21 + X24*X19 + X24*X21 + X24*X22 + X25*X2 + X25*X3 + X25*X5 + X25*X6 + X25*X8 + X25*X10 + X25*X13 + X25*X14 + X25*X15 + X25*X16 + X25*X19 + X25*X20 + X25*X24 + X26*X1 + X26*X3 + X26*X5 + X26*X6 + X26*X7 + X26*X9 + X26*X15 + X26*X17 + X26*X23 + X26*X24 + X27*X1 + X27*X3 + X27*X4 + X27*X6 + X27*X9 + X27*X10 + X27*X12 + X27*X13 + X27*X15 + X27*X16 + X27*X17 + X27*X18 + X27*X19 + X27*X26 + X5 + X6 + X9 + X10 + X11 + X16 + X17 + X18 + X19 + X23 + X24
X22*X20 + X24*X14 + X24*X17 + X24*X20 + X24*X21 + X24*X22 + X24*X23 + X25*X1 + X25*X4 + X25*X5 + X25*X6 + X25*X7 + X25*X9 + X25*X10 + X25*X14 + X25*X16 + X25*X22 + X26*X3 + X26*X4 + X26*X5 + X26*X6 + X26*X7 + X26*X11 + X26*X12 + X26*X15 + X26*X16 + X26*X19 + X26*X20 + X26*X22 + X26*X25 + X27*X2 + X27*X4 + X27*X5 + X27*X10 + X27*X12 + X27*X14 + X27*X16 + X27*X19 + X27*X20 + X27*X23 + X27*X24 + X1 + X2 + X3 + X4 + X5 + X7 + X9 + X10 + X11 + X12 + X13 + X18 + X20 + X21 + X22 + X24 + X25 + X26 + 1
X22*X19 + X24*X14 + X24*X15 + X24*X17 + X24*X18 + X24*X19 + X24*X20 + X24*X21 + X24*X22 + X25*X5 + X25*X6 + X25*X7 + X25*X8 + X25*X9 + X25*X10 + X25*X11 + X25*X12 + X25*X13 + X25*X15 + X25*X18 + X25*X19 + X25*X22 + X25*X24 + X26*X1 + X26*X2 + X26*X3 + X26*X5 + X26*X6 + X26*X7 + X26*X11 + X26*X14 + X26*X15 + X26*X17 + X26*X21 + X26*X22 + X26*X23 + X26*X24 + X27*X1 + X27*X2 + X27*X3 + X27*X5 + X27*X7 + X27*X12 + X27*X13 + X27*X15 + X27*X18 + X27*X21 + X27*X23 + X4 + X8 + X10 + X11 + X12 + X14 + X15 + X16 + X18 + X22 + X24 + X25 + 1
X22*X18 + X24*X15 + X24*X17 + X24*X19 + X24*X23 + X25*X1 + X25*X2 + X25*X3 + X25*X6 + X25*X8 + X25*X9 + X25*X13 + X25*X16 + X25*X17 + X25*X18 + X25*X19 + X25*X20 + X25*X21 + X25*X22 + X25*X23 + X26*X1 + X26*X2 + X26*X4 + X26*X5 + X26*X8 + X26*X13 + X26*X14 + X26*X15 + X26*X18 + X26*X19 + X26*X21 + X26*X22 + X26*X23 + X26*X25 + X27*X1 + X27*X3 + X27*X6 + X27*X7 + X27*X9 + X27*X10 + X27*X11 + X27*X13 + X27*X16 + X27*X17 + X27*X22 + X27*X23 + X27*X24 + X27*X25 + X27*X26 + X1 + X2 + X3 + X4 + X6 + X8 + X11 + X12 + X14 + X16 + X17 + X22 + X23 + X25 + X26 + X27
X22*X17 + X24*X14 + X24*X17 + X24*X22 + X25*X1 + X25*X2 + X25*X6 + X25*X7 + X25*X8 + X25*X12 + X25*X13 + X25*X14 + X25*X17 + X25*X20 + X25*X22 + X26*X1 + X26*X2 + X26*X3 + X26*X4 + X26*X7 + X26*X8 + X26*X11 + X26*X12 + X26*X13 + X26*X16 + X26*X17 + X26*X20 + X26*X22 + X26*X23 + X26*X24 + X27*X2 + X27*X5 + X27*X6 + X27*X9 + X27*X10 + X27*X11 + X27*X12 + X27*X13 + X27*X15 + X27*X17 + X27*X18 + X27*X20 + X27*X21 + X27*X23 + X27*X25 + X27*X26 + X1 + X5 + X8 + X10 + X12 + X14 + X15 + X16 + X17 + X20 + X21 + X22 + X23 + X27
X22*X16 + X24*X18 + X24*X20 + X25*X1 + X25*X3 + X25*X4 + X25*X7 + X25*X8 + X25*X11 + X25*X13 + X25*X16 + X25*X17 + X25*X19 + X25*X20 + X25*X22 + X25*X24 + X26*X1 + X26*X9 + X26*X11 + X26*X13 + X26*X14 + X26*X15 + X26*X20 + X26*X21 + X26*X22 + X27*X2 + X27*X3 + X27*X4 + X27*X5 + X27*X6 + X27*X9 + X27*X10 + X27*X12 + X27*X14 + X27*X16 + X27*X17 + X27*X19 + X27*X23 + X3 + X6 + X10 + X11 + X12 + X13 + X14 + X15 + X17 + X18 + X19 + X21 + X22 + X25 + X26
X22*X15 + X24*X17 + X24*X18 + X24*X20 + X25*X5 + X25*X6 + X25*X8 + X25*X10 + X25*X11 + X25*X13 + X25*X18 + X25*X20 + X25*X22 + X25*X24 + X26*X2 + X26*X3 + X26*X4 + X26*X5 + X26*X7 + X26*X13 + X26*X14 + X26*X15 + X26*X17 + X26*X19 + X26*X23 + X26*X24 + X26*X25 + X27*X1 + X27*X2 + X27*X3 + X27*X4 + X27*X6 + X27*X8 + X27*X10 + X27*X11 + X27*X13 + X27*X15 + X27*X16 + X27*X17 + X27*X18 + X27*X20 + X27*X24 + X27*X25 + X3 + X4 + X7 + X9 + X10 + X11 + X13 + X15 + X16 + X17 + X19 + X20 + X23 + X26 + X27
X22*X14 + X24*X18 + X24*X20 + X24*X22 + X25*X2 + X25*X4 + X25*X5 + X25*X6 + X25*X10 + X25*X11 + X25*X12 + X25*X14 + X25*X15 + X25*X16 + X25*X19 + X25*X21 + X25*X22 + X25*X23 + X25*X24 + X26*X3 + X26*X4 + X26*X5 + X26*X10 + X26*X11 + X26*X12 + X26*X13 + X26*X14 + X26*X15 + X26*X17 + X26*X18 + X26*X19 + X26*X23 + X26*X24 + X27*X2 + X27*X5 + X27*X7 + X27*X8 + X27*X10 + X27*X11 + X27*X12 + X27*X13 + X27*X14 + X27*X15 + X27*X16 + X27*X18 + X27*X23 + X27*X25 + X27*X26 + X1 + X2 + X5 + X7 + X9 + X10 + X12 + X15 + X17 + X18 + X19 + X20 + X21 + X22 + X23 + X26 + X27
X22*X13 + X24*X14 + X24*X15 + X24*X20 + X24*X21 + X24*X22 + X25*X1 + X25*X2 + X25*X3 + X25*X4 + X25*X7 + X25*X8 + X25*X10 + X25*X12 + X25*X13 + X25*X17 + X25*X22 + X26*X2 + X26*X3 + X26*X4 + X26*X8 + X26*X13 + X26*X14 + X26*X15 + X26*X20 + X26*X21 + X26*X24 + X26*X25 + X27*X4 + X27*X5 + X27*X7 + X27*X9 + X27*X11 + X27*X12 + X27*X16 + X27*X20 + X27*X21 + X27*X23 + X27*X24 + X27*X25 + X27*X26 + X1 + X2 + X4 + X8 + X9 + X13 + X15 + X17 + X19 + X20 + X21 + X23 + X25 + X27
X22*X12 + X24*X19 + X24*X21 + X24*X22 + X24*X23 + X25*X1 + X25*X7 + X25*X9 + X25*X12 + X25*X14 + X25*X15 + X25*X16 + X25*X18 + X25*X19 + X25*X20 + X25*X23 + X25*X24 + X26*X2 + X26*X4 + X26*X6 + X26*X8 + X26*X10 + X26*X13 + X26*X17 + X26*X21 + X26*X23 + X26*X25 + X27*X1 + X27*X4 + X27*X5 + X27*X6 + X27*X8 + X27*X9 + X27*X10 + X27*X12 + X27*X15 + X27*X17 + X27*X20 + X27*X21 + X27*X24 + X27*X26 + X1 + X2 + X4 + X5 + X9 + X10 + X15 + X16 + X17 + X18 + X20 + X23 + X24 + X25 + X26
X22*X11 + X24*X18 + X24*X19 + X24*X23 + X25*X4 + X25*X6 + X25*X7 + X25*X8 + X25*X9 + X25*X10 + X25*X12 + X25*X13 + X25*X16 + X25*X18 + X25*X19 + X25*X20 + X25*X23 + X25*X24 + X26*X7 + X26*X9 + X26*X11 + X26*X14 + X26*X15 + X26*X16 + X26*X17 + X26*X21 + X26*X22 + X26*X25 + X27*X1 + X27*X2 + X27*X3 + X27*X9 + X27*X10 + X27*X12 + X27*X13 + X27*X15 + X27*X16 + X27*X17 + X27*X20 + X27*X22 + X27*X24 + X27*X25 + X27*X26 + X2 + X3 + X7 + X11 + X12 + X15 + X16 + X17 + X18 + X20 + X21 + X23 + X24 + X25 + X26
X22*X10 + X24*X18 + X24*X20 + X24*X22 + X25*X8 + X25*X9 + X25*X11 + X25*X14 + X25*X15 + X25*X16 + X25*X17 + X25*X18 + X25*X19 + X25*X23 + X25*X24 + X26*X2 + X26*X4 + X26*X6 + X26*X7 + X26*X9 + X26*X13 + X26*X17 + X26*X19 + X26*X21 + X26*X24 + X26*X25 + X27*X1 + X27*X2 + X27*X4 + X27*X5 + X27*X14 + X27*X15 + X27*X17 + X27*X19 + X27*X21 + X27*X23 + X27*X25 + X1 + X2 + X3 + X6 + X8 + X10 + X11 + X12 + X16 + X17 + X21 + X22 + X24 + X25 + X27 + 1
X22*X9 + X24*X18 + X24*X19 + X25*X1 + X25*X4 + X25*X6 + X25*X7 + X25*X14 + X25*X16 + X25*X18 + X25*X20 + X25*X21 + X26*X1 + X26*X2 + X26*X3 + X26*X4 + X26*X5 + X26*X9 + X26*X10 + X26*X11 + X26*X13 + X26*X14 + X26*X15 + X26*X17 + X26*X18 + X26*X20 + X26*X21 + X26*X22 + X26*X23 + X26*X24 + X27*X7 + X27*X8 + X27*X10 + X27*X18 + X27*X22 + X27*X26 + X3 + X5 + X6 + X7 + X11 + X12 + X16 + X19 + X20 + X22 + X24 + 1
X22*X8 + X24*X14 + X24*X15 + X24*X17 + X24*X18 + X24*X19 + X24*X21 + X25*X2 + X25*X4 + X25*X7 + X25*X8 + X25*X9 + X25*X11 + X25*X12 + X25*X14 + X25*X15 + X25*X19 + X25*X22 + X25*X23 + X25*X24 + X26*X2 + X26*X3 + X26*X5 + X26*X8 + X26*X11 + X26*X12 + X26*X19 + X26*X20 + X26*X22 + X26*X25 + X27*X1 + X27*X6 + X27*X11 + X27*X13 + X27*X17 + X27*X18 + X27*X19 + X27*X25 + X27*X26 + X6 + X9 + X12 + X15 + X16 + X17 + X18 + X19 + X22
X22*X7 + X24*X14 + X24*X15 + X24*X17 + X24*X18 + X24*X20 + X25*X2 + X25*X3 + X25*X6 + X25*X7 + X25*X12 + X25*X14 + X25*X15 + X25*X16 + X25*X17 + X25*X18 + X25*X19 + X25*X21 + X25*X22 + X25*X23 + X25*X24 + X26*X1 + X26*X2 + X26*X6 + X26*X11 + X26*X14 + X26*X15 + X26*X16 + X26*X19 + X26*X20 + X26*X24 + X27*X1 + X27*X4 + X27*X9 + X27*X10 + X27*X13 + X27*X14 + X27*X15 + X27*X16 + X27*X19 + X27*X20 + X27*X22 + X27*X23 + X27*X24 + X27*X26 + X1 + X2 + X5 + X7 + X10 + X12 + X14 + X16 + X17 + X18 + X19 + X20 + X21 + X22 + X23 + X24 + X26 + X27 + 1
X22*X6 + X24*X15 + X24*X18 + X24*X20 + X24*X21 + X25*X3 + X25*X5 + X25*X6 + X25*X10 + X25*X11 + X25*X12 + X25*X13 + X25*X15 + X25*X16 + X25*X17 + X26*X1 + X26*X4 + X26*X5 + X26*X6 + X26*X7 + X26*X8 + X26*X9 + X26*X10 + X26*X12 + X26*X18 + X26*X19 + X26*X22 + X26*X23 + X26*X25 + X27*X4 + X27*X6 + X27*X8 + X27*X11 + X27*X14 + X27*X16 + X27*X17 + X27*X19 + X27*X20 + X27*X21 + X27*X25 + X27*X26 + X1 + X4 + X5 + X7 + X8 + X9 + X10 + X11 + X13 + X14 + X16 + X21 + X23 + X24 + X25 + X26 + X27 + 1
X22*X5 + X24*X21 + X24*X23 + X25*X1 + X25*X2 + X25*X7 + X25*X8 + X25*X12 + X25*X13 + X25*X15 + X25*X18 + X25*X19 + X25*X22 + X25*X23 + X26*X2 + X26*X4 + X26*X5 + X26*X7 + X26*X8 + X26*X10 + X26*X11 + X26*X12 + X26*X20 + X26*X21 + X27*X2 + X27*X5 + X27*X6 + X27*X8 + X27*X9 + X27*X10 + X27*X11 + X27*X14 + X27*X15 + X27*X18 + X27*X20 + X27*X21 + X27*X22 + X27*X23 + X27*X24 + X2 + X4 + X6 + X7 + X8 + X10 + X12 + X15 + X17 + X19 + X21 + X25 + X26 + X27 + 1
X22*X4 + X24*X14 + X24*X17 + X24*X18 + X24*X19 + X24*X22 + X25*X1 + X25*X3 + X25*X4 + X25*X5 + X25*X7 + X25*X11 + X25*X12 + X25*X14 + X25*X16 + X25*X17 + X25*X18 + X25*X23 + X25*X24 + X26*X1 + X26*X2 + X26*X5 + X26*X7 + X26*X13 + X26*X20 + X26*X24 + X26*X25 + X27*X1 + X27*X3 + X27*X5 + X27*X6 + X27*X8 + X27*X9 + X27*X10 + X27*X11 + X27*X12 + X27*X14 + X27*X15 + X27*X17 + X27*X18 + X27*X22 + X2 + X5 + X6 + X8 + X9 + X10 + X13 + X14 + X16 + X18 + X21 + X24 + X25 + X27 + 1
X22*X3 + X24*X15 + X24*X18 + X24*X21 + X24*X22 + X25*X3 + X25*X5 + X25*X9 + X25*X11 + X25*X12 + X25*X13 + X25*X17 + X25*X20 + X26*X1 + X26*X3 + X26*X5 + X26*X7 + X26*X8 + X26*X10 + X26*X11 + X26*X14 + X26*X16 + X26*X17 + X26*X19 + X26*X21 + X26*X22 + X26*X23 + X26*X24 + X26*X25 + X27*X1 + X27*X3 + X27*X5 + X27*X6 + X27*X10 + X27*X12 + X27*X14 + X27*X15 + X27*X17 + X27*X23 + X27*X24 + X2 + X3 + X4 + X5 + X8 + X9 + X10 + X11 + X12 + X13 + X14 + X17 + X18 + X21 + X22 + X24 + X25 + X26
X22*X2 + X24*X14 + X24*X15 + X24*X21 + X24*X22 + X24*X23 + X25*X1 + X25*X2 + X25*X3 + X25*X5 + X25*X6 + X25*X7 + X25*X9 + X25*X12 + X25*X17 + X25*X20 + X25*X22 + X25*X24 + X26*X1 + X26*X2 + X26*X7 + X26*X8 + X26*X9 + X26*X10 + X26*X12 + X26*X13 + X26*X14 + X26*X15 + X26*X17 + X26*X19 + X26*X20 + X26*X22 + X27*X2 + X27*X6 + X27*X8 + X27*X11 + X27*X13 + X27*X14 + X27*X16 + X27*X19 + X27*X20 + X27*X24 + X27*X25 + X27*X26 + X4 + X9 + X14 + X17 + X20 + X21 + X24 + X25 + X27
X22*X1 + X24*X15 + X24*X19 + X24*X22 + X24*X23 + X25*X3 + X25*X4 + X25*X5 + X25*X9 + X25*X10 + X25*X11 + X25*X12 + X25*X13 + X25*X19 + X25*X20 + X25*X21 + X25*X22 + X25*X24 + X26*X1 + X26*X2 + X26*X5 + X26*X7 + X26*X9 + X26*X10 + X26*X14 + X26*X16 + X26*X18 + X26*X19 + X26*X20 + X26*X23 + X27*X2 + X27*X4 + X27*X6 + X27*X7 + X27*X8 + X27*X9 + X27*X15 + X27*X17 + X27*X20 + X27*X21 + X27*X22 + X27*X23 + X27*X24 + X1 + X2 + X4 + X5 + X7 + X8 + X9 + X10 + X11 + X12 + X13 + X16 + X17 + X21 + X22 + X25
X21^2 + X21
X21*X20 + X24*X14 + X24*X18 + X24*X19 + X24*X20 + X24*X23 + X25*X1 + X25*X3 + X25*X4 + X25*X5 + X25*X16 + X25*X18 + X25*X19 + X25*X20 + X25*X23 + X26*X1 + X26*X4 + X26*X5 + X26*X7 + X26*X8 + X26*X10 + X26*X12 + X26*X14 + X26*X16 + X26*X17 + X26*X18 + X26*X19 + X26*X20 + X26*X22 + X26*X23 + X27*X3 + X27*X7 + X27*X10 + X27*X12 + X27*X19 + X27*X21 + X27*X22 + X27*X24 + X27*X25 + X2 + X4 + X5 + X6 + X8 + X9 + X10 + X13 + X16 + X19 + X22 + X23 + X27 + 1
X21*X19 + X24*X17 + X24*X18 + X24*X19 + X24*X22 + X25*X2 + X25*X4 + X25*X10 + X25*X15 + X25*X17 + X25*X20 + X25*X23 + X26*X1 + X26*X2 + X26*X3 + X26*X5 + X26*X7 + X26*X8 + X26*X9 + X26*X11 + X26*X12 + X26*X13 + X26*X14 + X26*X17 + X26*X18 + X26*X19 + X26*X20 + X26*X23 + X26*X24 + X26*X25 + X27*X1 + X27*X3 + X27*X6 + X27*X8 + X27*X12 + X27*X14 + X27*X15 + X27*X16 + X27*X21 + X27*X26 + X1 + X5 + X7 + X8 + X10 + X11 + X13 + X16 + X17 + X19 + X20 + X21 + X23 + X25 + X27
X21*X18 + X24*X14 + X24*X15 + X24*X17 + X24*X18 + X24*X22 + X25*X1 + X25*X3 + X25*X5 + X25*X6 + X25*X8 + X25*X9 + X25*X10 + X25*X11 + X25*X14 + X25*X15 + X25*X16 + X25*X19 + X25*X21 + X25*X23 + X25*X24 + X26*X3 + X26*X6 + X26*X8 + X26*X9 + X26*X14 + X26*X15 + X26*X16 + X26*X18 + X26*X19 + X26*X20 + X26*X23 + X27*X3 + X27*X6 + X27*X9 + X27*X10 + X27*X11 + X27*X13 + X27*X14 + X27*X16 + X27*X19 + X27*X20 + X27*X21 + X27*X26 + X1 + X3 + X4 + X5 + X7 + X8 + X9 + X10 + X12 + X14 + X16 + X17 + X18 + X20 + X22 + X23 + X24 + X25 + X26 + 1
X21*X17 + X24*X14 + X24*X15 + X24*X17 + X24*X21 + X25*X4 + X25*X5 + X25*X6 + X25*X8 + X25*X11 + X25*X13 + X25*X14 + X25*X15 + X25*X16 + X25*X18 + X25*X19 + X26*X2 + X26*X4 + X26*X6 + X26*X7 + X26*X8 + X26*X12 + X26*X14 + X26*X20 + X26*X23 + X26*X24 + X27*X3 + X27*X7 + X27*X9 + X27*X11 + X27*X12 + X27*X15 + X27*X19 + X27*X25 + X1 + X2 + X3 + X7 + X9 + X11 + X13 + X14 + X16 + X17 + X18 + X19 + X20 + X21 + X25
X21*X16 + X24*X14 + X24*X15 + X24*X17 + X24*X19 + X24*X20 + X24*X21 + X24*X22 + X25*X4 + X25*X5 + X25*X7 + X25*X8 + X25*X9 + X25*X13 + X25*X14 + X25*X15 + X25*X17 + X25*X19 + X25*X21 + X25*X23 + X25*X24 + X26*X1 + X26*X2 + X26*X4 + X26*X7 + X26*X8 + X26*X9 + X26*X16 + X26*X17 + X26*X19 + X26*X23 + X27*X2 + X27*X6 + X27*X10 + X27*X11 + X27*X13 + X27*X14 + X27*X17 + X27*X19 + X2 + X6 + X8 + X11 + X14 + X15 + X16 + X17 + X19 + X20 + X21 + X22 + X23 + X24 + X25 + X26 + 1
X21*X15 + X24*X17 + X24*X18 + X24*X20 + X24*X21 + X25*X1 + X25*X3 + X25*X10 + X25*X13 + X25*X15 + X25*X16 + X25*X18 + X25*X20 + X25*X24 + X26*X2 + X26*X3 + X26*X4 + X26*X5 + X26*X6 + X26*X8 + X26*X10 + X26*X12 + X26*X13 + X26*X16 + X26*X18 + X26*X19 + X26*X20 + X26*X22 + X26*X24 + X26*X25 + X27*X1 + X27*X2 + X27*X3 + X27*X6 + X27*X8 + X27*X13 + X27*X22 + X27*X23 + X27*X24 + X27*X25 + X1 + X3 + X6 + X12 + X13 + X15 + X17 + X20 + X21 + X23 + X26
X21*X14 + X24*X14 + X24*X15 + X24*X17 + X24*X19 + X24*X20 + X24*X22 + X24*X23 + X25*X6 + X25*X8 + X25*X9 + X25*X10 + X25*X13 + X25*X14 + X25*X15 + X25*X16 + X25*X19 + X25*X21 + X25*X24 + X26*X2 + X26*X3 + X26*X5 + X26*X6 + X26*X8 + X26*X10 + X26*X11 + X26*X12 + X26*X13 + X26*X16 + X26*X18 + X26*X19 + X26*X20 + X26*X22 + X26*X24 + X26*X25 + X27*X2 + X27*X3 + X27*X5 + X27*X6 + X27*X9 + X27*X17 + X27*X18 + X27*X20 + X27*X21 + X27*X22 + X27*X24 + X27*X26 + X2 + X3 + X10 + X13 + X16 + X17 + X19 + X22 + X23 + X24 + X26
X21*X13 + X24*X14 + X24*X15 + X24*X17 + X24*X20 + X24*X22 + X24*X23 + X25*X1 + X25*X2 + X25*X3 + X25*X5 + X25*X6 + X25*X10 + X25*X14 + X25*X19 + X26*X1 + X26*X2 + X26*X3 + X26*X5 + X26*X7 + X26*X8 + X26*X10 + X26*X11 + X26*X13 + X26*X14 + X26*X15 + X26*X17 + X26*X18 + X26*X19 + X26*X23 + X27*X2 + X27*X3 + X27*X5 + X27*X6 + X27*X8 + X27*X9 + X27*X13 + X27*X14 + X27*X15 + X27*X17 + X27*X18 + X27*X20 + X27*X21 + X27*X24 + X27*X26 + X1 + X4 + X5 + X7 + X8 + X11 + X12 + X15 + X16 + X17 + X18 + X20 + X22 + X25
X21*X12 + X24*X14 + X24*X19 + X24*X20 + X24*X22 + X25*X3 + X25*X4 + X25*X6 + X25*X9 + X25*X11 + X25*X12 + X25*X15 + X25*X16 + X25*X19 + X25*X21 + X25*X22 + X25*X23 + X25*X24 + X26*X2 + X26*X3 + X26*X4 + X26*X5 + X26*X6 + X26*X9 + X26*X11 + X26*X16 + X26*X18 + X26*X19 + X26*X22 + X26*X23 + X26*X24 + X26*X25 + X27*X1 + X27*X4 + X27*X6 + X27*X8 + X27*X11 + X27*X12 + X27*X13 + X27*X14 + X27*X15 + X27*X18 + X27*X19 + X27*X21 + X27*X23 + X27*X24 + X27*X25 + X2 + X4 + X5 + X6 + X8 + X10 + X12 + X13 + X16 + X17 + X18 + X20 + X22 + X24 + X27 + 1
X21*X11 + X24*X15 + X24*X17 + X24*X20 + X24*X21 + X25*X3 + X25*X6 + X25*X7 + X25*X9 + X25*X10 + X25*X12 + X25*X13 + X25*X14 + X25*X17 + X25*X18 + X25*X22 + X25*X23 + X26*X2 + X26*X5 + X26*X6 + X26*X9 + X26*X12 + X26*X14 + X26*X21 + X26*X23 + X26*X25 + X27*X1 + X27*X2 + X27*X3 + X27*X5 + X27*X7 + X27*X10 + X27*X13 + X27*X15 + X27*X17 + X27*X19 + X1 + X2 + X4 + X5 + X7 + X8 + X10 + X13 + X15 + X17 + X18 + X19 + X21 + X23 + X24 + X26 + X27 + 1
X21*X10 + X24*X21 + X24*X22 + X24*X23 + X25*X9 + X25*X10 + X25*X14 + X25*X16 + X25*X17 + X25*X22 + X26*X1 + X26*X2 + X26*X4 + X26*X5 + X26*X6 + X26*X8 + X26*X10 + X26*X11 + X26*X12 + X26*X14 + X26*X15 + X26*X18 + X26*X19 + X26*X21 + X26*X23 + X26*X24 + X26*X25 + X27*X2 + X27*X3 + X27*X4 + X27*X5 + X27*X7 + X27*X8 + X27*X11 + X27*X15 + X27*X16 + X27*X19 + X27*X20 + X27*X21 + X27*X22 + X27*X23 + X27*X25 + X27*X26 + X1 + X2 + X3 + X8 + X9 + X11 + X12 + X15 + X16 + X18 + X20 + X21 + X23 + X24 + 1
X21*X9 + X24*X15 + X24*X17 + X24*X19 + X24*X22 + X24*X23 + X25*X1 + X25*X3 + X25*X4 + X25*X7 + X25*X8 + X25*X9 + X25*X10 + X25*X11 + X25*X14 + X25*X16 + X25*X17 + X25*X18 + X25*X20 + X25*X22 + X25*X24 + X26*X1 + X26*X4 + X26*X6 + X26*X8 + X26*X9 + X26*X11 + X26*X12 + X26*X13 + X26*X14 + X26*X16 + X26*X18 + X26*X20 + X26*X22 + X26*X23 + X26*X24 + X27*X2 + X27*X3 + X27*X4 + X27*X5 + X27*X6 + X27*X7 + X27*X9 + X27*X10 + X27*X13 + X27*X16 + X27*X17 + X27*X21 + X27*X26 + X1 + X2 + X3 + X5 + X6 + X7 + X10 + X11 + X12 + X13 + X14 + X15 + X20 + X22 + X23 + X24 + X26 + X27 + 1
X21*X8 + X24*X15 + X24*X17 + X24*X18 + X24*X21 + X24*X22 + X24*X23 + X25*X2 + X25*X3 + X25*X7 + X25*X9 + X25*X10 + X25*X11 + X25*X12 + X25*X15 + X25*X21 + X25*X23 + X25*X24 + X26*X2 + X26*X3 + X26*X5 + X26*X9 + X26*X11 + X26*X12 + X26*X16 + X26*X18 + X26*X19 + X26*X22 + X26*X24 + X27*X2 + X27*X3 + X27*X6 + X27*X7 + X27*X9 + X27*X12 + X27*X14 + X27*X15 + X27*X16 + X27*X17 + X27*X18 + X27*X20 + X27*X21 + X27*X22 + X27*X23 + X27*X24 + X1 + X3 + X5 + X16 + X17 + X18 + X19 + X21 + X24 + X25
X21*X7 + X24*X14 + X24*X17 + X24*X18 + X24*X21 + X24*X22 + X25*X2 + X25*X5 + X25*X6 + X25*X8 + X25*X10 + X25*X13 + X25*X17 + X25*X20 + X25*X21 + X25*X24 + X26*X1 + X26*X4 + X26*X5 + X26*X10 + X26*X13 + X26*X14 + X26*X18 + X26*X22 + X27*X2 + X27*X3 + X27*X4 + X27*X9 + X27*X10 + X27*X12 + X27*X14 + X27*X17 + X27*X18 + X27*X19 + X27*X21 + X27*X22 + X2 + X4 + X5 + X7 + X10 + X13 + X14 + X16 + X17 + X20 + X21 + X22 + X24
X21*X6 + X24*X14 + X24*X17 + X24*X18 + X24*X21 + X24*X23 + X25*X1 + X25*X5 + X25*X6 + X25*X7 + X25*X8 + X25*X10 + X25*X12 + X25*X13 + X25*X17 + X25*X19 + X25*X20 + X25*X22 + X25*X24 + X26*X2 + X26*X3 + X26*X4 + X26*X6 + X26*X8 + X26*X10 + X26*X14 + X26*X15 + X26*X16 + X26*X17 + X26*X18 + X26*X19 + X26*X22 + X26*X25 + X27*X1 + X27*X2 + X27*X4 + X27*X5 + X27*X7 + X27*X8 + X27*X12 + X27*X14 + X27*X17 + X27*X18 + X27*X19 + X27*X21 + X27*X22 + X27*X25 + X27*X26 + X1 + X4 + X5 + X6 + X7 + X10 + X12 + X13 + X14 + X17 + X19 + X22 + X23 + X24 + X25 + X26
X21*X5 + X24*X15 + X24*X18 + X24*X19 + X24*X20 + X24*X22 + X24*X23 + X25*X2 + X25*X4 + X25*X5 + X25*X6 + X25*X8 + X25*X10 + X25*X12 + X25*X13 + X25*X14 + X25*X15 + X25*X17 + X25*X18 + X25*X20 + X25*X23 + X26*X1 + X26*X2 + X26*X3 + X26*X4 + X26*X6 + X26*X7 + X26*X8 + X26*X9 + X26*X11 + X26*X14 + X26*X15 + X26*X23 + X27*X1 + X27*X2 + X27*X3 + X27*X5 + X27*X6 + X27*X7 + X27*X8 + X27*X11 + X27*X12 + X27*X14 + X27*X16 + X27*X17 + X27*X18 + X27*X21 + X27*X23 + X27*X24 + X27*X25 + X3 + X4 + X5 + X6 + X11 + X13 + X14 + X15 + X16 + X17 + X18 + X19 + X22 + X24 + X26 + X27
X21*X4 + X24*X15 + X24*X18 + X24*X20 + X24*X21 + X24*X23 + X25*X2 + X25*X4 + X25*X5 + X25*X6 + X25*X8 + X25*X10 + X25*X15 + X25*X16 + X25*X18 + X25*X19 + X26*X1 + X26*X2 + X26*X3 + X26*X6 + X26*X7 + X26*X8 + X26*X12 + X26*X19 + X26*X20 + X26*X22 + X26*X24 + X27*X1 + X27*X6 + X27*X7 + X27*X8 + X27*X11 + X27*X12 + X27*X16 + X27*X17 + X27*X18 + X27*X19 + X27*X22 + X27*X23 + X27*X24 + X27*X25 + X1 + X2 + X4 + X8 + X11 + X13 + X14 + X15 + X19 + X20 + X21 + X22 + X25 + X26 + 1
X21*X3 + X24*X15 + X24*X18 + X24*X20 + X24*X21 + X24*X23 + X25*X3 + X25*X4 + X25*X5 + X25*X7 + X25*X8 + X25*X10 + X25*X11 + X25*X12 + X25*X14 + X25*X15 + X25*X19 + X25*X21 + X25*X23 + X26*X4 + X26*X5 + X26*X6 + X26*X8 + X26*X13 + X26*X17 + X26*X22 + X26*X23 + X26*X24 + X27*X1 + X27*X3 + X27*X8 + X27*X9 + X27*X10 + X27*X14 + X27*X16 + X27*X20 + X27*X21 + X27*X22 + X3 + X7 + X8 + X10 + X11 + X12 + X13 + X15 + X16 + X17 + X18 + X20 + X22 + X23 + X25 + 1
X21*X2 + X24*X14 + X24*X15 + X24*X17 + X24*X18 + X24*X19 + X24*X22 + X25*X1 + X25*X2 + X25*X3 + X25*X4 + X25*X10 + X25*X12 + X25*X15 + X25*X17 + X25*X21 + X25*X23 + X26*X2 + X26*X7 + X26*X8 + X26*X12 + X26*X14 + X26*X15 + X26*X17 + X26*X18 + X26*X19 + X26*X20 + X26*X22 + X26*X23 + X26*X25 + X27*X1 + X27*X4 + X27*X5 + X27*X6 + X27*X7 + X27*X9 + X27*X10 + X27*X11 + X27*X13 + X27*X14 + X27*X15 + X27*X20 + X27*X24 + X27*X25 + X27*X26 + X3 + X4 + X5 + X8 + X9 + X10 + X11 + X12 + X14 + X15 + X16 + X17 + X19 + X21 + X22 + X23 + X25 + X26
X21*X1 + X24*X17 + X24*X18 + X24*X19 + X24*X20 + X24*X21 + X25*X1 + X25*X2 + X25*X3 + X25*X5 + X25*X7 + X25*X8 + X25*X9 + X25*X12 + X25*X14 + X25*X15 + X25*X16 + X25*X17 + X25*X22 + X25*X23 + X26*X1 + X26*X4 + X26*X5 + X26*X6 + X26*X8 + X26*X9 + X26*X10 + X26*X16 + X26*X19 + X26*X23 + X26*X24 + X27*X1 + X27*X2 + X27*X4 + X27*X5 + X27*X6 + X27*X7 + X27*X8 + X27*X10 + X27*X11 + X27*X12 + X27*X13 + X27*X14 + X27*X16 + X27*X18 + X27*X19 + X27*X20 + X27*X24 + X27*X25 + X27*X26 + X1 + X2 + X4 + X5 + X7 + X8 + X9 + X12 + X13 + X15 + X16 + X17 + X18 + X19 + X24
X20^2 + X20
X20*X19 + X24*X14 + X25*X1 + X25*X2 + X25*X3 + X25*X4 + X25*X7 + X25*X11 + X25*X13 + X25*X14 + X25*X16 + X25*X17 + X25*X18 + X25*X19 + X25*X20 + X25*X21 + X25*X22 + X25*X24 + X26*X2 + X26*X4 + X26*X5 + X26*X6 + X26*X8 + X26*X9 + X26*X10 + X26*X11 + X26*X16 + X26*X17 + X26*X18 + X26*X19 + X26*X20 + X26*X23 + X26*X25 + X27*X4 + X27*X5 + X27*X7 + X27*X9 + X27*X11 + X27*X12 + X27*X14 + X27*X16 + X27*X17 + X27*X18 + X27*X24 + X27*X26 + X1 + X5 + X6 + X7 + X8 + X9 + X10 + X11 + X13 + X14 + X19 + X20 + X23 + X24 + X25
X20*X18 + X24*X14 + X24*X17 + X24*X19 + X24*X20 + X25*X3 + X25*X5 + X25*X9 + X25*X10 + X25*X11 + X25*X13 + X25*X17 + X25*X18 + X25*X21 + X25*X24 + X26*X1 + X26*X3 + X26*X8 + X26*X11 + X26*X12 + X26*X14 + X26*X17 + X26*X18 + X26*X19 + X26*X22 + X26*X23 + X27*X1 + X27*X4 + X27*X5 + X27*X6 + X27*X8 + X27*X14 + X27*X20 + X27*X21 + X27*X24 + X3 + X4 + X5 + X6 + X9 + X10 + X12 + X13 + X14 + X17 + X26
X20*X17 + X24*X14 + X24*X17 + X24*X18 + X24*X19 + X24*X20 + X25*X1 + X25*X2 + X25*X5 + X25*X6 + X25*X10 + X25*X11 + X25*X12 + X25*X13 + X25*X14 + X25*X16 + X25*X17 + X25*X18 + X25*X19 + X25*X23 + X25*X24 + X26*X6 + X26*X8 + X26*X9 + X26*X10 + X26*X12 + X26*X14 + X26*X16 + X26*X21 + X26*X22 + X26*X23 + X26*X24 + X26*X25 + X27*X1 + X27*X2 + X27*X4 + X27*X5 + X27*X8 + X27*X12 + X27*X14 + X27*X15 + X27*X16 + X27*X19 + X27*X22 + X27*X25 + X1 + X5 + X7 + X8 + X9 + X10 + X11 + X12 + X13 + X14 + X17 + X18 + X19 + X20 + X22 + X23
X20*X16 + X24*X14 + X24*X17 + X24*X20 + X24*X21 + X24*X22 + X25*X1 + X25*X3 + X25*X4 + X25*X6 + X25*X7 + X25*X8 + X25*X9 + X25*X10 + X25*X19 + X25*X24 + X26*X2 + X26*X6 + X26*X7 + X26*X10 + X26*X12 + X26*X17 + X26*X18 + X26*X20 + X26*X22 + X26*X23 + X26*X24 + X26*X25 + X27*X1 + X27*X2 + X27*X4 + X27*X5 + X27*X7 + X27*X8 + X27*X13 + X27*X16 + X27*X18 + X27*X22 + X27*X25 + X27*X26 + X2 + X4 + X5 + X10 + X11 + X17 + X19 + X20 + X21 + X22 + X25 + X26 + 1
X20*X15 + X24*X21 + X25*X2 + X25*X4 + X25*X7 + X25*X8 + X25*X9 + X25*X10 + X25*X11 + X25*X15 + X25*X16 + X25*X18 + X26*X1 + X26*X3 + X26*X4 + X26*X6 + X26*X7 + X26*X10 + X26*X13 + X26*X17 + X26*X19 + X26*X23 + X26*X24 + X26*X25 + X27*X1 + X27*X6 + X27*X9 + X27*X10 + X27*X11 + X27*X12 + X27*X13 + X27*X14 + X27*X15 + X27*X16 + X27*X17 + X27*X18 + X27*X19 + X27*X20 + X27*X21 + X27*X22 + X27*X23 + X2 + X4 + X7 + X8 + X10 + X11 + X12 + X14 + X17 + X19 + X22 + X23 + X25 + X26 + X27 + 1
X20*X14 + X24*X17 + X24*X18 + X24*X19 + X24*X22 + X24*X23 + X25*X1 + X25*X6 + X25*X7 + X25*X8 + X25*X9 + X25*X12 + X25*X15 + X25*X17 + X25*X18 + X25*X20 + X25*X21 + X25*X24 + X26*X2 + X26*X4 + X26*X6 + X26*X7 + X26*X8 + X26*X10 + X26*X11 + X26*X12 + X26*X14 + X26*X15 + X26*X17 + X26*X18 + X26*X21 + X26*X22 + X26*X23 + X26*X24 + X26*X25 + X27*X2 + X27*X4 + X27*X5 + X27*X8 + X27*X11 + X27*X13 + X27*X15 + X27*X16 + X27*X18 + X27*X19 + X27*X20 + X27*X25 + X1 + X2 + X4 + X5 + X6 + X7 + X10 + X11 + X12 + X14 + X18 + X21 + X22 + X24 + X26 + 1
X20*X13 + X24*X14 + X24*X15 + X24*X17 + X24*X20 + X24*X22 + X24*X23 + X25*X2 + X25*X3 + X25*X6 + X25*X7 + X25*X8 + X25*X10 + X25*X12 + X25*X13 + X25*X14 + X25*X15 + X25*X16 + X25*X20 + X25*X22 + X25*X24 + X26*X1 + X26*X3 + X26*X4 + X26*X5 + X26*X6 + X26*X8 + X26*X10 + X26*X16 + X26*X17 + X26*X19 + X26*X21 + X26*X23 + X26*X24 + X26*X25 + X27*X1 + X27*X2 + X27*X4 + X27*X5 + X27*X7 + X27*X8 + X27*X10 + X27*X13 + X27*X14 + X27*X17 + X27*X18 + X27*X20 + X27*X23 + X27*X24 + X2 + X3 + X4 + X5 + X8 + X9 + X11 + X13 + X15 + X18 + X19 + X21 + X26 + X27
X20*X12 + X24*X14 + X24*X17 + X24*X19 + X24*X22 + X24*X23 + X25*X6 + X25*X7 + X25*X8 + X25*X11 + X25*X12 + X25*X14 + X25*X18 + X25*X19 + X25*X20 + X25*X23 + X26*X2 + X26*X6 + X26*X8 + X26*X11 + X26*X12 + X26*X14 + X26*X15 + X26*X16 + X26*X18 + X26*X19 + X26*X21 + X26*X23 + X26*X24 + X26*X25 + X27*X1 + X27*X2 + X27*X4 + X27*X6 + X27*X8 + X27*X10 + X27*X12 + X27*X13 + X27*X16 + X27*X21 + X27*X24 + X27*X25 + X4 + X5 + X6 + X9 + X10 + X12 + X14 + X15 + X17 + X18 + X19 + X22 + X23 + X24 + X25 + X27 + 1
X20*X11 + X24*X14 + X24*X17 + X24*X19 + X24*X20 + X24*X23 + X25*X2 + X25*X3 + X25*X4 + X25*X5 + X25*X6 + X25*X9 + X25*X10 + X25*X11 + X25*X12 + X25*X15 + X25*X16 + X25*X17 + X25*X18 + X25*X19 + X25*X20 + X25*X23 + X26*X2 + X26*X3 + X26*X6 + X26*X10 + X26*X14 + X26*X18 + X26*X21 + X26*X23 + X26*X24 + X26*X25 + X27*X2 + X27*X3 + X27*X7 + X27*X8 + X27*X10 + X27*X12 + X27*X16 + X27*X18 + X27*X22 + X27*X23 + X27*X24 + X27*X25 + X27*X26 + X1 + X5 + X7 + X10 + X12 + X14 + X15 + X18 + X19 + X21 + X23 + X26 + X27
X20*X10 + X24*X17 + X24*X18 + X24*X19 + X24*X21 + X25*X2 + X25*X3 + X25*X6 + X25*X8 + X25*X13 + X25*X14 + X25*X17 + X25*X18 + X25*X22 + X25*X24 + X26*X1 + X26*X3 + X26*X5 + X26*X7 + X26*X11 + X26*X12 + X26*X13 + X26*X16 + X26*X17 + X26*X18 + X26*X19 + X26*X20 + X26*X22 + X26*X23 + X26*X24 + X27*X5 + X27*X9 + X27*X10 + X27*X11 + X27*X17 + X27*X18 + X27*X21 + X27*X22 + X27*X24 + X27*X25 + X27*X26 + X4 + X6 + X7 + X9 + X12 + X13 + X16 + X17 + X19 + X21 + X23 + X27
X20*X9 + X24*X14 + X24*X15 + X24*X17 + X24*X18 + X24*X19 + X25*X2 + X25*X4 + X25*X6 + X25*X9 + X25*X10 + X25*X12 + X25*X14 + X25*X15 + X25*X16 + X25*X18 + X25*X20 + X25*X21 + X25*X23 + X25*X24 + X26*X2 + X26*X3 + X26*X4 + X26*X5 + X26*X7 + X26*X8 + X26*X10 + X26*X13 + X26*X18 + X26*X19 + X26*X22 + X26*X23 + X26*X25 + X27*X2 + X27*X6 + X27*X9 + X27*X12 + X27*X14 + X27*X16 + X27*X20 + X27*X24 + X27*X25 + X9 + X10 + X11 + X13 + X17 + X18 + X21 + X22 + X24 + X26 + 1
X20*X8 + X24*X19 + X24*X20 + X24*X22 + X24*X23 + X25*X1 + X25*X4 + X25*X5 + X25*X7 + X25*X9 + X25*X10 + X25*X11 + X25*X12 + X25*X14 + X25*X16 + X25*X17 + X25*X19 + X25*X21 + X25*X22 + X25*X23 + X26*X2 + X26*X3 + X26*X4 + X26*X5 + X26*X7 + X26*X9 + X26*X12 + X26*X19 + X26*X22 + X26*X25 + X27*X2 + X27*X5 + X27*X6 + X27*X8 + X27*X11 + X27*X13 + X27*X15 + X27*X16 + X27*X18 + X27*X21 + X27*X22 + X27*X23 + X27*X24 + X3 + X8 + X10 + X13 + X14 + X16 + X18 + X20 + X22 + X24 + X26 + X27
X20*X7 + X24*X15 + X24*X17 + X24*X18 + X24*X19 + X24*X20 + X24*X22 + X24*X23 + X25*X1 + X25*X2 + X25*X5 + X25*X6 + X25*X9 + X25*X11 + X25*X13 + X25*X14 + X25*X17 + X25*X21 + X25*X22 + X25*X23 + X26*X6 + X26*X11 + X26*X14 + X26*X16 + X26*X17 + X26*X19 + X26*X20 + X26*X23 + X26*X25 + X27*X1 + X27*X2 + X27*X5 + X27*X9 + X27*X10 + X27*X12 + X27*X17 + X27*X18 + X27*X19 + X27*X20 + X27*X23 + X27*X25 + X1 + X4 + X6 + X7 + X8 + X9 + X11 + X13 + X14 + X16 + X17 + X20 + X25
X20*X6 + X24*X15 + X24*X19 + X24*X21 + X24*X22 + X25*X3 + X25*X4 + X25*X5 + X25*X6 + X25*X7 + X25*X9 + X25*X10 + X25*X11 + X25*X15 + X25*X17 + X25*X21 + X26*X5 + X26*X6 + X26*X10 + X26*X12 + X26*X15 + X26*X17 + X26*X18 + X26*X19 + X26*X21 + X26*X22 + X26*X23 + X26*X24 + X27*X2 + X27*X5 + X27*X6 + X27*X7 + X27*X10 + X27*X15 + X27*X18 + X27*X20 + X27*X21 + X27*X22 + X27*X26 + X3 + X5 + X9 + X10 + X11 + X12 + X14 + X16 + X18 + X19 + X23 + X24 + X25 + X26 + X27 + 1
X20*X5 + X24*X14 + X24*X18 + X25*X1 + X25*X8 + X25*X9 + X25*X10 + X25*X11 + X25*X12 + X25*X14 + X25*X15 + X25*X17 + X25*X18 + X25*X20 + X25*X21 + X25*X22 + X25*X23 + X25*X24 + X26*X3 + X26*X4 + X26*X5 + X26*X6 + X26*X15 + X26*X16 + X26*X19 + X26*X20 + X26*X23 + X26*X24 + X26*X25 + X27*X3 + X27*X4 + X27*X5 + X27*X6 + X27*X8 + X27*X9 + X27*X10 + X27*X11 + X27*X12 + X27*X13 + X27*X18 + X27*X19 + X27*X20 + X27*X24 + X27*X25 + X27*X26 + X2 + X4 + X6 + X10 + X11 + X12 + X16 + X18 + X20 + X22 + X23 + X26 + 1
X20*X4 + X24*X15 + X24*X18 + X24*X19 + X24*X20 + X24*X23 + X25*X1 + X25*X3 + X25*X4 + X25*X6 + X25*X7 + X25*X8 + X25*X9 + X25*X11 + X25*X12 + X25*X14 + X25*X15 + X25*X16 + X25*X17 + X25*X20 + X25*X21 + X25*X22 + X26*X1 + X26*X2 + X26*X3 + X26*X4 + X26*X7 + X26*X8 + X26*X9 + X26*X11 + X26*X15 + X26*X16 + X26*X19 + X26*X21 + X26*X24 + X26*X25 + X27*X3 + X27*X4 + X27*X5 + X27*X6 + X27*X9 + X27*X12 + X27*X14 + X27*X15 + X27*X18 + X27*X20 + X27*X21 + X27*X22 + X27*X24 + X27*X26 + X1 + X6 + X7 + X8 + X11 + X12 + X14 + X19 + X21 + X23 + X24 + X25 + 1
X20*X3 + X24*X15 + X24*X21 + X24*X22 + X25*X1 + X25*X2 + X25*X3 + X25*X6 + X25*X7 + X25*X8 + X25*X9 + X25*X11 + X25*X12 + X25*X13 + X25*X18 + X25*X19 + X25*X20 + X25*X21 + X25*X22 + X25*X23 + X25*X24 + X26*X1 + X26*X4 + X26*X5 + X26*X7 + X26*X10 + X26*X11 + X26*X13 + X26*X14 + X26*X16 + X26*X17 + X26*X19 + X26*X20 + X26*X21 + X26*X24 + X27*X1 + X27*X2 + X27*X3 + X27*X4 + X27*X5 + X27*X6 + X27*X11 + X27*X12 + X27*X14 + X27*X19 + X27*X22 + X27*X25 + X27*X26 + X1 + X4 + X5 + X10 + X11 + X16 + X17 + X20 + X21 + X22 + X24 + X26 + X27
X20*X2 + X24*X14 + X24*X17 + X24*X19 + X24*X20 + X24*X23 + X25*X1 + X25*X5 + X25*X6 + X25*X7 + X25*X8 + X25*X9 + X25*X10 + X25*X11 + X25*X13 + X25*X14 + X25*X15 + X25*X16 + X25*X19 + X25*X20 + X25*X21 + X25*X23 + X25*X24 + X26*X1 + X26*X2 + X26*X6 + X26*X7 + X26*X8 + X26*X9 + X26*X11 + X26*X12 + X26*X16 + X26*X18 + X26*X19 + X26*X20 + X26*X21 + X26*X24 + X26*X25 + X27*X2 + X27*X5 + X27*X8 + X27*X9 + X27*X14 + X27*X15 + X27*X16 + X27*X18 + X27*X20 + X27*X22 + X27*X24 + X1 + X2 + X5 + X7 + X10 + X11 + X13 + X15 + X16 + X17 + X18 + X20 + X22 + X23
X20*X1 + X24*X17 + X24*X20 + X25*X2 + X25*X3 + X25*X4 + X25*X5 + X25*X6 + X25*X9 + X25*X11 + X25*X12 + X25*X13 + X25*X14 + X25*X15 + X25*X18 + X25*X22 + X25*X24 + X26*X2 + X26*X4 + X26*X5 + X26*X6 + X26*X7 + X26*X8 + X26*X9 + X26*X10 + X26*X12 + X26*X13 + X26*X15 + X26*X16 + X26*X18 + X26*X19 + X26*X20 + X26*X21 + X26*X22 + X26*X24 + X27*X1 + X27*X2 + X27*X3 + X27*X4 + X27*X5 + X27*X7 + X27*X8 + X27*X12 + X27*X13 + X27*X20 + X27*X21 + X27*X22 + X27*X24 + X27*X25 + X2 + X6 + X7 + X8 + X10 + X11 + X13 + X15 + X16 + X17 + X18 + X19 + X20 + X21 + X23 + X24 + X26 + X27 + 1
X19^2 + X19
X19*X18 + X24*X14 + X24*X15 + X24*X18 + X25*X4 + X25*X5 + X25*X6 + X25*X7 + X25*X8 + X25*X9 + X25*X10 + X25*X11 + X25*X13 + X25*X14 + X25*X15 + X25*X17 + X25*X18 + X26*X1 + X26*X5 + X26*X11 + X26*X12 + X26*X14 + X26*X15 + X26*X18 + X26*X19 + X26*X21 + X26*X22 + X26*X23 + X26*X25 + X27*X2 + X27*X4 + X27*X9 + X27*X11 + X27*X12 + X27*X16 + X27*X18 + X27*X19 + X27*X21 + X27*X22 + X27*X23 + X3 + X5 + X7 + X9 + X13 + X17 + X18 + X19 + X21 + X23 + X26 + X27 + 1
X19*X17 + X24*X15 + X24*X17 + X24*X19 + X24*X21 + X24*X23 + X25*X1 + X25*X2 + X25*X3 + X25*X4 + X25*X5 + X25*X6 + X25*X10 + X25*X15 + X25*X17 + X25*X18 + X25*X19 + X25*X23 + X25*X24 + X26*X1 + X26*X3 + X26*X7 + X26*X8 + X26*X9 + X26*X10 + X26*X14 + X26*X15 + X26*X17 + X26*X20 + X26*X22 + X26*X24 + X27*X1 + X27*X2 + X27*X9 + X27*X11 + X27*X13 + X27*X14 + X27*X16 + X27*X21 + X27*X23 + X27*X24 + X27*X26 + X1 + X2 + X7 + X12 + X16 + X19 + X20 + X23 + X25 + X26 + 1
X19*X16 + X24*X14 + X24*X15 + X24*X18 + X24*X20 + X24*X21 + X24*X22 + X25*X2 + X25*X3 + X25*X5 + X25*X9 + X25*X10 + X25*X15 + X25*X16 + X25*X17 + X25*X20 + X25*X21 + X25*X22 + X25*X23 + X25*X24 + X26*X3 + X26*X4 + X26*X5 + X26*X7 + X26*X9 + X26*X15 + X26*X17 + X26*X18 + X26*X19 + X26*X25 + X27*X1 + X27*X6 + X27*X7 + X27*X10 + X27*X11 + X27*X13 + X27*X17 + X27*X18 + X27*X19 + X27*X20 + X27*X21 + X27*X22 + X27*X26 + X3 + X7 + X8 + X10 + X11 + X13 + X16 + X17 + X18 + X19 + X21 + X24 + X26
X19*X15 + X24*X18 + X24*X22 + X25*X1 + X25*X2 + X25*X3 + X25*X4 + X25*X5 + X25*X8 + X25*X13 + X25*X14 + X25*X15 + X25*X19 + X25*X23 + X26*X1 + X26*X2 + X26*X4 + X26*X6 + X26*X8 + X26*X12 + X26*X13 + X26*X15 + X26*X17 + X26*X24 + X26*X25 + X27*X3 + X27*X5 + X27*X6 + X27*X9 + X27*X11 + X27*X13 + X27*X15 + X27*X18 + X27*X19 + X27*X20 + X27*X22 + X27*X24 + X27*X26 + X1 + X2 + X5 + X6 + X8 + X10 + X12 + X14 + X16 + X17 + X18 + X20 + X21 + X24 + X25 + X26 + X27 + 1
X19*X14 + X24*X14 + X24*X17 + X24*X20 + X24*X21 + X24*X23 + X25*X1 + X25*X3 + X25*X4 + X25*X5 + X25*X12 + X25*X14 + X25*X17 + X25*X20 + X25*X21 + X25*X22 + X25*X23 + X26*X1 + X26*X2 + X26*X5 + X26*X6 + X26*X8 + X26*X9 + X26*X10 + X26*X13 + X26*X14 + X26*X17 + X26*X18 + X26*X20 + X26*X22 + X26*X25 + X27*X2 + X27*X3 + X27*X8 + X27*X12 + X27*X15 + X27*X16 + X27*X18 + X27*X20 + X27*X21 + X27*X22 + X27*X25 + X4 + X7 + X13 + X17 + X19 + X21 + X22 + X23 + X26
X19*X13 + X24*X15 + X24*X18 + X25*X3 + X25*X7 + X25*X8 + X25*X9 + X25*X12 + X25*X14 + X25*X16 + X25*X17 + X25*X18 + X25*X20 + X25*X21 + X25*X22 + X25*X23 + X26*X2 + X26*X5 + X26*X6 + X26*X7 + X26*X8 + X26*X9 + X26*X10 + X26*X11 + X26*X12 + X26*X13 + X26*X15 + X26*X17 + X26*X18 + X26*X20 + X26*X22 + X26*X23 + X26*X25 + X27*X1 + X27*X3 + X27*X4 + X27*X6 + X27*X7 + X27*X10 + X27*X14 + X27*X16 + X27*X18 + X27*X19 + X27*X20 + X27*X21 + X27*X22 + X27*X24 + X27*X25 + X27*X26 + X4 + X5 + X7 + X8 + X10 + X11 + X12 + X18 + X19 + X20 + X21 + X25 + X26 + X27 + 1
X19*X12 + X24*X14 + X24*X18 + X24*X19 + X24*X21 + X24*X22 + X24*X23 + X25*X1 + X25*X6 + X25*X7 + X25*X9 + X25*X11 + X25*X13 + X25*X14 + X25*X15 + X25*X16 + X25*X17 + X25*X18 + X25*X19 + X25*X20 + X25*X21 + X25*X22 + X26*X1 + X26*X2 + X26*X3 + X26*X9 + X26*X10 + X26*X11 + X26*X12 + X26*X13 + X26*X14 + X26*X15 + X26*X19 + X26*X20 + X26*X22 + X26*X25 + X27*X1 + X27*X2 + X27*X3 + X27*X7 + X27*X8 + X27*X10 + X27*X11 + X27*X15 + X27*X17 + X27*X19 + X1 + X4 + X5 + X9 + X10 + X11 + X13 + X14 + X15 + X16 + X20 + X21 + X23 + X25 + X26 + 1
X19*X11 + X24*X14 + X24*X18 + X24*X22 + X24*X23 + X25*X1 + X25*X4 + X25*X5 + X25*X6 + X25*X10 + X25*X12 + X25*X14 + X25*X15 + X25*X16 + X25*X18 + X25*X21 + X25*X23 + X25*X24 + X26*X1 + X26*X2 + X26*X4 + X26*X9 + X26*X10 + X26*X11 + X26*X12 + X26*X19 + X26*X20 + X27*X1 + X27*X2 + X27*X5 + X27*X7 + X27*X9 + X27*X11 + X27*X13 + X27*X14 + X27*X16 + X27*X17 + X27*X18 + X27*X20 + X27*X21 + X27*X25 + X5 + X6 + X7 + X8 + X9 + X10 + X13 + X15 + X19 + X20 + X22 + X23 + X24 + X25 + X27 + 1
X19*X10 + X24*X18 + X24*X19 + X24*X20 + X24*X22 + X25*X3 + X25*X4 + X25*X9 + X25*X10 + X25*X12 + X25*X13 + X25*X14 + X25*X17 + X25*X18 + X25*X19 + X25*X21 + X25*X24 + X26*X5 + X26*X7 + X26*X15 + X26*X17 + X26*X18 + X26*X19 + X26*X20 + X26*X22 + X26*X23 + X27*X5 + X27*X6 + X27*X7 + X27*X13 + X27*X14 + X27*X15 + X27*X17 + X27*X20 + X27*X23 + X27*X26 + X2 + X4 + X6 + X10 + X11 + X12 + X14 + X16 + X17 + X18 + X19 + X20 + X22 + X23 + X24 + X26 + X27
X19*X9 + X24*X14 + X24*X17 + X24*X18 + X24*X20 + X24*X21 + X24*X22 + X25*X2 + X25*X5 + X25*X9 + X25*X11 + X25*X16 + X25*X18 + X25*X20 + X25*X21 + X25*X22 + X26*X2 + X26*X3 + X26*X7 + X26*X8 + X26*X9 + X26*X13 + X26*X16 + X26*X17 + X26*X18 + X27*X3 + X27*X6 + X27*X8 + X27*X9 + X27*X11 + X27*X12 + X27*X13 + X27*X15 + X27*X16 + X27*X18 + X27*X21 + X27*X23 + X27*X24 + X27*X26 + X3 + X4 + X5 + X8 + X14 + X16 + X25 + X26 + X27 + 1
X19*X8 + X24*X14 + X24*X19 + X24*X22 + X25*X1 + X25*X3 + X25*X10 + X25*X15 + X25*X19 + X25*X20 + X25*X24 + X26*X1 + X26*X2 + X26*X3 + X26*X4 + X26*X5 + X26*X8 + X26*X10 + X26*X14 + X26*X16 + X26*X17 + X26*X20 + X26*X23 + X26*X25 + X27*X2 + X27*X6 + X27*X7 + X27*X10 + X27*X11 + X27*X13 + X27*X15 + X27*X17 + X27*X19 + X27*X24 + X27*X25 + X27*X26 + X1 + X2 + X9 + X15 + X25 + X27 + 1
X19*X7 + X24*X15 + X24*X18 + X24*X21 + X24*X22 + X24*X23 + X25*X1 + X25*X3 + X25*X4 + X25*X5 + X25*X6 + X25*X7 + X25*X9 + X25*X10 + X25*X11 + X25*X12 + X25*X13 + X25*X16 + X25*X17 + X25*X18 + X25*X20 + X25*X21 + X25*X22 + X25*X24 + X26*X2 + X26*X4 + X26*X5 + X26*X6 + X26*X7 + X26*X11 + X26*X16 + X26*X17 + X26*X19 + X26*X21 + X26*X23 + X26*X24 + X26*X25 + X27*X3 + X27*X5 + X27*X6 + X27*X11 + X27*X12 + X27*X13 + X27*X14 + X27*X15 + X27*X19 + X27*X20 + X27*X21 + X27*X24 + X1 + X3 + X5 + X6 + X7 + X10 + X11 + X16 + X20 + X22 + X23 + X24 + X25 + X27
X19*X6 + X24*X15 + X24*X18 + X24*X19 + X24*X20 + X24*X21 + X24*X23 + X25*X1 + X25*X2 + X25*X3 + X25*X6 + X25*X7 + X25*X10 + X25*X13 + X25*X14 + X25*X15 + X25*X17 + X25*X21 + X25*X22 + X25*X23 + X26*X1 + X26*X2 + X26*X4 + X26*X7 + X26*X8 + X26*X9 + X26*X11 + X26*X12 + X26*X15 + X26*X16 + X26*X17 + X26*X18 + X26*X20 + X26*X22 + X26*X24 + X27*X1 + X27*X7 + X27*X9 + X27*X14 + X27*X15 + X27*X16 + X27*X17 + X27*X18 + X27*X21 + X27*X22 + X27*X26 + X2 + X4 + X5 + X6 + X12 + X13 + X17 + X18 + X20 + X22 + X23 + X24 + X26 + X27
X19*X5 + X24*X15 + X24*X18 + X24*X19 + X24*X20 + X24*X21 + X24*X22 + X25*X1 + X25*X2 + X25*X5 + X25*X6 + X25*X10 + X25*X14 + X25*X16 + X25*X17 + X25*X24 + X26*X1 + X26*X3 + X26*X5 + X26*X6 + X26*X7 + X26*X10 + X26*X11 + X26*X14 + X26*X15 + X26*X16 + X26*X17 + X26*X20 + X26*X21 + X27*X1 + X27*X3 + X27*X5 + X27*X6 + X27*X9 + X27*X10 + X27*X11 + X27*X13 + X27*X20 + X27*X22 + X27*X23 + X27*X24 + X27*X25 + X27*X26 + X3 + X4 + X9 + X11 + X15 + X16 + X17 + X19 + X20 + X21 + X24 + 1
X19*X4 + X24*X14 + X24*X18 + X24*X20 + X24*X22 + X24*X23 + X25*X2 + X25*X4 + X25*X6 + X25*X13 + X25*X14 + X25*X16 + X25*X20 + X25*X23 + X25*X24 + X26*X1 + X26*X2 + X26*X3 + X26*X5 + X26*X7 + X26*X9 + X26*X10 + X26*X11 + X26*X12 + X26*X13 + X26*X15 + X26*X19 + X26*X21 + X26*X24 + X27*X1 + X27*X2 + X27*X9 + X27*X12 + X27*X14 + X27*X15 + X27*X16 + X27*X17 + X27*X18 + X27*X19 + X27*X22 + X27*X23 + X27*X25 + X1 + X10 + X11 + X13 + X15 + X16 + X19 + X22 + X23 + X24 + X25 + X27
X19*X3 + X24*X18 + X24*X19 + X24*X20 + X24*X21 + X25*X1 + X25*X2 + X25*X3 + X25*X4 + X25*X5 + X25*X6 + X25*X7 + X25*X16 + X25*X17 + X25*X18 + X25*X19 + X25*X20 + X25*X22 + X26*X1 + X26*X6 + X26*X9 + X26*X13 + X26*X14 + X26*X18 + X26*X20 + X26*X21 + X26*X22 + X27*X3 + X27*X6 + X27*X7 + X27*X8 + X27*X9 + X27*X11 + X27*X16 + X27*X17 + X27*X18 + X27*X21 + X27*X22 + X27*X23 + X27*X24 + X27*X25 + X1 + X4 + X5 + X6 + X7 + X9 + X13 + X14 + X15 + X16 + X17 + X19 + X24 + X25 + X26 + X27 + 1
X19*X2 + X24*X14 + X24*X17 + X24*X19 + X24*X20 + X24*X22 + X25*X2 + X25*X4 + X25*X6 + X25*X7 + X25*X9 + X25*X10 + X25*X16 + X25*X17 + X25*X22 + X25*X23 + X26*X4 + X26*X5 + X26*X6 + X26*X12 + X26*X16 + X26*X18 + X26*X20 + X26*X24 + X27*X3 + X27*X4 + X27*X5 + X27*X6 + X27*X7 + X27*X9 + X27*X10 + X27*X16 + X27*X18 + X27*X21 + X27*X22 + X27*X24 + X27*X26 + X2 + X4 + X5 + X6 + X7 + X10 + X11 + X13 + X14 + X15 + X16 + X18 + X19 + X20 + X21 + X23 + X24 + X26 + X27 + 1
X19*X1 + X24*X14 + X24*X15 + X25*X1 + X25*X2 + X25*X7 + X25*X8 + X25*X12 + X25*X13 + X25*X15 + X25*X17 + X25*X18 + X25*X19 + X25*X21 + X25*X23 + X25*X24 + X26*X2 + X26*X3 + X26*X5 + X26*X8 + X26*X9 + X26*X10 + X26*X11 + X26*X13 + X26*X16 + X26*X18 + X26*X21 + X26*X23 + X27*X1 + X27*X3 + X27*X7 + X27*X13 + X27*X14 + X27*X16 + X27*X18 + X27*X19 + X27*X20 + X27*X21 + X27*X22 + X27*X23 + X27*X24 + X27*X25 + X27*X26 + X2 + X3 + X8 + X10 + X12 + X17 + X18 + X19 + X22 + X23 + X25 + X26 + 1
X18^2 + X18
X18*X17 + X24*X17 + X24*X20 + X24*X21 + X24*X23 + X25*X3 + X25*X5 + X25*X6 + X25*X7 + X25*X10 + X25*X11 + X25*X12 + X25*X14 + X25*X15 + X25*X16 + X25*X20 + X25*X22 + X25*X24 + X26*X1 + X26*X2 + X26*X6 + X26*X7 + X26*X11 + X26*X14 + X26*X17 + X26*X18 + X26*X20 + X26*X22 + X26*X24 + X27*X1 + X27*X2 + X27*X3 + X27*X5 + X27*X8 + X27*X9 + X27*X10 + X27*X12 + X27*X14 + X27*X15 + X27*X16 + X27*X17 + X27*X18 + X27*X20 + X27*X21 + X27*X22 + X27*X23 + X1 + X2 + X3 + X4 + X11 + X12 + X14 + X15 + X16 + X17 + X23 + X24 + X26 + 1
X18*X16 + X24*X14 + X24*X17 + X24*X20 + X25*X1 + X25*X6 + X25*X8 + X25*X9 + X25*X12 + X25*X13 + X25*X15 + X25*X18 + X25*X19 + X25*X20 + X25*X21 + X25*X22 + X26*X1 + X26*X6 + X26*X7 + X26*X10 + X26*X11 + X26*X12 + X26*X14 + X26*X17 + X26*X18 + X26*X19 + X26*X20 + X26*X21 + X26*X22 + X26*X23 + X27*X2 + X27*X5 + X27*X6 + X27*X8 + X27*X9 + X27*X10 + X27*X13 + X27*X14 + X27*X15 + X27*X16 + X27*X18 + X27*X20 + X27*X22 + X27*X23 + X27*X24 + X27*X26 + X4 + X6 + X8 + X9 + X11 + X12 + X13 + X16 + X17 + X18 + X20 + X24 + X26 + 1
X18*X15 + X24*X14 + X24*X17 + X24*X18 + X24*X20 + X24*X21 + X24*X22 + X24*X23 + X25*X3 + X25*X4 + X25*X5 + X25*X8 + X25*X12 + X25*X13 + X25*X16 + X25*X19 + X25*X21 + X25*X22 + X26*X4 + X26*X8 + X26*X11 + X26*X14 + X26*X15 + X26*X16 + X26*X17 + X26*X18 + X26*X19 + X26*X20 + X26*X22 + X26*X23 + X26*X24 + X27*X2 + X27*X3 + X27*X6 + X27*X7 + X27*X10 + X27*X11 + X27*X14 + X27*X15 + X27*X18 + X27*X19 + X27*X20 + X27*X21 + X27*X26 + X3 + X8 + X10 + X11 + X12 + X13 + X15 + X16 + X17 + X21 + X22 + X26 + X27 + 1
X18*X14 + X24*X17 + X24*X19 + X24*X20 + X24*X22 + X24*X23 + X25*X5 + X25*X6 + X25*X7 + X25*X9 + X25*X12 + X25*X14 + X25*X16 + X25*X18 + X25*X19 + X25*X24 + X26*X3 + X26*X4 + X26*X5 + X26*X9 + X26*X10 + X26*X12 + X26*X14 + X26*X16 + X26*X17 + X26*X18 + X26*X22 + X26*X23 + X26*X25 + X27*X2 + X27*X3 + X27*X5 + X27*X6 + X27*X7 + X27*X8 + X27*X9 + X27*X10 + X27*X12 + X27*X13 + X27*X14 + X27*X15 + X27*X20 + X27*X22 + X27*X24 + X27*X25 + X27*X26 + X3 + X4 + X5 + X6 + X10 + X12 + X13 + X15 + X16 + X17 + X18 + X19 + X22 + X23 + X24 + X26 + X27 + 1
X18*X13 + X24*X17 + X24*X19 + X24*X20 + X25*X1 + X25*X2 + X25*X4 + X25*X5 + X25*X9 + X25*X10 + X25*X12 + X25*X17 + X25*X18 + X25*X20 + X25*X21 + X25*X22 + X25*X23 + X25*X24 + X26*X1 + X26*X2 + X26*X3 + X26*X4 + X26*X6 + X26*X7 + X26*X13 + X26*X15 + X26*X16 + X26*X17 + X26*X19 + X26*X20 + X26*X21 + X26*X22 + X26*X23 + X26*X24 + X26*X25 + X27*X2 + X27*X5 + X27*X6 + X27*X8 + X27*X9 + X27*X10 + X27*X13 + X27*X18 + X27*X25 + X27*X26 + X1 + X2 + X8 + X10 + X12 + X13 + X14 + X22 + 1
X18*X12 + X24*X15 + X24*X17 + X24*X19 + X24*X21 + X24*X22 + X24*X23 + X25*X1 + X25*X3 + X25*X4 + X25*X5 + X25*X6 + X25*X8 + X25*X11 + X25*X13 + X25*X17 + X25*X20 + X25*X21 + X25*X23 + X26*X2 + X26*X3 + X26*X5 + X26*X6 + X26*X7 + X26*X9 + X26*X10 + X26*X15 + X26*X16 + X26*X17 + X26*X18 + X26*X19 + X26*X20 + X26*X23 + X27*X1 + X27*X3 + X27*X4 + X27*X5 + X27*X6 + X27*X7 + X27*X8 + X27*X9 + X27*X12 + X27*X15 + X27*X16 + X27*X17 + X27*X18 + X27*X19 + X27*X24 + X27*X25 + X27*X26 + X2 + X5 + X7 + X8 + X10 + X15 + X16 + X17 + X19 + X21 + X22 + X23 + X24
X18*X11 + X24*X14 + X24*X19 + X24*X20 + X25*X6 + X25*X7 + X25*X8 + X25*X9 + X25*X11 + X25*X13 + X25*X14 + X25*X15 + X25*X16 + X25*X17 + X25*X20 + X25*X21 + X25*X22 + X25*X24 + X26*X1 + X26*X4 + X26*X5 + X26*X8 + X26*X10 + X26*X11 + X26*X18 + X26*X19 + X26*X20 + X26*X22 + X26*X24 + X27*X1 + X27*X5 + X27*X7 + X27*X9 + X27*X10 + X27*X11 + X27*X12 + X27*X14 + X27*X19 + X27*X21 + X1 + X3 + X4 + X8 + X9 + X11 + X16 + X17 + X19 + X23 + X24 + X25 + X26 + X27 + 1
X18*X10 + X24*X15 + X24*X20 + X24*X21 + X24*X22 + X25*X1 + X25*X4 + X25*X5 + X25*X8 + X25*X11 + X25*X13 + X25*X14 + X25*X18 + X25*X20 + X25*X21 + X25*X23 + X25*X24 + X26*X4 + X26*X5 + X26*X7 + X26*X8 + X26*X11 + X26*X16 + X26*X17 + X26*X18 + X26*X19 + X26*X20 + X26*X21 + X26*X22 + X26*X25 + X27*X1 + X27*X2 + X27*X5 + X27*X7 + X27*X8 + X27*X9 + X27*X12 + X27*X13 + X27*X14 + X27*X15 + X27*X16 + X27*X17 + X27*X18 + X27*X21 + X27*X22 + X27*X23 + X27*X25 + X1 + X2 + X3 + X4 + X5 + X6 + X8 + X13 + X17 + X18 + X19 + X20 + X22 + X24 + X25 + X27 + 1
X18*X9 + X24*X15 + X24*X18 + X24*X20 + X24*X22 + X24*X23 + X25*X1 + X25*X2 + X25*X3 + X25*X5 + X25*X6 + X25*X7 + X25*X8 + X25*X9 + X25*X13 + X25*X14 + X25*X15 + X25*X17 + X25*X22 + X26*X2 + X26*X5 + X26*X6 + X26*X8 + X26*X10 + X26*X13 + X26*X15 + X26*X16 + X26*X17 + X26*X18 + X26*X19 + X26*X20 + X26*X22 + X26*X23 + X27*X2 + X27*X3 + X27*X5 + X27*X9 + X27*X11 + X27*X16 + X27*X18 + X27*X22 + X27*X24 + X27*X25 + X27*X26 + X1 + X6 + X8 + X9 + X12 + X15 + X16 + X17 + X20 + X23 + X25
X18*X8 + X24*X19 + X24*X20 + X24*X21 + X25*X5 + X25*X6 + X25*X8 + X25*X10 + X25*X11 + X25*X12 + X25*X13 + X25*X14 + X25*X20 + X25*X21 + X25*X22 + X26*X1 + X26*X4 + X26*X5 + X26*X7 + X26*X11 + X26*X12 + X26*X14 + X26*X15 + X26*X16 + X26*X17 + X26*X18 + X26*X20 + X26*X23 + X26*X24 + X26*X25 + X27*X2 + X27*X3 + X27*X4 + X27*X13 + X27*X14 + X27*X17 + X27*X18 + X27*X19 + X27*X23 + X27*X24 + X27*X25 + X2 + X3 + X6 + X7 + X8 + X9 + X10 + X15 + X17 + X18 + X19 + X22 + X23 + X24 + X26 + 1
X18*X7 + X24*X15 + X24*X19 + X24*X20 + X25*X1 + X25*X5 + X25*X13 + X25*X16 + X25*X17 + X25*X18 + X25*X19 + X25*X20 + X25*X21 + X25*X22 + X26*X1 + X26*X5 + X26*X9 + X26*X11 + X26*X13 + X26*X16 + X26*X18 + X26*X19 + X26*X20 + X26*X21 + X26*X22 + X26*X23 + X27*X2 + X27*X3 + X27*X4 + X27*X5 + X27*X6 + X27*X7 + X27*X15 + X27*X16 + X27*X18 + X27*X20 + X27*X21 + X27*X22 + X2 + X6 + X7 + X9 + X13 + X20 + X24 + X25
X18*X6 + X24*X14 + X24*X15 + X24*X21 + X25*X1 + X25*X3 + X25*X5 + X25*X7 + X25*X12 + X25*X14 + X25*X16 + X25*X19 + X25*X20 + X25*X21 + X25*X23 + X25*X24 + X26*X8 + X26*X13 + X26*X15 + X26*X19 + X26*X20 + X26*X21 + X26*X22 + X26*X23 + X26*X24 + X27*X2 + X27*X6 + X27*X7 + X27*X9 + X27*X10 + X27*X14 + X27*X15 + X27*X20 + X27*X21 + X27*X23 + X27*X26 + X2 + X3 + X4 + X6 + X7 + X9 + X10 + X11 + X12 + X15 + X16 + X22 + X23 + X25 + X26
X18*X5 + X24*X19 + X24*X21 + X24*X22 + X24*X23 + X25*X2 + X25*X3 + X25*X4 + X25*X5 + X25*X7 + X25*X8 + X25*X10 + X25*X12 + X25*X14 + X25*X15 + X25*X16 + X25*X17 + X25*X21 + X25*X23 + X25*X24 + X26*X1 + X26*X2 + X26*X3 + X26*X5 + X26*X6 + X26*X10 + X26*X11 + X26*X12 + X26*X15 + X26*X17 + X26*X18 + X26*X21 + X26*X24 + X27*X1 + X27*X2 + X27*X3 + X27*X4 + X27*X6 + X27*X8 + X27*X9 + X27*X10 + X27*X14 + X27*X17 + X27*X18 + X27*X22 + X27*X23 + X27*X25 + X1 + X5 + X8 + X9 + X12 + X13 + X14 + X16 + X20 + X21 + X22 + X25 + X26 + 1
X18*X4 + X24*X14 + X24*X19 + X24*X21 + X24*X22 + X25*X3 + X25*X5 + X25*X6 + X25*X7 + X25*X8 + X25*X10 + X25*X13 + X25*X14 + X25*X16 + X25*X19 + X25*X22 + X25*X23 + X26*X1 + X26*X2 + X26*X3 + X26*X4 + X26*X7 + X26*X8 + X26*X10 + X26*X11 + X26*X12 + X26*X13 + X26*X15 + X26*X16 + X26*X18 + X26*X19 + X26*X21 + X26*X22 + X27*X1 + X27*X2 + X27*X3 + X27*X5 + X27*X6 + X27*X7 + X27*X8 + X27*X9 + X27*X10 + X27*X13 + X27*X17 + X27*X18 + X27*X19 + X27*X21 + X27*X22 + X1 + X2 + X4 + X5 + X8 + X9 + X11 + X14 + X18 + X19 + X20 + X21 + X22 + X26 + X27 + 1
X18*X3 + X24*X17 + X24*X22 + X25*X2 + X25*X3 + X25*X4 + X25*X7 + X25*X8 + X25*X10 + X25*X11 + X25*X12 + X25*X16 + X25*X17 + X25*X18 + X25*X19 + X25*X21 + X26*X3 + X26*X7 + X26*X10 + X26*X11 + X26*X12 + X26*X15 + X26*X16 + X26*X17 + X26*X18 + X26*X20 + X26*X21 + X26*X22 + X26*X23 + X26*X24 + X27*X2 + X27*X4 + X27*X5 + X27*X7 + X27*X13 + X27*X14 + X27*X15 + X27*X23 + X27*X25 + X27*X26 + X2 + X5 + X10 + X13 + X16 + X20 + X21 + X24 + X25 + X27 + 1
X18*X2 + X24*X14 + X24*X15 + X24*X17 + X24*X19 + X24*X21 + X24*X23 + X25*X7 + X25*X9 + X25*X10 + X25*X11 + X25*X14 + X25*X16 + X25*X17 + X25*X20 + X25*X21 + X26*X1 + X26*X3 + X26*X5 + X26*X6 + X26*X11 + X26*X12 + X26*X14 + X26*X15 + X26*X17 + X26*X19 + X26*X20 + X26*X23 + X27*X6 + X27*X7 + X27*X8 + X27*X9 + X27*X11 + X27*X12 + X27*X15 + X27*X16 + X27*X17 + X27*X18 + X27*X19 + X27*X20 + X27*X21 + X27*X22 + X27*X24 + X27*X26 + X2 + X3 + X5 + X7 + X10 + X12 + X14 + X17 + X21 + X27
X18*X1 + X24*X15 + X24*X17 + X24*X19 + X24*X20 + X24*X22 + X25*X2 + X25*X4 + X25*X5 + X25*X7 + X25*X13 + X25*X17 + X25*X18 + X25*X21 + X25*X22 + X26*X1 + X26*X2 + X26*X5 + X26*X6 + X26*X12 + X26*X13 + X26*X14 + X26*X16 + X26*X17 + X26*X18 + X26*X19 + X26*X20 + X26*X22 + X26*X23 + X26*X24 + X26*X25 + X27*X1 + X27*X6 + X27*X9 + X27*X10 + X27*X11 + X27*X12 + X27*X13 + X27*X14 + X27*X15 + X27*X16 + X27*X18 + X27*X19 + X27*X20 + X27*X22 + X27*X23 + X27*X24 + X27*X25 + X2 + X5 + X7 + X8 + X9 + X10 + X11 + X16 + X17 + X18 + X20 + X22 + X24 + X25 + X26 + 1
X17^2 + X17
X17*X16 + X24*X14 + X24*X19 + X24*X20 + X24*X22 + X25*X5 + X25*X7 + X25*X9 + X25*X11 + X25*X14 + X25*X15 + X25*X16 + X25*X17 + X25*X18 + X25*X21 + X25*X22 + X26*X3 + X26*X10 + X26*X14 + X26*X15 + X26*X18 + X26*X19 + X26*X25 + X27*X5 + X27*X8 + X27*X9 + X27*X10 + X27*X11 + X27*X12 + X27*X16 + X27*X18 + X27*X21 + X27*X23 + X27*X24 + X27*X26 + X1 + X3 + X4 + X5 + X7 + X8 + X9 + X10 + X17 + X18 + X20 + X22 + X23 + X24 + X25 + X26 + X27 + 1
X17*X15 + X24*X14 + X24*X15 + X24*X18 + X24*X20 + X24*X21 + X24*X22 + X25*X1 + X25*X2 + X25*X3 + X25*X5 + X25*X7 + X25*X8 + X25*X13 + X25*X14 + X25*X15 + X25*X18 + X25*X20 + X25*X21 + X25*X22 + X26*X1 + X26*X2 + X26*X6 + X26*X8 + X26*X9 + X26*X10 + X26*X13 + X26*X14 + X26*X15 + X26*X19 + X26*X21 + X26*X23 + X26*X24 + X26*X25 + X27*X2 + X27*X3 + X27*X4 + X27*X7 + X27*X9 + X27*X10 + X27*X15 + X27*X18 + X27*X19 + X27*X20 + X27*X21 + X27*X22 + X27*X25 + X1 + X2 + X4 + X6 + X10 + X13 + X18 + X19 + X21 + X22 + X23 + X24 + X25 + X26 + 1
X17*X14 + X24*X14 + X24*X15 + X24*X17 + X24*X19 + X24*X20 + X24*X23 + X25*X1 + X25*X2 + X25*X5 + X25*X6 + X25*X7 + X25*X8 + X25*X10 + X25*X11 + X25*X12 + X25*X14 + X25*X15 + X25*X21 + X25*X22 + X25*X24 + X26*X2 + X26*X4 + X26*X8 + X26*X10 + X26*X12 + X26*X13 + X26*X16 + X26*X19 + X26*X20 + X26*X21 + X26*X22 + X26*X23 + X26*X25 + X27*X3 + X27*X5 + X27*X6 + X27*X8 + X27*X10 + X27*X12 + X27*X13 + X27*X14 + X27*X16 + X27*X17 + X27*X19 + X27*X22 + X27*X23 + X27*X24 + X27*X25 + X27*X26 + X1 + X4 + X7 + X10 + X11 + X13 + X15 + X16 + X20 + X25 + X26 + 1
X17*X13 + X24*X17 + X24*X20 + X24*X21 + X25*X1 + X25*X2 + X25*X3 + X25*X5 + X25*X6 + X25*X8 + X25*X12 + X25*X13 + X25*X17 + X25*X20 + X25*X23 + X25*X24 + X26*X1 + X26*X3 + X26*X4 + X26*X9 + X26*X16 + X26*X17 + X26*X19 + X26*X21 + X26*X22 + X26*X23 + X27*X1 + X27*X3 + X27*X4 + X27*X7 + X27*X13 + X27*X14 + X27*X15 + X27*X16 + X27*X17 + X27*X18 + X27*X22 + X27*X24 + X27*X25 + X27*X26 + X1 + X2 + X3 + X4 + X5 + X6 + X10 + X11 + X12 + X15 + X17 + X18 + X20 + X21 + X22 + X24 + X25
X17*X12 + X24*X14 + X24*X15 + X24*X17 + X24*X18 + X24*X19 + X24*X20 + X24*X22 + X25*X2 + X25*X3 + X25*X4 + X25*X6 + X25*X7 + X25*X11 + X25*X13 + X25*X14 + X25*X19 + X25*X20 + X25*X22 + X26*X1 + X26*X2 + X26*X3 + X26*X4 + X26*X6 + X26*X7 + X26*X8 + X26*X15 + X26*X16 + X26*X17 + X26*X19 + X26*X25 + X27*X1 + X27*X4 + X27*X5 + X27*X7 + X27*X8 + X27*X9 + X27*X10 + X27*X11 + X27*X12 + X27*X15 + X27*X19 + X27*X20 + X27*X21 + X27*X23 + X1 + X8 + X11 + X12 + X13 + X15 + X16 + X17 + X21 + X22 + X24 + X27
X17*X11 + X24*X14 + X24*X15 + X24*X18 + X24*X20 + X24*X23 + X25*X1 + X25*X4 + X25*X5 + X25*X7 + X25*X8 + X25*X10 + X25*X12 + X25*X16 + X25*X19 + X25*X21 + X25*X22 + X25*X24 + X26*X1 + X26*X2 + X26*X3 + X26*X6 + X26*X10 + X26*X13 + X26*X14 + X26*X15 + X26*X17 + X26*X21 + X26*X22 + X26*X23 + X26*X24 + X26*X25 + X27*X1 + X27*X2 + X27*X4 + X27*X5 + X27*X7 + X27*X8 + X27*X9 + X27*X10 + X27*X16 + X27*X17 + X27*X23 + X27*X24 + X27*X25 + X27*X26 + X3 + X4 + X6 + X10 + X11 + X13 + X14 + X15 + X17 + X18 + X19 + X24 + X25 + X26 + X27
X17*X10 + X24*X15 + X24*X17 + X24*X20 + X24*X21 + X24*X22 + X24*X23 + X25*X1 + X25*X6 + X25*X10 + X25*X12 + X25*X14 + X25*X15 + X25*X17 + X25*X18 + X25*X19 + X25*X22 + X26*X1 + X26*X3 + X26*X5 + X26*X10 + X26*X12 + X26*X15 + X26*X16 + X26*X18 + X26*X19 + X26*X20 + X26*X21 + X26*X25 + X27*X1 + X27*X2 + X27*X5 + X27*X12 + X27*X13 + X27*X15 + X27*X16 + X27*X18 + X27*X21 + X27*X22 + X27*X23 + X27*X24 + X27*X25 + X6 + X9 + X10 + X12 + X17 + X19 + X23 + X24 + X25 + X26
X17*X9 + X24*X14 + X24*X15 + X24*X19 + X24*X20 + X24*X21 + X25*X2 + X25*X6 + X25*X7 + X25*X9 + X25*X12 + X25*X13 + X25*X14 + X25*X15 + X25*X16 + X25*X17 + X25*X19 + X25*X21 + X25*X22 + X26*X1 + X26*X2 + X26*X3 + X26*X4 + X26*X5 + X26*X6 + X26*X9 + X26*X12 + X26*X14 + X26*X19 + X26*X20 + X27*X1 + X27*X3 + X27*X5 + X27*X6 + X27*X7 + X27*X8 + X27*X9 + X27*X10 + X27*X16 + X27*X20 + X27*X21 + X27*X22 + X27*X23 + X27*X25 + X4 + X5 + X6 + X7 + X8 + X9 + X11 + X15 + X16 + X17 + X19 + X21 + X24 + X25 + X27 + 1
X17*X8 + X24*X14 + X24*X15 + X24*X17 + X24*X19 + X24*X20 + X25*X1 + X25*X4 + X25*X5 + X25*X7 + X25*X9 + X25*X10 + X25*X16 + X25*X18 + X25*X19 + X25*X20 + X25*X21 + X25*X22 + X25*X24 + X26*X1 + X26*X2 + X26*X3 + X26*X4 + X26*X7 + X26*X9 + X26*X10 + X26*X11 + X26*X12 + X26*X17 + X26*X19 + X26*X20 + X26*X24 + X27*X5 + X27*X7 + X27*X10 + X27*X12 + X27*X13 + X27*X15 + X27*X16 + X27*X17 + X27*X19 + X27*X23 + X27*X24 + X27*X25 + X2 + X3 + X4 + X6 + X8 + X10 + X11 + X14 + X15 + X16 + X18 + X22 + X23 + X24 + 1
X17*X7 + X24*X17 + X24*X18 + X24*X19 + X24*X20 + X24*X21 + X24*X22 + X25*X1 + X25*X3 + X25*X4 + X25*X5 + X25*X6 + X25*X7 + X25*X8 + X25*X9 + X25*X12 + X25*X15 + X25*X17 + X25*X19 + X25*X21 + X25*X22 + X25*X24 + X26*X1 + X26*X3 + X26*X5 + X26*X6 + X26*X10 + X26*X11 + X26*X13 + X26*X16 + X26*X18 + X26*X19 + X26*X21 + X26*X23 + X26*X24 + X26*X25 + X27*X2 + X27*X4 + X27*X7 + X27*X9 + X27*X11 + X27*X15 + X27*X17 + X27*X18 + X27*X22 + X27*X25 + X27*X26 + X2 + X7 + X9 + X10 + X11 + X12 + X13 + X14 + X17 + X19 + X20 + X21 + X22 + X24 + X25 + X27 + 1
X17*X6 + X24*X15 + X24*X17 + X24*X18 + X24*X20 + X24*X23 + X25*X5 + X25*X6 + X25*X9 + X25*X12 + X25*X14 + X25*X16 + X25*X18 + X25*X19 + X25*X21 + X25*X22 + X25*X23 + X25*X24 + X26*X1 + X26*X3 + X26*X4 + X26*X6 + X26*X7 + X26*X11 + X26*X12 + X26*X13 + X26*X15 + X26*X16 + X26*X21 + X26*X24 + X27*X1 + X27*X2 + X27*X3 + X27*X4 + X27*X5 + X27*X6 + X27*X8 + X27*X12 + X27*X13 + X27*X17 + X27*X20 + X27*X22 + X27*X24 + X27*X25 + X2 + X3 + X5 + X7 + X8 + X10 + X13 + X14 + X17 + X18 + X21 + X23 + X24
X17*X5 + X24*X17 + X24*X18 + X24*X19 + X24*X20 + X24*X22 + X24*X23 + X25*X3 + X25*X4 + X25*X5 + X25*X8 + X25*X9 + X25*X17 + X25*X19 + X25*X20 + X26*X6 + X26*X9 + X26*X10 + X26*X12 + X26*X18 + X26*X24 + X26*X25 + X27*X1 + X27*X3 + X27*X5 + X27*X10 + X27*X14 + X27*X17 + X27*X18 + X27*X19 + X27*X21 + X27*X22 + X27*X23 + X27*X24 + X27*X25 + X27*X26 + X2 + X3 + X4 + X6 + X10 + X11 + X15 + X19 + X22 + X23 + X24 + X25
X17*X4 + X24*X14 + X24*X15 + X24*X17 + X24*X18 + X24*X21 + X24*X22 + X25*X1 + X25*X3 + X25*X4 + X25*X5 + X25*X7 + X25*X8 + X25*X11 + X25*X12 + X25*X13 + X25*X14 + X25*X15 + X25*X18 + X25*X19 + X25*X21 + X25*X22 + X26*X1 + X26*X3 + X26*X5 + X26*X6 + X26*X7 + X26*X8 + X26*X9 + X26*X11 + X26*X12 + X26*X15 + X26*X16 + X26*X17 + X26*X18 + X26*X19 + X26*X21 + X26*X22 + X26*X23 + X27*X1 + X27*X2 + X27*X3 + X27*X4 + X27*X6 + X27*X12 + X27*X13 + X27*X15 + X27*X17 + X27*X21 + X27*X24 + X27*X25 + X7 + X8 + X9 + X12 + X14 + X16 + X17 + X19 + X22 + X23 + X24 + X25 + X26 + X27 + 1
X17*X3 + X24*X14 + X24*X18 + X24*X19 + X24*X21 + X24*X22 + X24*X23 + X25*X3 + X25*X5 + X25*X6 + X25*X7 + X25*X8 + X25*X9 + X25*X13 + X25*X15 + X25*X17 + X25*X18 + X25*X20 + X25*X21 + X25*X22 + X25*X23 + X25*X24 + X26*X1 + X26*X2 + X26*X5 + X26*X7 + X26*X10 + X26*X13 + X26*X14 + X26*X15 + X26*X17 + X26*X18 + X26*X19 + X26*X23 + X26*X24 + X26*X25 + X27*X1 + X27*X3 + X27*X4 + X27*X6 + X27*X9 + X27*X11 + X27*X12 + X27*X14 + X27*X16 + X27*X18 + X27*X19 + X27*X24 + X27*X25 + X4 + X5 + X6 + X7 + X8 + X11 + X12 + X18 + X19 + X21 + X25
X17*X2 + X24*X15 + X24*X18 + X24*X20 + X24*X22 + X25*X1 + X25*X10 + X25*X11 + X25*X12 + X25*X13 + X25*X18 + X25*X19 + X25*X23 + X25*X24 + X26*X3 + X26*X6 + X26*X7 + X26*X8 + X26*X10 + X26*X11 + X26*X12 + X26*X13 + X26*X17 + X26*X22 + X26*X23 + X27*X1 + X27*X2 + X27*X6 + X27*X8 + X27*X9 + X27*X11 + X27*X13 + X27*X15 + X27*X17 + X27*X21 + X27*X24 + X8 + X9 + X11 + X17 + X18 + X21 + X25 + X27
X17*X1 + X24*X14 + X24*X15 + X24*X17 + X24*X19 + X24*X21 + X24*X22 + X24*X23 + X25*X2 + X25*X3 + X25*X6 + X25*X9 + X25*X13 + X25*X15 + X25*X17 + X25*X19 + X25*X20 + X25*X23 + X26*X1 + X26*X2 + X26*X3 + X26*X4 + X26*X6 + X26*X7 + X26*X9 + X26*X10 + X26*X11 + X26*X12 + X26*X13 + X26*X18 + X26*X19 + X26*X21 + X26*X22 + X26*X23 + X26*X25 + X27*X1 + X27*X2 + X27*X4 + X27*X5 + X27*X6 + X27*X9 + X27*X10 + X27*X11 + X27*X12 + X27*X13 + X27*X14 + X27*X17 + X27*X18 + X27*X19 + X27*X20 + X27*X23 + X27*X24 + X27*X26 + X1 + X4 + X6 + X7 + X8 + X9 + X10 + X13 + X14 + X16 + X19 + X21 + X22 + X24 + X27 + 1
X16^2 + X16
X16*X15 + X24*X17 + X24*X18 + X24*X20 + X25*X1 + X25*X2 + X25*X4 + X25*X7 + X25*X8 + X25*X10 + X25*X14 + X25*X15 + X25*X21 + X25*X22 + X25*X23 + X25*X24 + X26*X3 + X26*X8 + X26*X9 + X26*X10 + X26*X11 + X26*X12 + X26*X13 + X26*X15 + X26*X18 + X26*X19 + X26*X20 + X26*X23 + X26*X24 + X27*X1 + X27*X2 + X27*X3 + X27*X5 + X27*X6 + X27*X10 + X27*X11 + X27*X12 + X27*X13 + X27*X15 + X27*X17 + X27*X23 + X27*X24 + X27*X25 + X2 + X4 + X5 + X6 + X8 + X11 + X12 + X13 + X15 + X16 + X19 + X20 + X21 + X23 + X26 + X27
X16*X14 + X24*X14 + X24*X18 + X24*X19 + X24*X20 + X24*X21 + X25*X2 + X25*X5 + X25*X6 + X25*X7 + X25*X9 + X25*X10 + X25*X11 + X25*X12 + X25*X13 + X25*X18 + X25*X20 + X25*X21 + X25*X22 + X25*X23 + X25*X24 + X26*X1 + X26*X3 + X26*X4 + X26*X5 + X26*X8 + X26*X14 + X26*X15 + X26*X17 + X26*X19 + X26*X20 + X27*X1 + X27*X2 + X27*X5 + X27*X7 + X27*X9 + X27*X10 + X27*X11 + X27*X13 + X27*X17 + X27*X19 + X27*X20 + X27*X21 + X27*X22 + X6 + X10 + X13 + X14 + X15 + X16 + X17 + X23 + X26 + 1
X16*X13 + X24*X15 + X24*X17 + X24*X21 + X24*X23 + X25*X1 + X25*X2 + X25*X4 + X25*X5 + X25*X10 + X25*X12 + X25*X13 + X25*X17 + X25*X18 + X25*X20 + X25*X21 + X25*X22 + X26*X2 + X26*X3 + X26*X6 + X26*X7 + X26*X10 + X26*X12 + X26*X14 + X26*X15 + X26*X16 + X26*X23 + X26*X25 + X27*X4 + X27*X6 + X27*X7 + X27*X8 + X27*X9 + X27*X12 + X27*X16 + X27*X17 + X27*X21 + X27*X23 + X27*X26 + X2 + X4 + X6 + X7 + X9 + X12 + X13 + X14 + X18 + X19 + X21 + X22 + X23 + X24 + X26
X16*X12 + X24*X15 + X24*X19 + X24*X20 + X24*X23 + X25*X3 + X25*X6 + X25*X11 + X25*X13 + X25*X16 + X25*X17 + X25*X21 + X25*X22 + X26*X1 + X26*X2 + X26*X5 + X26*X7 + X26*X10 + X26*X11 + X26*X12 + X26*X14 + X26*X18 + X26*X19 + X26*X20 + X26*X21 + X26*X22 + X26*X24 + X27*X1 + X27*X3 + X27*X6 + X27*X7 + X27*X8 + X27*X13 + X27*X15 + X27*X17 + X27*X18 + X27*X19 + X27*X20 + X27*X21 + X27*X24 + X27*X25 + X3 + X6 + X7 + X8 + X9 + X12 + X14 + X18 + X20 + X22 + X25 + X26
X16*X11 + X24*X14 + X24*X15 + X24*X17 + X24*X18 + X24*X19 + X25*X1 + X25*X2 + X25*X3 + X25*X4 + X25*X6 + X25*X7 + X25*X8 + X25*X9 + X25*X10 + X25*X13 + X25*X15 + X25*X17 + X25*X19 + X25*X21 + X25*X24 + X26*X1 + X26*X3 + X26*X9 + X26*X10 + X26*X16 + X26*X17 + X26*X19 + X26*X24 + X26*X25 + X27*X1 + X27*X3 + X27*X5 + X27*X6 + X27*X7 + X27*X9 + X27*X12 + X27*X16 + X27*X17 + X27*X18 + X27*X19 + X27*X20 + X27*X22 + X27*X24 + X1 + X4 + X6 + X7 + X8 + X9 + X11 + X12 + X14 + X16 + X18 + X24 + X26 + 1
X16*X10 + X24*X15 + X24*X19 + X24*X20 + X24*X21 + X24*X22 + X24*X23 + X25*X2 + X25*X4 + X25*X7 + X25*X12 + X25*X14 + X25*X15 + X25*X17 + X25*X18 + X25*X19 + X25*X21 + X25*X22 + X26*X1 + X26*X2 + X26*X3 + X26*X4 + X26*X5 + X26*X8 + X26*X9 + X26*X13 + X26*X14 + X26*X15 + X26*X17 + X26*X20 + X26*X21 + X26*X22 + X27*X1 + X27*X2 + X27*X3 + X27*X4 + X27*X5 + X27*X7 + X27*X8 + X27*X13 + X27*X14 + X27*X16 + X27*X17 + X27*X21 + X27*X22 + X27*X24 + X27*X25 + X3 + X5 + X6 + X8 + X9 + X13 + X14 + X15 + X18 + X19 + X21 + X23 + X24 + X25 + X26 + X27 + 1
X16*X9 + X24*X14 + X24*X15 + X24*X17 + X24*X18 + X24*X19 + X24*X20 + X25*X2 + X25*X4 + X25*X6 + X25*X7 + X25*X9 + X25*X10 + X25*X11 + X25*X13 + X25*X15 + X25*X17 + X25*X18 + X25*X19 + X25*X20 + X25*X24 + X26*X1 + X26*X3 + X26*X9 + X26*X10 + X26*X13 + X26*X14 + X26*X18 + X26*X21 + X26*X22 + X26*X25 + X27*X2 + X27*X4 + X27*X6 + X27*X8 + X27*X13 + X27*X14 + X27*X19 + X27*X23 + X27*X26 + X1 + X2 + X4 + X7 + X10 + X11 + X14 + X16 + X19 + X20 + X22 + X23 + X27 + 1
X16*X8 + X24*X14 + X25*X2 + X25*X3 + X25*X4 + X25*X5 + X25*X6 + X25*X10 + X25*X11 + X25*X14 + X25*X16 + X25*X19 + X25*X20 + X25*X21 + X25*X23 + X25*X24 + X26*X3 + X26*X8 + X26*X10 + X26*X12 + X26*X13 + X26*X15 + X26*X16 + X26*X19 + X26*X20 + X26*X25 + X27*X1 + X27*X2 + X27*X4 + X27*X5 + X27*X8 + X27*X10 + X27*X15 + X27*X20 + X27*X21 + X27*X23 + X27*X25 + X27*X26 + X4 + X5 + X6 + X7 + X10 + X11 + X12 + X14 + X15 + X16 + X17 + X18 + X21 + X23 + X24 + X26 + X27 + 1
X16*X7 + X24*X14 + X24*X18 + X24*X19 + X24*X20 + X24*X21 + X25*X1 + X25*X3 + X25*X4 + X25*X5 + X25*X6 + X25*X9 + X25*X11 + X25*X12 + X25*X14 + X25*X15 + X25*X17 + X25*X20 + X25*X22 + X25*X24 + X26*X1 + X26*X3 + X26*X4 + X26*X6 + X26*X7 + X26*X10 + X26*X12 + X26*X13 + X26*X14 + X26*X15 + X26*X17 + X26*X19 + X26*X20 + X26*X23 + X27*X3 + X27*X6 + X27*X8 + X27*X11 + X27*X15 + X27*X19 + X27*X22 + X27*X24 + X27*X26 + X1 + X5 + X8 + X9 + X10 + X11 + X14 + X15 + X16 + X17 + X22 + X23 + X24 + X25 + X26 + X27
X16*X6 + X24*X14 + X24*X17 + X24*X21 + X25*X2 + X25*X3 + X25*X5 + X25*X11 + X25*X12 + X25*X13 + X25*X14 + X25*X17 + X25*X19 + X25*X22 + X25*X23 + X26*X1 + X26*X2 + X26*X4 + X26*X8 + X26*X9 + X26*X10 + X26*X11 + X26*X13 + X26*X17 + X26*X23 + X27*X2 + X27*X3 + X27*X5 + X27*X9 + X27*X10 + X27*X11 + X27*X13 + X27*X16 + X27*X17 + X27*X18 + X27*X19 + X27*X20 + X27*X23 + X27*X24 + X27*X25 + X2 + X3 + X5 + X7 + X10 + X11 + X12 + X15 + X18 + X19 + X22 + X24 + X27
X16*X5 + X24*X14 + X24*X15 + X24*X17 + X24*X21 + X24*X23 + X25*X4 + X25*X7 + X25*X8 + X25*X9 + X25*X11 + X25*X13 + X25*X17 + X25*X18 + X25*X20 + X25*X23 + X26*X4 + X26*X8 + X26*X9 + X26*X10 + X26*X12 + X26*X13 + X26*X14 + X26*X21 + X26*X22 + X26*X23 + X26*X24 + X26*X25 + X27*X3 + X27*X5 + X27*X7 + X27*X8 + X27*X9 + X27*X10 + X27*X11 + X27*X14 + X27*X16 + X27*X20 + X27*X21 + X27*X22 + X27*X23 + X27*X25 + X27*X26 + X1 + X2 + X3 + X5 + X6 + X13 + X15 + X19 + X20 + X21 + X25 + X27
X16*X4 + X24*X19 + X24*X21 + X24*X22 + X24*X23 + X25*X1 + X25*X2 + X25*X3 + X25*X4 + X25*X5 + X25*X6 + X25*X10 + X25*X12 + X25*X15 + X25*X19 + X25*X22 + X25*X23 + X25*X24 + X26*X2 + X26*X3 + X26*X4 + X26*X5 + X26*X7 + X26*X9 + X26*X10 + X26*X11 + X26*X14 + X26*X16 + X26*X18 + X26*X21 + X26*X23 + X26*X24 + X26*X25 + X27*X2 + X27*X6 + X27*X7 + X27*X9 + X27*X11 + X27*X12 + X27*X13 + X27*X15 + X27*X17 + X27*X18 + X27*X20 + X27*X25 + X27*X26 + X1 + X4 + X9 + X10 + X12 + X15 + X16 + X18 + X20 + X21 + X23 + X25 + X26 + X27
X16*X3 + X24*X14 + X24*X15 + X24*X20 + X24*X21 + X24*X22 + X24*X23 + X25*X2 + X25*X6 + X25*X11 + X25*X13 + X25*X15 + X25*X16 + X25*X19 + X25*X20 + X25*X23 + X26*X4 + X26*X5 + X26*X6 + X26*X7 + X26*X8 + X26*X10 + X26*X12 + X26*X19 + X26*X24 + X26*X25 + X27*X2 + X27*X3 + X27*X4 + X27*X7 + X27*X11 + X27*X13 + X27*X15 + X27*X17 + X27*X19 + X27*X22 + X27*X23 + X27*X25 + X1 + X5 + X6 + X8 + X10 + X13 + X15 + X19 + X20 + X21 + X23 + X25 + X27
X16*X2 + X24*X14 + X24*X20 + X24*X21 + X24*X23 + X25*X1 + X25*X2 + X25*X4 + X25*X6 + X25*X9 + X25*X11 + X25*X13 + X25*X15 + X25*X16 + X25*X20 + X25*X21 + X25*X23 + X26*X1 + X26*X2 + X26*X3 + X26*X5 + X26*X6 + X26*X7 + X26*X8 + X26*X9 + X26*X11 + X26*X12 + X26*X15 + X26*X16 + X26*X18 + X26*X20 + X26*X22 + X26*X25 + X27*X2 + X27*X3 + X27*X6 + X27*X10 + X27*X11 + X27*X12 + X27*X18 + X27*X21 + X27*X22 + X27*X24 + X1 + X3 + X4 + X5 + X8 + X9 + X12 + X13 + X14 + X15 + X17 + X18 + X20 + X24 + X26 + X27 + 1
X16*X1 + X24*X14 + X24*X15 + X24*X17 + X24*X19 + X24*X21 + X24*X22 + X24*X23 + X25*X1 + X25*X2 + X25*X4 + X25*X5 + X25*X7 + X25*X11 + X25*X12 + X25*X13 + X25*X17 + X25*X18 + X25*X19 + X25*X20 + X25*X21 + X25*X22 + X25*X23 + X25*X24 + X26*X2 + X26*X5 + X26*X7 + X26*X9 + X26*X15 + X26*X17 + X26*X22 + X26*X25 + X27*X5 + X27*X6 + X27*X7 + X27*X9 + X27*X10 + X27*X11 + X27*X15 + X27*X16 + X27*X18 + X27*X19 + X27*X20 + X2 + X3 + X12 + X16 + X17 + X18 + X19 + X20 + X24 + X27
X15^2 + X15
X15*X14 + X24*X19 + X24*X21 + X25*X3 + X25*X4 + X25*X5 + X25*X6 + X25*X8 + X25*X10 + X25*X11 + X25*X12 + X25*X14 + X25*X19 + X25*X20 + X26*X1 + X26*X2 + X26*X3 + X26*X5 + X26*X8 + X26*X11 + X26*X13 + X26*X14 + X26*X19 + X26*X20 + X26*X23 + X26*X25 + X27*X1 + X27*X2 + X27*X4 + X27*X7 + X27*X9 + X27*X10 + X27*X15 + X27*X17 + X27*X19 + X27*X20 + X27*X21 + X27*X22 + X27*X23 + X27*X25 + X1 + X3 + X5 + X7 + X8 + X9 + X12 + X13 + X18 + X19 + X20 + X21 + X24 + X26
X15*X13 + X24*X15 + X24*X17 + X24*X18 + X24*X20 + X24*X23 + X25*X4 + X25*X5 + X25*X6 + X25*X8 + X25*X10 + X25*X15 + X25*X18 + X25*X20 + X25*X21 + X25*X22 + X26*X3 + X26*X4 + X26*X6 + X26*X7 + X26*X9 + X26*X10 + X26*X11 + X26*X12 + X26*X14 + X26*X15 + X26*X16 + X26*X17 + X26*X19 + X26*X20 + X26*X23 + X26*X25 + X27*X5 + X27*X8 + X27*X9 + X27*X10 + X27*X14 + X27*X15 + X27*X17 + X27*X18 + X27*X19 + X27*X24 + X27*X25 + X27*X26 + X3 + X4 + X5 + X7 + X8 + X10 + X11 + X13 + X17 + X18 + X19 + X20 + X21 + X23 + X24 + X26
X15*X12 + X24*X18 + X24*X19 + X24*X20 + X24*X21 + X24*X23 + X25*X1 + X25*X3 + X25*X4 + X25*X5 + X25*X6 + X25*X12 + X25*X13 + X25*X14 + X25*X17 + X25*X18 + X25*X21 + X25*X23 + X26*X2 + X26*X5 + X26*X6 + X26*X8 + X26*X10 + X26*X13 + X26*X15 + X26*X17 + X26*X20 + X26*X23 + X26*X24 + X26*X25 + X27*X3 + X27*X6 + X27*X8 + X27*X9 + X27*X10 + X27*X11 + X27*X16 + X27*X17 + X27*X18 + X27*X19 + X27*X21 + X27*X23 + X27*X26 + X2 + X4 + X5 + X8 + X9 + X11 + X12 + X13 + X15 + X17 + X19 + X20 + X21 + X23 + X24 + X25 + X27
X15*X11 + X24*X14 + X24*X15 + X24*X18 + X24*X20 + X24*X21 + X24*X22 + X24*X23 + X25*X1 + X25*X2 + X25*X4 + X25*X5 + X25*X8 + X25*X9 + X25*X10 + X25*X13 + X25*X14 + X25*X20 + X25*X21 + X25*X23 + X26*X1 + X26*X3 + X26*X4 + X26*X6 + X26*X7 + X26*X8 + X26*X10 + X26*X11 + X26*X12 + X26*X15 + X26*X18 + X26*X19 + X26*X23 + X26*X24 + X27*X3 + X27*X4 + X27*X5 + X27*X10 + X27*X15 + X27*X16 + X27*X17 + X27*X18 + X27*X19 + X27*X20 + X27*X24 + X27*X25 + X2 + X3 + X6 + X11 + X17 + X19 + X20 + X22 + X24 + X26 + X27
X15*X10 + X24*X15 + X24*X19 + X24*X20 + X24*X21 + X25*X2 + X25*X3 + X25*X6 + X25*X7 + X25*X8 + X25*X10 + X25*X12 + X25*X13 + X25*X16 + X25*X20 + X25*X22 + X25*X23 + X25*X24 + X26*X2 + X26*X6 + X26*X10 + X26*X11 + X26*X16 + X26*X17 + X26*X19 + X26*X25 + X27*X1 + X27*X3 + X27*X6 + X27*X7 + X27*X8 + X27*X9 + X27*X12 + X27*X13 + X27*X15 + X27*X18 + X27*X19 + X27*X22 + X27*X23 + X27*X24 + X27*X26 + X2 + X4 + X7 + X8 + X10 + X12 + X13 + X16 + X17 + X21 + X23 + X24 + X26 + X27 + 1
X15*X9 + X24*X15 + X24*X18 + X24*X19 + X24*X23 + X25*X1 + X25*X3 + X25*X9 + X25*X10 + X25*X13 + X25*X14 + X25*X15 + X25*X16 + X25*X17 + X25*X19 + X25*X24 + X26*X1 + X26*X4 + X26*X7 + X26*X10 + X26*X12 + X26*X15 + X26*X16 + X26*X18 + X26*X20 + X26*X21 + X26*X22 + X26*X24 + X26*X25 + X27*X1 + X27*X7 + X27*X10 + X27*X11 + X27*X13 + X27*X14 + X27*X15 + X27*X17 + X27*X18 + X27*X19 + X27*X20 + X27*X22 + X27*X24 + X27*X25 + X1 + X3 + X5 + X6 + X7 + X8 + X9 + X10 + X16 + X17 + X18 + X20 + X21 + X23 + X24 + 1
X15*X8 + X24*X14 + X24*X15 + X24*X17 + X24*X18 + X24*X21 + X25*X1 + X25*X5 + X25*X7 + X25*X8 + X25*X10 + X25*X13 + X25*X15 + X25*X16 + X25*X17 + X25*X19 + X25*X23 + X26*X2 + X26*X6 + X26*X7 + X26*X8 + X26*X10 + X26*X14 + X26*X17 + X26*X21 + X26*X23 + X26*X25 + X27*X1 + X27*X6 + X27*X7 + X27*X9 + X27*X12 + X27*X13 + X27*X14 + X27*X15 + X27*X18 + X27*X20 + X27*X21 + X27*X23 + X27*X26 + X1 + X3 + X4 + X7 + X8 + X9 + X10 + X11 + X12 + X20 + X24 + X27
X15*X7 + X24*X17 + X24*X18 + X24*X19 + X24*X20 + X24*X23 + X25*X1 + X25*X3 + X25*X8 + X25*X9 + X25*X11 + X25*X12 + X25*X16 + X25*X19 + X25*X20 + X26*X1 + X26*X2 + X26*X6 + X26*X8 + X26*X9 + X26*X10 + X26*X11 + X26*X16 + X26*X17 + X26*X18 + X26*X19 + X26*X21 + X26*X24 + X27*X3 + X27*X4 + X27*X6 + X27*X8 + X27*X10 + X27*X11 + X27*X13 + X27*X15 + X27*X17 + X27*X21 + X27*X23 + X27*X26 + X1 + X2 + X5 + X12 + X13 + X15 + X18 + X21 + X24 + X25 + X27 + 1
X15*X6 + X24*X14 + X24*X17 + X24*X19 + X24*X20 + X24*X21 + X25*X1 + X25*X2 + X25*X4 + X25*X5 + X25*X6 + X25*X7 + X25*X9 + X25*X11 + X25*X14 + X25*X15 + X25*X18 + X25*X19 + X25*X21 + X25*X22 + X25*X23 + X26*X1 + X26*X3 + X26*X4 + X26*X6 + X26*X9 + X26*X10 + X26*X11 + X26*X14 + X26*X17 + X26*X18 + X26*X19 + X26*X20 + X26*X22 + X26*X24 + X26*X25 + X27*X2 + X27*X4 + X27*X6 + X27*X8 + X27*X11 + X27*X12 + X27*X14 + X27*X15 + X27*X20 + X27*X22 + X27*X24 + X27*X25 + X3 + X4 + X5 + X6 + X7 + X8 + X11 + X12 + X14 + X17 + X18 + X19 + X21 + X25 + X26 + X27 + 1
X15*X5 + X24*X14 + X24*X17 + X24*X18 + X24*X19 + X25*X3 + X25*X4 + X25*X8 + X25*X10 + X25*X11 + X25*X12 + X25*X14 + X25*X15 + X25*X16 + X25*X20 + X25*X22 + X25*X23 + X26*X2 + X26*X4 + X26*X5 + X26*X7 + X26*X9 + X26*X11 + X26*X12 + X26*X13 + X26*X14 + X26*X15 + X26*X17 + X26*X21 + X26*X23 + X27*X2 + X27*X4 + X27*X6 + X27*X8 + X27*X12 + X27*X14 + X27*X18 + X27*X21 + X27*X23 + X27*X26 + X3 + X4 + X5 + X11 + X12 + X13 + X15 + X16 + X17 + X19 + X20 + X23 + X25 + X26 + 1
X15*X4 + X24*X14 + X24*X17 + X24*X22 + X24*X23 + X25*X1 + X25*X3 + X25*X5 + X25*X7 + X25*X8 + X25*X9 + X25*X19 + X25*X20 + X25*X21 + X25*X22 + X25*X24 + X26*X1 + X26*X2 + X26*X5 + X26*X6 + X26*X11 + X26*X12 + X26*X13 + X26*X14 + X26*X15 + X26*X16 + X26*X17 + X26*X18 + X26*X19 + X26*X23 + X27*X2 + X27*X4 + X27*X8 + X27*X10 + X27*X12 + X27*X13 + X27*X14 + X27*X17 + X27*X18 + X27*X21 + X27*X22 + X27*X23 + X27*X24 + X27*X26 + X2 + X5 + X6 + X8 + X9 + X11 + X12 + X13 + X15 + X17 + X18 + X19 + X20 + X21 + X22 + X23 + X24 + X26 + X27
X15*X3 + X24*X14 + X24*X15 + X24*X18 + X25*X1 + X25*X2 + X25*X4 + X25*X6 + X25*X8 + X25*X9 + X25*X10 + X25*X12 + X25*X17 + X25*X19 + X25*X20 + X25*X21 + X25*X23 + X26*X1 + X26*X3 + X26*X4 + X26*X8 + X26*X10 + X26*X14 + X26*X17 + X26*X18 + X26*X19 + X26*X20 + X26*X21 + X26*X23 + X26*X24 + X27*X1 + X27*X2 + X27*X4 + X27*X5 + X27*X8 + X27*X10 + X27*X11 + X27*X14 + X27*X15 + X27*X17 + X27*X18 + X27*X21 + X27*X23 + X27*X24 + X27*X26 + X1 + X3 + X4 + X7 + X9 + X10 + X11 + X16 + X18 + X19 + X24 + X26
X15*X2 + X24*X17 + X24*X18 + X24*X19 + X24*X21 + X24*X23 + X25*X3 + X25*X5 + X25*X6 + X25*X7 + X25*X8 + X25*X9 + X25*X10 + X25*X13 + X25*X23 + X26*X2 + X26*X4 + X26*X5 + X26*X6 + X26*X7 + X26*X8 + X26*X10 + X26*X11 + X26*X12 + X26*X13 + X26*X15 + X26*X16 + X26*X17 + X26*X18 + X26*X19 + X26*X21 + X26*X22 + X26*X24 + X27*X2 + X27*X6 + X27*X8 + X27*X9 + X27*X10 + X27*X14 + X27*X15 + X27*X17 + X27*X18 + X27*X19 + X27*X21 + X27*X23 + X27*X24 + X27*X26 + X2 + X3 + X6 + X9 + X10 + X11 + X13 + X14 + X17 + X18 + X21 + X22 + X24 + X25
X15*X1 + X24*X14 + X24*X15 + X24*X17 + X24*X18 + X24*X19 + X24*X21 + X24*X22 + X25*X1 + X25*X2 + X25*X6 + X25*X10 + X25*X11 + X25*X12 + X25*X13 + X25*X14 + X25*X15 + X25*X16 + X25*X18 + X25*X19 + X25*X21 + X25*X23 + X25*X24 + X26*X1 + X26*X4 + X26*X5 + X26*X6 + X26*X8 + X26*X11 + X26*X15 + X26*X17 + X26*X18 + X26*X19 + X26*X20 + X26*X21 + X26*X22 + X26*X23 + X26*X24 + X26*X25 + X27*X2 + X27*X4 + X27*X6 + X27*X7 + X27*X8 + X27*X11 + X27*X13 + X27*X15 + X27*X19 + X27*X20 + X27*X21 + X27*X25 + X1 + X2 + X3 + X4 + X5 + X6 + X8 + X10 + X11 + X12 + X13 + X14 + X16 + X18 + X20 + X21 + X27
X14^2 + X14
X14*X13 + X24*X15 + X24*X18 + X24*X19 + X24*X20 + X25*X3 + X25*X6 + X25*X9 + X25*X10 + X25*X12 + X25*X14 + X25*X17 + X25*X18 + X25*X22 + X25*X23 + X25*X24 + X26*X3 + X26*X4 + X26*X6 + X26*X7 + X26*X8 + X26*X9 + X26*X11 + X26*X13 + X26*X14 + X26*X17 + X26*X18 + X26*X19 + X26*X25 + X27*X3 + X27*X9 + X27*X11 + X27*X12 + X27*X14 + X27*X18 + X27*X19 + X27*X20 + X27*X25 + X2 + X4 + X5 + X6 + X11 + X14 + X16 + X17 + X18 + X19 + X21 + X23 + X24 + X26
X14*X12 + X24*X14 + X24*X15 + X24*X19 + X24*X21 + X25*X2 + X25*X3 + X25*X4 + X25*X6 + X25*X7 + X25*X9 + X25*X10 + X25*X12 + X25*X14 + X25*X15 + X25*X18 + X25*X19 + X25*X21 + X25*X23 + X25*X24 + X26*X1 + X26*X2 + X26*X8 + X26*X13 + X26*X14 + X26*X16 + X26*X19 + X26*X22 + X26*X25 + X27*X2 + X27*X5 + X27*X9 + X27*X14 + X27*X16 + X27*X17 + X27*X18 + X27*X21 + X27*X23 + X27*X25 + X27*X26 + X3 + X4 + X6 + X8 + X9 + X11 + X14 + X16 + X18 + X22 + X25 + X26 + 1
X14*X11 + X24*X14 + X24*X18 + X24*X20 + X24*X22 + X24*X23 + X25*X2 + X25*X3 + X25*X8 + X25*X9 + X25*X10 + X25*X12 + X25*X13 + X25*X16 + X25*X19 + X25*X20 + X25*X23 + X25*X24 + X26*X3 + X26*X5 + X26*X6 + X26*X8 + X26*X14 + X26*X15 + X26*X16 + X26*X21 + X26*X25 + X27*X1 + X27*X2 + X27*X3 + X27*X5 + X27*X7 + X27*X8 + X27*X14 + X27*X22 + X27*X23 + X1 + X5 + X8 + X10 + X12 + X13 + X17 + X18 + X21 + X22 + X24 + X26 + X27 + 1
X14*X10 + X24*X14 + X24*X15 + X24*X17 + X24*X18 + X24*X19 + X24*X21 + X25*X3 + X25*X6 + X25*X12 + X25*X14 + X25*X18 + X25*X21 + X26*X1 + X26*X3 + X26*X9 + X26*X10 + X26*X14 + X26*X15 + X26*X16 + X26*X17 + X26*X19 + X26*X21 + X26*X22 + X26*X24 + X27*X2 + X27*X5 + X27*X6 + X27*X8 + X27*X10 + X27*X11 + X27*X14 + X27*X15 + X27*X16 + X27*X20 + X27*X21 + X27*X23 + X27*X26 + X1 + X2 + X4 + X5 + X6 + X8 + X9 + X10 + X12 + X14 + X15 + X16 + X18 + X19 + X20 + X22 + X23 + X24 + X25 + 1
X14*X9 + X24*X18 + X24*X23 + X25*X2 + X25*X10 + X25*X11 + X25*X16 + X25*X21 + X25*X22 + X25*X24 + X26*X3 + X26*X5 + X26*X7 + X26*X8 + X26*X9 + X26*X11 + X26*X12 + X26*X14 + X26*X18 + X26*X19 + X26*X21 + X26*X25 + X27*X1 + X27*X2 + X27*X3 + X27*X4 + X27*X5 + X27*X6 + X27*X8 + X27*X9 + X27*X10 + X27*X11 + X27*X13 + X27*X15 + X27*X16 + X27*X17 + X27*X23 + X1 + X3 + X5 + X7 + X8 + X10 + X12 + X13 + X14 + X17 + X18 + X20 + X21 + X23 + X24
X14*X8 + X24*X15 + X24*X17 + X24*X18 + X24*X22 + X24*X23 + X25*X1 + X25*X2 + X25*X3 + X25*X4 + X25*X7 + X25*X10 + X25*X11 + X25*X12 + X25*X14 + X25*X15 + X25*X17 + X25*X18 + X25*X19 + X25*X20 + X25*X21 + X25*X22 + X25*X23 + X25*X24 + X26*X3 + X26*X4 + X26*X5 + X26*X7 + X26*X8 + X26*X11 + X26*X12 + X26*X13 + X26*X19 + X26*X20 + X26*X22 + X26*X24 + X27*X3 + X27*X7 + X27*X10 + X27*X12 + X27*X13 + X27*X14 + X27*X20 + X27*X22 + X27*X23 + X27*X24 + X27*X26 + X1 + X2 + X4 + X6 + X7 + X12 + X13 + X15 + X19 + X20 + X21 + X22 + X25 + X26
X14*X7 + X24*X21 + X24*X23 + X25*X3 + X25*X5 + X25*X10 + X25*X12 + X25*X14 + X25*X17 + X25*X23 + X25*X24 + X26*X7 + X26*X8 + X26*X11 + X26*X16 + X26*X17 + X26*X19 + X26*X20 + X26*X21 + X26*X22 + X26*X23 + X27*X1 + X27*X2 + X27*X3 + X27*X7 + X27*X8 + X27*X9 + X27*X11 + X27*X12 + X27*X15 + X27*X18 + X27*X19 + X27*X20 + X27*X21 + X27*X22 + X27*X24 + X27*X26 + X1 + X2 + X3 + X4 + X5 + X7 + X8 + X11 + X13 + X15 + X16 + X21 + X22 + X23 + X25 + X27 + 1
X14*X6 + X24*X17 + X24*X18 + X24*X20 + X24*X23 + X25*X4 + X25*X6 + X25*X7 + X25*X10 + X25*X12 + X25*X14 + X25*X16 + X25*X17 + X25*X19 + X26*X1 + X26*X3 + X26*X4 + X26*X5 + X26*X6 + X26*X8 + X26*X9 + X26*X10 + X26*X11 + X26*X13 + X26*X15 + X26*X18 + X26*X22 + X26*X23 + X26*X24 + X27*X1 + X27*X2 + X27*X4 + X27*X6 + X27*X7 + X27*X12 + X27*X16 + X27*X25 + X1 + X3 + X4 + X5 + X6 + X8 + X10 + X11 + X13 + X16 + X18 + X19 + X20 + X21 + X26 + 1
X14*X5 + X24*X17 + X24*X20 + X24*X21 + X24*X22 + X24*X23 + X25*X2 + X25*X4 + X25*X6 + X25*X9 + X25*X13 + X25*X15 + X25*X16 + X25*X18 + X25*X20 + X25*X22 + X26*X3 + X26*X4 + X26*X6 + X26*X9 + X26*X13 + X26*X14 + X26*X17 + X26*X20 + X26*X22 + X26*X24 + X26*X25 + X27*X1 + X27*X4 + X27*X6 + X27*X7 + X27*X8 + X27*X10 + X27*X11 + X27*X14 + X27*X15 + X27*X17 + X27*X20 + X2 + X3 + X4 + X5 + X11 + X12 + X14 + X16 + X17 + X18 + X20 + X21 + X24 + X25 + 1
X14*X4 + X24*X21 + X25*X1 + X25*X3 + X25*X6 + X25*X7 + X25*X9 + X25*X11 + X25*X12 + X25*X13 + X25*X14 + X25*X15 + X25*X17 + X25*X20 + X25*X21 + X25*X23 + X26*X1 + X26*X3 + X26*X8 + X26*X9 + X26*X11 + X26*X12 + X26*X13 + X26*X15 + X26*X16 + X26*X17 + X26*X20 + X26*X22 + X26*X24 + X26*X25 + X27*X1 + X27*X3 + X27*X4 + X27*X5 + X27*X7 + X27*X9 + X27*X13 + X27*X15 + X27*X16 + X27*X17 + X27*X18 + X27*X19 + X27*X23 + X27*X24 + X1 + X2 + X3 + X6 + X9 + X13 + X17 + X18 + X20
X14*X3 + X24*X14 + X24*X15 + X24*X18 + X24*X23 + X25*X1 + X25*X2 + X25*X3 + X25*X4 + X25*X5 + X25*X6 + X25*X10 + X25*X11 + X25*X14 + X25*X16 + X25*X17 + X25*X18 + X25*X21 + X25*X22 + X25*X23 + X25*X24 + X26*X5 + X26*X7 + X26*X8 + X26*X9 + X26*X10 + X26*X11 + X26*X16 + X26*X18 + X26*X20 + X26*X24 + X27*X2 + X27*X3 + X27*X5 + X27*X6 + X27*X13 + X27*X17 + X27*X18 + X27*X19 + X27*X21 + X27*X23 + X3 + X10 + X11 + X12 + X14 + X15 + X16 + X19 + X20 + X21 + X26 + 1
X14*X2 + X24*X15 + X24*X17 + X24*X20 + X24*X21 + X24*X22 + X24*X23 + X25*X1 + X25*X2 + X25*X4 + X25*X5 + X25*X7 + X25*X8 + X25*X14 + X25*X16 + X25*X22 + X26*X2 + X26*X3 + X26*X5 + X26*X7 + X26*X8 + X26*X9 + X26*X10 + X26*X11 + X26*X12 + X26*X13 + X26*X14 + X26*X17 + X26*X18 + X26*X20 + X26*X21 + X26*X24 + X26*X25 + X27*X3 + X27*X7 + X27*X8 + X27*X9 + X27*X13 + X27*X15 + X27*X16 + X27*X18 + X27*X19 + X27*X20 + X27*X22 + X27*X25 + X27*X26 + X2 + X3 + X4 + X5 + X6 + X7 + X8 + X9 + X10 + X11 + X13 + X15 + X16 + X17 + X19 + X21 + X23 + X25
X14*X1 + X24*X17 + X24*X18 + X24*X21 + X24*X23 + X25*X2 + X25*X5 + X25*X7 + X25*X9 + X25*X10 + X25*X12 + X25*X18 + X25*X19 + X25*X21 + X25*X22 + X26*X1 + X26*X3 + X26*X4 + X26*X5 + X26*X9 + X26*X10 + X26*X13 + X26*X17 + X26*X20 + X26*X22 + X26*X23 + X26*X24 + X26*X25 + X27*X1 + X27*X3 + X27*X10 + X27*X11 + X27*X12 + X27*X13 + X27*X16 + X27*X18 + X27*X19 + X27*X20 + X27*X21 + X27*X22 + X27*X24 + X27*X25 + X1 + X2 + X4 + X5 + X8 + X9 + X11 + X14 + X15 + X16 + X17 + X18 + X20 + X21 + X23 + X25 + X26 + X27
X13^2 + X13
X13*X12 + X24*X17 + X24*X18 + X24*X19 + X24*X21 + X25*X2 + X25*X5 + X25*X6 + X25*X8 + X25*X10 + X25*X14 + X25*X15 + X25*X16 + X25*X20 + X25*X21 + X26*X1 + X26*X2 + X26*X3 + X26*X4 + X26*X5 + X26*X6 + X26*X7 + X26*X8 + X26*X9 + X26*X11 + X26*X12 + X26*X14 + X26*X15 + X26*X16 + X26*X17 + X26*X24 + X26*X25 + X27*X1 + X27*X3 + X27*X4 + X27*X5 + X27*X6 + X27*X7 + X27*X9 + X27*X10 + X27*X12 + X27*X13 + X27*X18 + X27*X20 + X27*X22 + X27*X23 + X27*X24 + X27*X25 + X2 + X3 + X4 + X6 + X9 + X11 + X12 + X13 + X16 + X19 + X20 + X22 + X23 + X24 + X26 + X27
X13*X11 + X24*X15 + X24*X20 + X25*X5 + X25*X6 + X25*X8 + X25*X11 + X25*X12 + X25*X13 + X25*X18 + X25*X19 + X25*X22 + X26*X2 + X26*X3 + X26*X4 + X26*X6 + X26*X7 + X26*X9 + X26*X12 + X26*X14 + X26*X15 + X26*X16 + X26*X17 + X26*X21 + X26*X22 + X26*X23 + X26*X24 + X26*X25 + X27*X2 + X27*X3 + X27*X4 + X27*X5 + X27*X6 + X27*X7 + X27*X9 + X27*X11 + X27*X12 + X27*X15 + X27*X18 + X27*X19 + X27*X20 + X27*X21 + X27*X22 + X27*X24 + X27*X26 + X1 + X3 + X4 + X5 + X6 + X9 + X10 + X11 + X15 + X16 + X18 + X20 + X24 + X25 + X26
X13*X10 + X24*X21 + X24*X22 + X25*X1 + X25*X2 + X25*X5 + X25*X6 + X25*X9 + X25*X10 + X25*X11 + X25*X12 + X25*X13 + X25*X18 + X25*X19 + X25*X21 + X25*X22 + X25*X23 + X26*X7 + X26*X8 + X26*X13 + X26*X15 + X26*X16 + X26*X18 + X26*X19 + X26*X21 + X26*X23 + X27*X2 + X27*X3 + X27*X7 + X27*X8 + X27*X9 + X27*X10 + X27*X12 + X27*X15 + X27*X16 + X27*X17 + X27*X18 + X27*X19 + X27*X23 + X27*X25 + X1 + X7 + X8 + X10 + X11 + X12 + X13 + X15 + X16 + X18 + X19 + X21 + X22 + X23 + 1
X13*X9 + X24*X15 + X24*X18 + X24*X21 + X25*X3 + X25*X7 + X25*X8 + X25*X9 + X25*X11 + X25*X12 + X25*X13 + X25*X14 + X25*X16 + X25*X18 + X25*X19 + X25*X20 + X25*X22 + X26*X1 + X26*X5 + X26*X6 + X26*X9 + X26*X10 + X26*X11 + X26*X16 + X26*X20 + X26*X23 + X26*X24 + X26*X25 + X27*X2 + X27*X3 + X27*X7 + X27*X9 + X27*X10 + X27*X14 + X27*X16 + X27*X18 + X27*X20 + X27*X21 + X27*X25 + X27*X26 + X1 + X2 + X5 + X8 + X12 + X14 + X15 + X17 + X18 + X19 + X20 + X21 + X23 + X26 + X27 + 1
X13*X8 + X24*X14 + X24*X19 + X24*X20 + X24*X21 + X24*X22 + X24*X23 + X25*X4 + X25*X7 + X25*X8 + X25*X13 + X25*X16 + X25*X19 + X25*X21 + X25*X22 + X25*X23 + X25*X24 + X26*X1 + X26*X2 + X26*X3 + X26*X4 + X26*X5 + X26*X6 + X26*X8 + X26*X9 + X26*X11 + X26*X14 + X26*X15 + X26*X16 + X26*X17 + X26*X18 + X26*X19 + X26*X21 + X26*X24 + X26*X25 + X27*X5 + X27*X7 + X27*X9 + X27*X11 + X27*X14 + X27*X16 + X27*X18 + X27*X21 + X27*X22 + X27*X23 + X27*X25 + X27*X26 + X2 + X3 + X4 + X5 + X6 + X7 + X8 + X13 + X14 + X16 + X17 + X19 + X24
X13*X7 + X24*X14 + X24*X15 + X24*X18 + X24*X21 + X24*X22 + X25*X1 + X25*X2 + X25*X3 + X25*X4 + X25*X12 + X25*X13 + X25*X14 + X25*X15 + X25*X16 + X25*X21 + X25*X23 + X26*X1 + X26*X2 + X26*X4 + X26*X6 + X26*X7 + X26*X8 + X26*X10 + X26*X14 + X26*X15 + X26*X21 + X26*X23 + X26*X24 + X27*X1 + X27*X2 + X27*X3 + X27*X7 + X27*X11 + X27*X12 + X27*X14 + X27*X17 + X27*X20 + X27*X23 + X27*X24 + X27*X25 + X27*X26 + X1 + X5 + X7 + X8 + X10 + X12 + X13 + X14 + X20 + X21 + X25 + X27 + 1
X13*X6 + X24*X14 + X25*X6 + X25*X9 + X25*X11 + X25*X12 + X25*X14 + X25*X16 + X25*X17 + X25*X18 + X25*X19 + X25*X23 + X25*X24 + X26*X3 + X26*X4 + X26*X5 + X26*X7 + X26*X8 + X26*X11 + X26*X12 + X26*X14 + X26*X15 + X26*X16 + X26*X17 + X26*X18 + X26*X19 + X26*X21 + X26*X22 + X26*X23 + X26*X24 + X26*X25 + X27*X1 + X27*X2 + X27*X3 + X27*X8 + X27*X9 + X27*X11 + X27*X12 + X27*X15 + X27*X17 + X27*X18 + X27*X22 + X27*X23 + X1 + X2 + X6 + X9 + X11 + X12 + X14 + X15 + X17 + X18 + X19 + X20 + X21 + X23 + 1
X13*X5 + X24*X14 + X24*X19 + X25*X1 + X25*X2 + X25*X5 + X25*X8 + X25*X13 + X25*X14 + X25*X18 + X25*X20 + X25*X21 + X25*X22 + X25*X23 + X25*X24 + X26*X2 + X26*X3 + X26*X4 + X26*X5 + X26*X9 + X26*X12 + X26*X13 + X26*X16 + X26*X20 + X26*X21 + X26*X25 + X27*X1 + X27*X3 + X27*X5 + X27*X7 + X27*X8 + X27*X9 + X27*X10 + X27*X11 + X27*X13 + X27*X15 + X27*X18 + X27*X19 + X27*X20 + X27*X22 + X1 + X2 + X3 + X5 + X8 + X10 + X12 + X14 + X15 + X16 + X17 + X24 + X27
X13*X4 + X24*X14 + X24*X15 + X24*X21 + X25*X2 + X25*X3 + X25*X4 + X25*X5 + X25*X8 + X25*X9 + X25*X13 + X25*X14 + X25*X15 + X25*X17 + X25*X18 + X25*X19 + X25*X20 + X25*X21 + X25*X22 + X25*X24 + X26*X3 + X26*X7 + X26*X10 + X26*X11 + X26*X13 + X26*X16 + X26*X18 + X26*X20 + X26*X21 + X26*X22 + X27*X2 + X27*X4 + X27*X5 + X27*X6 + X27*X8 + X27*X9 + X27*X16 + X27*X17 + X27*X18 + X27*X19 + X27*X20 + X27*X22 + X2 + X3 + X4 + X8 + X10 + X16 + X19 + X22 + X23 + X25 + X27 + 1
X13*X3 + X24*X14 + X24*X15 + X24*X17 + X24*X19 + X24*X22 + X24*X23 + X25*X2 + X25*X3 + X25*X5 + X25*X6 + X25*X8 + X25*X9 + X25*X11 + X25*X13 + X25*X14 + X25*X16 + X25*X18 + X25*X20 + X25*X21 + X25*X22 + X26*X1 + X26*X4 + X26*X6 + X26*X7 + X26*X9 + X26*X11 + X26*X14 + X26*X17 + X26*X18 + X26*X20 + X27*X4 + X27*X6 + X27*X7 + X27*X10 + X27*X14 + X27*X16 + X27*X17 + X27*X20 + X27*X21 + X27*X22 + X27*X23 + X27*X24 + X27*X25 + X1 + X2 + X4 + X6 + X8 + X12 + X13 + X15 + X17 + X21 + X22 + X23 + X24 + X27
X13*X2 + X24*X14 + X24*X15 + X24*X18 + X24*X20 + X24*X22 + X24*X23 + X25*X5 + X25*X7 + X25*X8 + X25*X9 + X25*X10 + X25*X12 + X25*X13 + X25*X14 + X25*X17 + X25*X18 + X25*X21 + X25*X22 + X26*X3 + X26*X5 + X26*X6 + X26*X8 + X26*X9 + X26*X12 + X26*X13 + X26*X15 + X26*X16 + X26*X17 + X26*X18 + X26*X22 + X26*X25 + X27*X1 + X27*X2 + X27*X4 + X27*X7 + X27*X8 + X27*X10 + X27*X11 + X27*X14 + X27*X15 + X27*X18 + X27*X21 + X27*X22 + X27*X25 + X2 + X6 + X8 + X9 + X13 + X15 + X16 + X17 + X22 + X25
X13*X1 + X24*X14 + X24*X18 + X24*X19 + X24*X20 + X24*X21 + X24*X22 + X24*X23 + X25*X2 + X25*X3 + X25*X5 + X25*X7 + X25*X14 + X25*X15 + X25*X19 + X25*X20 + X25*X21 + X25*X23 + X25*X24 + X26*X1 + X26*X4 + X26*X5 + X26*X6 + X26*X9 + X26*X10 + X26*X11 + X26*X13 + X26*X14 + X26*X15 + X26*X16 + X26*X17 + X26*X18 + X26*X19 + X26*X20 + X26*X21 + X26*X24 + X26*X25 + X27*X1 + X27*X4 + X27*X8 + X27*X9 + X27*X12 + X27*X13 + X27*X16 + X27*X17 + X27*X18 + X27*X21 + X27*X22 + X27*X24 + X27*X25 + X27*X26 + X1 + X2 + X3 + X5 + X6 + X9 + X11 + X12 + X13 + X14 + X20 + X22
X12^2 + X12
X12*X11 + X24*X14 + X24*X15 + X24*X17 + X24*X22 + X24*X23 + X25*X2 + X25*X3 + X25*X4 + X25*X5 + X25*X6 + X25*X11 + X25*X12 + X25*X15 + X25*X17 + X25*X24 + X26*X2 + X26*X7 + X26*X8 + X26*X9 + X26*X11 + X26*X12 + X26*X13 + X26*X15 + X26*X17 + X26*X19 + X26*X21 + X26*X24 + X26*X25 + X27*X3 + X27*X4 + X27*X5 + X27*X6 + X27*X10 + X27*X11 + X27*X12 + X27*X15 + X27*X20 + X27*X21 + X2 + X3 + X4 + X5 + X6 + X7 + X9 + X14 + X15 + X20 + X25 + 1
X12*X10 + X24*X17 + X25*X2 + X25*X3 + X25*X6 + X25*X7 + X25*X8 + X25*X9 + X25*X11 + X25*X12 + X25*X14 + X25*X16 + X25*X18 + X25*X22 + X25*X23 + X25*X24 + X26*X2 + X26*X3 + X26*X4 + X26*X14 + X26*X15 + X26*X16 + X26*X18 + X26*X20 + X26*X21 + X26*X23 + X26*X25 + X27*X1 + X27*X3 + X27*X4 + X27*X6 + X27*X8 + X27*X9 + X27*X10 + X27*X13 + X27*X14 + X27*X15 + X27*X17 + X27*X18 + X27*X19 + X27*X20 + X27*X22 + X27*X25 + X27*X26 + X2 + X4 + X6 + X7 + X8 + X9 + X14 + X16 + X18 + X21 + X24 + X26 + 1
X12*X9 + X24*X15 + X24*X17 + X24*X19 + X24*X21 + X25*X1 + X25*X3 + X25*X5 + X25*X8 + X25*X15 + X25*X21 + X25*X22 + X25*X23 + X26*X3 + X26*X6 + X26*X8 + X26*X10 + X26*X11 + X26*X15 + X26*X16 + X26*X18 + X26*X19 + X26*X21 + X26*X22 + X26*X23 + X27*X1 + X27*X2 + X27*X5 + X27*X7 + X27*X11 + X27*X12 + X27*X16 + X27*X17 + X27*X19 + X27*X21 + X27*X22 + X27*X25 + X5 + X9 + X15 + X17 + X18 + X20 + X21 + X25 + 1
X12*X8 + X24*X15 + X24*X18 + X24*X19 + X24*X21 + X24*X22 + X25*X2 + X25*X4 + X25*X5 + X25*X6 + X25*X7 + X25*X9 + X25*X10 + X25*X11 + X25*X14 + X25*X15 + X25*X23 + X26*X1 + X26*X2 + X26*X3 + X26*X5 + X26*X7 + X26*X8 + X26*X10 + X26*X11 + X26*X14 + X26*X15 + X26*X17 + X26*X18 + X26*X20 + X26*X22 + X26*X24 + X26*X25 + X27*X2 + X27*X4 + X27*X6 + X27*X7 + X27*X9 + X27*X10 + X27*X11 + X27*X12 + X27*X13 + X27*X15 + X27*X16 + X27*X19 + X27*X20 + X27*X22 + X2 + X3 + X5 + X7 + X8 + X10 + X11 + X13 + X14 + X16 + X18 + X20 + X24 + X27 + 1
X12*X7 + X24*X14 + X24*X19 + X24*X20 + X24*X21 + X25*X2 + X25*X4 + X25*X5 + X25*X8 + X25*X12 + X25*X16 + X25*X18 + X25*X19 + X25*X20 + X25*X21 + X25*X22 + X25*X23 + X26*X4 + X26*X5 + X26*X6 + X26*X8 + X26*X9 + X26*X14 + X26*X15 + X26*X16 + X26*X18 + X26*X20 + X26*X22 + X26*X23 + X26*X24 + X26*X25 + X27*X4 + X27*X7 + X27*X8 + X27*X10 + X27*X13 + X27*X14 + X27*X15 + X27*X16 + X27*X17 + X27*X19 + X27*X22 + X27*X23 + X27*X24 + X1 + X4 + X6 + X9 + X11 + X12 + X13 + X15 + X16 + X17 + X18 + X24 + X26 + X27
X12*X6 + X24*X14 + X24*X18 + X24*X21 + X24*X22 + X24*X23 + X25*X2 + X25*X5 + X25*X6 + X25*X10 + X25*X11 + X25*X12 + X25*X13 + X25*X15 + X25*X17 + X25*X18 + X25*X19 + X25*X20 + X25*X21 + X26*X2 + X26*X3 + X26*X4 + X26*X5 + X26*X6 + X26*X8 + X26*X11 + X26*X14 + X26*X16 + X26*X18 + X26*X21 + X26*X22 + X26*X23 + X27*X3 + X27*X5 + X27*X9 + X27*X15 + X27*X16 + X27*X18 + X27*X22 + X27*X23 + X27*X24 + X27*X25 + X1 + X4 + X6 + X7 + X9 + X10 + X11 + X13 + X14 + X15 + X16 + X17 + X18 + X19 + X20 + X22 + X23 + X26 + 1
X12*X5 + X24*X14 + X24*X15 + X24*X22 + X24*X23 + X25*X3 + X25*X4 + X25*X5 + X25*X6 + X25*X7 + X25*X10 + X25*X12 + X25*X13 + X25*X14 + X25*X16 + X25*X17 + X25*X18 + X25*X21 + X25*X23 + X26*X2 + X26*X4 + X26*X5 + X26*X7 + X26*X13 + X26*X14 + X26*X16 + X26*X17 + X26*X18 + X26*X20 + X26*X21 + X27*X6 + X27*X8 + X27*X9 + X27*X12 + X27*X13 + X27*X14 + X27*X16 + X27*X17 + X27*X19 + X27*X20 + X27*X22 + X27*X23 + X27*X25 + X27*X26 + X2 + X4 + X5 + X7 + X9 + X10 + X12 + X14 + X17 + X23 + X25
X12*X4 + X24*X14 + X24*X17 + X25*X2 + X25*X3 + X25*X4 + X25*X5 + X25*X7 + X25*X8 + X25*X10 + X25*X13 + X25*X15 + X25*X17 + X25*X18 + X25*X22 + X25*X23 + X25*X24 + X26*X3 + X26*X4 + X26*X5 + X26*X7 + X26*X8 + X26*X9 + X26*X11 + X26*X14 + X26*X17 + X26*X18 + X26*X19 + X26*X24 + X27*X1 + X27*X2 + X27*X3 + X27*X6 + X27*X7 + X27*X8 + X27*X10 + X27*X12 + X27*X13 + X27*X18 + X27*X21 + X27*X25 + X27*X26 + X2 + X5 + X6 + X9 + X11 + X12 + X14 + X17 + X19 + X20 + X22 + X23 + X25 + X26 + X27
X12*X3 + X24*X14 + X24*X15 + X24*X17 + X24*X19 + X24*X20 + X24*X21 + X24*X22 + X25*X8 + X25*X9 + X25*X10 + X25*X12 + X25*X13 + X25*X14 + X25*X17 + X25*X20 + X25*X21 + X25*X23 + X25*X24 + X26*X3 + X26*X4 + X26*X5 + X26*X7 + X26*X10 + X26*X11 + X26*X12 + X26*X13 + X26*X18 + X26*X20 + X26*X22 + X26*X24 + X26*X25 + X27*X5 + X27*X6 + X27*X8 + X27*X10 + X27*X14 + X27*X20 + X27*X21 + X27*X23 + X27*X26 + X2 + X9 + X15 + X16 + X20 + X23 + X24 + X26
X12*X2 + X24*X14 + X24*X18 + X24*X21 + X24*X22 + X25*X2 + X25*X3 + X25*X4 + X25*X5 + X25*X8 + X25*X9 + X25*X11 + X25*X12 + X25*X14 + X25*X17 + X25*X24 + X26*X1 + X26*X3 + X26*X4 + X26*X5 + X26*X6 + X26*X7 + X26*X8 + X26*X9 + X26*X12 + X26*X13 + X26*X16 + X26*X17 + X26*X22 + X26*X23 + X26*X24 + X27*X2 + X27*X3 + X27*X8 + X27*X10 + X27*X16 + X27*X19 + X27*X20 + X27*X21 + X27*X22 + X27*X23 + X27*X24 + X27*X25 + X1 + X4 + X5 + X6 + X7 + X11 + X13 + X16 + X19 + X20 + X21 + X22 + X25 + X27 + 1
X12*X1 + X24*X14 + X24*X18 + X24*X20 + X24*X22 + X25*X1 + X25*X2 + X25*X4 + X25*X8 + X25*X9 + X25*X10 + X25*X11 + X25*X13 + X25*X16 + X25*X22 + X25*X24 + X26*X1 + X26*X3 + X26*X6 + X26*X7 + X26*X9 + X26*X10 + X26*X13 + X26*X15 + X26*X16 + X26*X17 + X26*X21 + X27*X2 + X27*X4 + X27*X5 + X27*X7 + X27*X9 + X27*X13 + X27*X18 + X27*X19 + X27*X21 + X27*X22 + X27*X23 + X27*X25 + X4 + X5 + X7 + X11 + X12 + X16 + X18 + X20 + X21 + X23 + X24 + X25 + X26
X11^2 + X11
X11*X10 + X24*X18 + X24*X20 + X24*X21 + X25*X1 + X25*X3 + X25*X4 + X25*X5 + X25*X9 + X25*X10 + X25*X11 + X25*X17 + X25*X18 + X25*X19 + X25*X21 + X25*X23 + X25*X24 + X26*X1 + X26*X2 + X26*X3 + X26*X6 + X26*X8 + X26*X12 + X26*X13 + X26*X14 + X26*X16 + X26*X18 + X26*X20 + X26*X22 + X26*X23 + X26*X25 + X27*X1 + X27*X2 + X27*X4 + X27*X6 + X27*X7 + X27*X9 + X27*X11 + X27*X14 + X27*X15 + X27*X16 + X27*X21 + X27*X22 + X3 + X5 + X7 + X9 + X12 + X14 + X17 + X18 + X20 + X21 + X22 + X24 + X26
X11*X9 + X24*X14 + X24*X18 + X24*X21 + X24*X22 + X25*X1 + X25*X2 + X25*X4 + X25*X5 + X25*X9 + X25*X10 + X25*X14 + X25*X15 + X25*X16 + X25*X17 + X25*X18 + X25*X19 + X25*X20 + X25*X21 + X26*X2 + X26*X3 + X26*X6 + X26*X12 + X26*X13 + X26*X14 + X26*X17 + X26*X18 + X26*X21 + X26*X22 + X26*X23 + X26*X25 + X27*X3 + X27*X5 + X27*X8 + X27*X9 + X27*X11 + X27*X15 + X27*X16 + X27*X24 + X1 + X5 + X8 + X9 + X12 + X16 + X18 + X19 + X20 + X21 + X22 + X23 + X25 + X27
X11*X8 + X24*X15 + X24*X17 + X24*X18 + X24*X22 + X24*X23 + X25*X5 + X25*X6 + X25*X11 + X25*X13 + X25*X14 + X25*X15 + X25*X17 + X25*X18 + X25*X19 + X25*X20 + X25*X23 + X25*X24 + X26*X1 + X26*X5 + X26*X6 + X26*X7 + X26*X10 + X26*X12 + X26*X13 + X26*X14 + X26*X15 + X26*X18 + X26*X19 + X26*X20 + X26*X21 + X26*X22 + X27*X2 + X27*X3 + X27*X4 + X27*X8 + X27*X10 + X27*X11 + X27*X12 + X27*X13 + X27*X15 + X27*X16 + X27*X23 + X27*X26 + X2 + X3 + X8 + X9 + X10 + X11 + X17 + X21 + X23 + X26
X11*X7 + X24*X15 + X24*X17 + X24*X18 + X24*X20 + X24*X22 + X25*X1 + X25*X3 + X25*X4 + X25*X5 + X25*X7 + X25*X8 + X25*X9 + X25*X10 + X25*X12 + X25*X13 + X25*X14 + X25*X21 + X25*X23 + X25*X24 + X26*X1 + X26*X2 + X26*X3 + X26*X4 + X26*X8 + X26*X9 + X26*X11 + X26*X12 + X26*X13 + X26*X14 + X26*X15 + X26*X16 + X26*X17 + X26*X21 + X26*X22 + X26*X25 + X27*X1 + X27*X6 + X27*X7 + X27*X9 + X27*X12 + X27*X14 + X27*X15 + X27*X17 + X27*X18 + X27*X22 + X27*X25 + X1 + X2 + X3 + X4 + X6 + X7 + X10 + X11 + X16 + X18 + X19 + X21 + X22 + X23 + X24 + X25
X11*X6 + X24*X15 + X24*X17 + X24*X22 + X24*X23 + X25*X3 + X25*X6 + X25*X9 + X25*X10 + X25*X12 + X25*X13 + X25*X14 + X25*X15 + X25*X16 + X25*X17 + X25*X18 + X25*X19 + X25*X22 + X25*X23 + X26*X2 + X26*X9 + X26*X10 + X26*X13 + X26*X14 + X26*X17 + X26*X20 + X26*X21 + X26*X24 + X27*X2 + X27*X3 + X27*X4 + X27*X5 + X27*X7 + X27*X10 + X27*X11 + X27*X13 + X27*X14 + X27*X15 + X27*X17 + X27*X20 + X27*X21 + X27*X25 + X27*X26 + X1 + X3 + X5 + X6 + X7 + X9 + X12 + X14 + X15 + X16 + X17 + X18 + X19 + X20 + X21 + X22 + X23 + X24 + X26 + X27 + 1
X11*X5 + X24*X14 + X24*X15 + X24*X19 + X24*X20 + X24*X21 + X24*X23 + X25*X2 + X25*X3 + X25*X7 + X25*X10 + X25*X11 + X25*X13 + X25*X18 + X25*X21 + X25*X24 + X26*X1 + X26*X2 + X26*X3 + X26*X4 + X26*X7 + X26*X9 + X26*X13 + X26*X14 + X26*X15 + X26*X16 + X26*X17 + X26*X19 + X26*X20 + X26*X21 + X26*X22 + X26*X24 + X26*X25 + X27*X1 + X27*X3 + X27*X4 + X27*X5 + X27*X7 + X27*X9 + X27*X11 + X27*X12 + X27*X16 + X27*X17 + X27*X22 + X27*X24 + X27*X25 + X27*X26 + X4 + X6 + X9 + X10 + X11 + X14 + X18 + X19 + X20 + X21 + X23 + X24 + X25 + X27
X11*X4 + X24*X15 + X24*X17 + X24*X20 + X25*X2 + X25*X4 + X25*X6 + X25*X7 + X25*X9 + X25*X10 + X25*X12 + X25*X13 + X25*X15 + X25*X17 + X25*X19 + X25*X20 + X25*X21 + X25*X22 + X25*X24 + X26*X2 + X26*X3 + X26*X5 + X26*X6 + X26*X7 + X26*X8 + X26*X9 + X26*X10 + X26*X13 + X26*X14 + X26*X15 + X26*X16 + X26*X21 + X26*X22 + X26*X24 + X26*X25 + X27*X1 + X27*X3 + X27*X5 + X27*X7 + X27*X8 + X27*X9 + X27*X13 + X27*X14 + X27*X15 + X27*X18 + X27*X20 + X27*X24 + X27*X25 + X3 + X5 + X6 + X8 + X11 + X15 + X16 + X19 + X21 + X22 + X23 + X26
X11*X3 + X24*X14 + X24*X15 + X24*X17 + X24*X19 + X24*X20 + X24*X21 + X24*X23 + X25*X1 + X25*X2 + X25*X4 + X25*X6 + X25*X7 + X25*X8 + X25*X9 + X25*X18 + X25*X19 + X25*X20 + X25*X22 + X25*X23 + X26*X1 + X26*X4 + X26*X7 + X26*X8 + X26*X12 + X26*X13 + X26*X14 + X26*X16 + X26*X17 + X26*X18 + X26*X19 + X26*X20 + X26*X21 + X26*X22 + X26*X23 + X27*X2 + X27*X4 + X27*X5 + X27*X12 + X27*X13 + X27*X14 + X27*X16 + X27*X19 + X27*X22 + X27*X23 + X27*X24 + X27*X25 + X2 + X3 + X9 + X12 + X14 + X15 + X16 + X17 + X19 + X21 + X22 + X25 + 1
X11*X2 + X24*X15 + X24*X18 + X24*X19 + X24*X20 + X24*X22 + X24*X23 + X25*X2 + X25*X3 + X25*X6 + X25*X8 + X25*X10 + X25*X12 + X25*X13 + X25*X14 + X25*X15 + X25*X17 + X25*X22 + X25*X23 + X25*X24 + X26*X6 + X26*X10 + X26*X11 + X26*X12 + X26*X15 + X26*X19 + X26*X21 + X26*X23 + X26*X24 + X26*X25 + X27*X1 + X27*X2 + X27*X5 + X27*X9 + X27*X10 + X27*X12 + X27*X13 + X27*X14 + X27*X15 + X27*X19 + X27*X20 + X27*X21 + X27*X24 + X27*X25 + X27*X26 + X2 + X6 + X10 + X11 + X12 + X17 + X19 + X20 + X21 + X22 + X23 + X25
X11*X1 + X24*X15 + X24*X17 + X24*X18 + X24*X19 + X24*X21 + X24*X23 + X25*X4 + X25*X7 + X25*X8 + X25*X10 + X25*X11 + X25*X12 + X25*X13 + X25*X15 + X25*X17 + X25*X19 + X25*X20 + X25*X22 + X25*X23 + X25*X24 + X26*X3 + X26*X4 + X26*X6 + X26*X7 + X26*X9 + X26*X12 + X26*X14 + X26*X17 + X26*X18 + X26*X20 + X26*X22 + X26*X23 + X26*X24 + X27*X1 + X27*X2 + X27*X4 + X27*X7 + X27*X9 + X27*X10 + X27*X11 + X27*X14 + X27*X15 + X27*X21 + X27*X22 + X27*X24 + X27*X25 + X27*X26 + X1 + X3 + X5 + X8 + X12 + X13 + X15 + X16 + X17 + X19 + X21 + X24 + X26
X10^2 + X10
X10*X9 + X24*X18 + X24*X20 + X24*X21 + X25*X3 + X25*X5 + X25*X6 + X25*X9 + X25*X12 + X25*X14 + X25*X16 + X25*X18 + X25*X19 + X25*X20 + X25*X22 + X26*X1 + X26*X5 + X26*X9 + X26*X11 + X26*X12 + X26*X13 + X26*X16 + X26*X17 + X26*X25 + X27*X1 + X27*X3 + X27*X5 + X27*X6 + X27*X8 + X27*X11 + X27*X13 + X27*X14 + X27*X17 + X27*X18 + X27*X21 + X27*X25 + X1 + X5 + X6 + X7 + X8 + X10 + X11 + X17 + X18 + X19 + X23 + X27 + 1
X10*X8 + X24*X14 + X24*X17 + X24*X18 + X24*X20 + X24*X23 + X25*X1 + X25*X6 + X25*X9 + X25*X11 + X25*X12 + X25*X13 + X25*X14 + X25*X15 + X25*X16 + X25*X17 + X25*X18 + X25*X19 + X25*X20 + X25*X21 + X25*X22 + X26*X4 + X26*X5 + X26*X7 + X26*X10 + X26*X11 + X26*X12 + X26*X13 + X26*X14 + X26*X15 + X26*X19 + X26*X20 + X26*X22 + X26*X24 + X26*X25 + X27*X3 + X27*X4 + X27*X8 + X27*X10 + X27*X12 + X27*X14 + X27*X15 + X27*X19 + X27*X26 + X1 + X2 + X3 + X5 + X6 + X9 + X10 + X13 + X14 + X15 + X16 + X17 + X21 + X22 + X23 + X25
X10*X7 + X24*X14 + X24*X17 + X24*X21 + X24*X23 + X25*X1 + X25*X3 + X25*X4 + X25*X5 + X25*X6 + X25*X7 + X25*X8 + X25*X9 + X25*X11 + X25*X13 + X25*X15 + X25*X16 + X25*X18 + X25*X19 + X25*X20 + X25*X21 + X25*X22 + X25*X23 + X26*X3 + X26*X7 + X26*X8 + X26*X17 + X26*X20 + X26*X21 + X26*X22 + X26*X23 + X26*X24 + X26*X25 + X27*X2 + X27*X4 + X27*X7 + X27*X8 + X27*X9 + X27*X10 + X27*X12 + X27*X13 + X27*X14 + X27*X16 + X27*X17 + X27*X18 + X27*X19 + X27*X23 + X27*X24 + X1 + X4 + X7 + X8 + X9 + X10 + X13 + X16 + X18 + X21 + X22 + X26
X10*X6 + X24*X14 + X24*X15 + X24*X17 + X24*X18 + X24*X21 + X25*X6 + X25*X17 + X25*X18 + X25*X19 + X25*X21 + X25*X22 + X25*X23 + X25*X24 + X26*X3 + X26*X7 + X26*X8 + X26*X9 + X26*X11 + X26*X12 + X26*X13 + X26*X14 + X26*X15 + X26*X16 + X26*X17 + X26*X20 + X26*X21 + X26*X23 + X26*X25 + X27*X1 + X27*X2 + X27*X5 + X27*X6 + X27*X8 + X27*X9 + X27*X11 + X27*X16 + X27*X18 + X27*X19 + X27*X21 + X27*X22 + X27*X23 + X27*X24 + X1 + X3 + X4 + X6 + X7 + X11 + X17 + X18 + X19 + X22 + X25 + X26 + 1
X10*X5 + X24*X18 + X24*X19 + X24*X20 + X24*X22 + X24*X23 + X25*X8 + X25*X9 + X25*X11 + X25*X12 + X25*X19 + X25*X20 + X25*X21 + X25*X24 + X26*X4 + X26*X5 + X26*X6 + X26*X7 + X26*X8 + X26*X9 + X26*X11 + X26*X12 + X26*X16 + X26*X18 + X26*X21 + X26*X23 + X26*X24 + X26*X25 + X27*X1 + X27*X3 + X27*X4 + X27*X6 + X27*X8 + X27*X9 + X27*X10 + X27*X14 + X27*X16 + X27*X19 + X27*X20 + X27*X21 + X27*X23 + X27*X24 + X27*X25 + X2 + X3 + X7 + X8 + X9 + X11 + X12 + X14 + X17 + X19 + X20 + X21 + X25 + X26 + X27 + 1
X10*X4 + X24*X14 + X24*X19 + X24*X21 + X24*X22 + X24*X23 + X25*X1 + X25*X2 + X25*X7 + X25*X11 + X25*X12 + X25*X14 + X25*X15 + X25*X18 + X25*X21 + X26*X1 + X26*X2 + X26*X5 + X26*X6 + X26*X7 + X26*X14 + X26*X19 + X26*X23 + X26*X24 + X26*X25 + X27*X4 + X27*X5 + X27*X7 + X27*X9 + X27*X13 + X27*X14 + X27*X15 + X27*X18 + X27*X20 + X27*X21 + X27*X22 + X27*X23 + X27*X24 + X27*X25 + X27*X26 + X1 + X5 + X7 + X8 + X9 + X10 + X11 + X12 + X17 + X19 + X22 + X24 + X26
X10*X3 + X24*X14 + X24*X15 + X24*X17 + X24*X18 + X24*X19 + X24*X21 + X24*X23 + X25*X1 + X25*X2 + X25*X4 + X25*X5 + X25*X6 + X25*X7 + X25*X8 + X25*X9 + X25*X15 + X25*X17 + X25*X20 + X25*X21 + X25*X22 + X25*X23 + X26*X1 + X26*X2 + X26*X3 + X26*X6 + X26*X11 + X26*X12 + X26*X15 + X26*X17 + X26*X21 + X26*X23 + X27*X1 + X27*X2 + X27*X3 + X27*X6 + X27*X7 + X27*X8 + X27*X9 + X27*X10 + X27*X11 + X27*X12 + X27*X13 + X27*X14 + X27*X18 + X27*X22 + X27*X24 + X27*X25 + X27*X26 + X1 + X2 + X3 + X6 + X7 + X8 + X10 + X13 + X15 + X16 + X18 + X19 + X20 + X22 + X23 + X24 + X25 + X26 + X27
X10*X2 + X24*X18 + X24*X19 + X24*X21 + X24*X22 + X25*X5 + X25*X7 + X25*X11 + X25*X12 + X25*X14 + X25*X15 + X25*X16 + X25*X17 + X25*X19 + X25*X20 + X25*X24 + X26*X1 + X26*X5 + X26*X6 + X26*X8 + X26*X10 + X26*X11 + X26*X14 + X26*X17 + X26*X18 + X26*X19 + X26*X22 + X26*X23 + X26*X25 + X27*X2 + X27*X3 + X27*X5 + X27*X6 + X27*X10 + X27*X12 + X27*X19 + X27*X24 + X27*X26 + X2 + X3 + X8 + X10 + X11 + X12 + X13 + X14 + X17 + X20 + X21 + X26 + X27
X10*X1 + X24*X14 + X24*X18 + X24*X19 + X24*X20 + X24*X22 + X24*X23 + X25*X2 + X25*X4 + X25*X5 + X25*X6 + X25*X8 + X25*X11 + X25*X13 + X25*X14 + X25*X15 + X25*X16 + X25*X20 + X25*X24 + X26*X1 + X26*X3 + X26*X4 + X26*X6 + X26*X9 + X26*X10 + X26*X11 + X26*X12 + X26*X13 + X26*X16 + X26*X17 + X26*X18 + X26*X19 + X26*X21 + X26*X22 + X26*X24 + X26*X25 + X27*X1 + X27*X3 + X27*X6 + X27*X10 + X27*X14 + X27*X15 + X27*X16 + X27*X18 + X27*X19 + X27*X21 + X27*X22 + X27*X25 + X1 + X3 + X4 + X6 + X7 + X8 + X12 + X13 + X14 + X16 + X18 + X19 + X20 + X21 + X22 + X24 + X27
X9^2 + X9
X9*X8 + X24*X15 + X24*X17 + X24*X19 + X24*X20 + X25*X1 + X25*X3 + X25*X4 + X25*X9 + X25*X10 + X25*X12 + X25*X14 + X25*X15 + X25*X19 + X25*X20 + X25*X22 + X25*X23 + X26*X1 + X26*X2 + X26*X4 + X26*X5 + X26*X6 + X26*X8 + X26*X9 + X26*X12 + X26*X14 + X26*X15 + X26*X17 + X26*X18 + X26*X21 + X26*X23 + X26*X24 + X26*X25 + X27*X1 + X27*X2 + X27*X3 + X27*X10 + X27*X12 + X27*X16 + X27*X17 + X27*X18 + X27*X22 + X27*X25 + X3 + X5 + X6 + X8 + X10 + X13 + X14 + X16 + X17 + X21 + X22 + X23 + X24 + X26 + 1
X9*X7 + X24*X14 + X24*X17 + X24*X19 + X24*X23 + X25*X1 + X25*X2 + X25*X3 + X25*X7 + X25*X8 + X25*X9 + X25*X12 + X25*X15 + X25*X16 + X25*X18 + X25*X19 + X25*X22 + X26*X1 + X26*X3 + X26*X5 + X26*X6 + X26*X9 + X26*X10 + X26*X11 + X26*X12 + X26*X22 + X26*X25 + X27*X4 + X27*X5 + X27*X8 + X27*X11 + X27*X13 + X27*X14 + X27*X16 + X27*X17 + X27*X18 + X27*X19 + X27*X21 + X27*X24 + X27*X25 + X27*X26 + X1 + X3 + X4 + X5 + X7 + X9 + X10 + X12 + X13 + X14 + X16 + X17 + X18 + X19 + X20 + X23 + X25 + X26 + X27 + 1
X9*X6 + X24*X15 + X24*X17 + X24*X20 + X24*X21 + X24*X22 + X24*X23 + X25*X1 + X25*X2 + X25*X4 + X25*X5 + X25*X8 + X25*X9 + X25*X10 + X25*X11 + X25*X12 + X25*X13 + X25*X15 + X25*X18 + X25*X19 + X25*X20 + X25*X24 + X26*X1 + X26*X5 + X26*X7 + X26*X12 + X26*X13 + X26*X14 + X26*X15 + X26*X16 + X26*X17 + X26*X18 + X26*X19 + X26*X21 + X26*X22 + X27*X6 + X27*X10 + X27*X11 + X27*X12 + X27*X13 + X27*X14 + X27*X16 + X27*X18 + X27*X20 + X27*X21 + X27*X23 + X27*X24 + X1 + X2 + X4 + X5 + X7 + X9 + X11 + X13 + X19 + X21 + X22 + X23 + X24
X9*X5 + X24*X14 + X24*X15 + X24*X18 + X24*X19 + X24*X20 + X24*X22 + X25*X2 + X25*X3 + X25*X6 + X25*X7 + X25*X9 + X25*X10 + X25*X11 + X25*X14 + X25*X16 + X25*X17 + X25*X18 + X25*X20 + X25*X22 + X26*X2 + X26*X3 + X26*X9 + X26*X10 + X26*X11 + X26*X22 + X26*X25 + X27*X1 + X27*X4 + X27*X6 + X27*X9 + X27*X12 + X27*X15 + X27*X18 + X27*X21 + X27*X24 + X27*X26 + X1 + X2 + X3 + X4 + X5 + X7 + X10 + X12 + X13 + X15 + X17 + X19 + X20 + X23 + X24 + X25
X9*X4 + X24*X15 + X24*X17 + X24*X19 + X24*X22 + X25*X1 + X25*X2 + X25*X3 + X25*X5 + X25*X6 + X25*X11 + X25*X12 + X25*X14 + X25*X19 + X25*X24 + X26*X2 + X26*X3 + X26*X6 + X26*X7 + X26*X8 + X26*X9 + X26*X13 + X26*X14 + X26*X15 + X26*X16 + X26*X17 + X26*X20 + X26*X21 + X26*X22 + X26*X24 + X27*X1 + X27*X2 + X27*X3 + X27*X6 + X27*X7 + X27*X8 + X27*X9 + X27*X11 + X27*X16 + X27*X17 + X27*X19 + X27*X21 + X4 + X6 + X8 + X11 + X12 + X14 + X15 + X16 + X19 + X20 + X25 + X26 + X27
X9*X3 + X24*X14 + X24*X15 + X24*X18 + X24*X19 + X24*X20 + X24*X21 + X24*X23 + X25*X1 + X25*X8 + X25*X10 + X25*X12 + X25*X13 + X25*X14 + X25*X15 + X25*X17 + X25*X18 + X25*X20 + X25*X21 + X26*X2 + X26*X3 + X26*X4 + X26*X5 + X26*X10 + X26*X18 + X26*X19 + X26*X20 + X26*X21 + X26*X23 + X26*X24 + X27*X4 + X27*X5 + X27*X6 + X27*X7 + X27*X8 + X27*X9 + X27*X11 + X27*X12 + X27*X15 + X27*X16 + X27*X18 + X27*X22 + X27*X24 + X1 + X3 + X5 + X6 + X8 + X9 + X10 + X11 + X13 + X14 + X19 + X20 + X22 + X23 + X25
X9*X2 + X24*X14 + X24*X15 + X24*X17 + X24*X21 + X25*X2 + X25*X5 + X25*X6 + X25*X8 + X25*X12 + X25*X13 + X25*X15 + X25*X19 + X25*X20 + X26*X2 + X26*X4 + X26*X7 + X26*X8 + X26*X11 + X26*X13 + X26*X15 + X26*X17 + X26*X19 + X26*X21 + X26*X24 + X26*X25 + X27*X1 + X27*X2 + X27*X4 + X27*X8 + X27*X11 + X27*X12 + X27*X13 + X27*X15 + X27*X17 + X27*X20 + X27*X24 + X4 + X6 + X7 + X9 + X10 + X11 + X20 + X27 + 1
X9*X1 + X24*X15 + X24*X18 + X24*X19 + X24*X20 + X24*X21 + X24*X23 + X25*X1 + X25*X2 + X25*X5 + X25*X13 + X25*X17 + X25*X19 + X25*X20 + X25*X24 + X26*X1 + X26*X3 + X26*X4 + X26*X5 + X26*X8 + X26*X9 + X26*X11 + X26*X13 + X26*X17 + X26*X20 + X26*X23 + X26*X24 + X27*X1 + X27*X4 + X27*X8 + X27*X9 + X27*X15 + X27*X17 + X27*X18 + X27*X23 + X1 + X3 + X4 + X10 + X14 + X17 + X19 + X21 + X22 + X24 + X26 + X27
X8^2 + X8
X8*X7 + X24*X15 + X24*X17 + X24*X18 + X24*X19 + X24*X20 + X24*X22 + X24*X23 + X25*X2 + X25*X6 + X25*X7 + X25*X10 + X25*X11 + X25*X12 + X25*X13 + X25*X15 + X25*X16 + X25*X18 + X25*X19 + X25*X23 + X25*X24 + X26*X1 + X26*X2 + X26*X3 + X26*X6 + X26*X8 + X26*X9 + X26*X11 + X26*X14 + X26*X15 + X26*X16 + X26*X18 + X26*X20 + X26*X25 + X27*X3 + X27*X4 + X27*X6 + X27*X7 + X27*X11 + X27*X13 + X27*X16 + X27*X19 + X27*X23 + X27*X24 + X27*X25 + X2 + X5 + X7 + X8 + X9 + X10 + X11 + X12 + X13 + X16 + X19 + X24 + X27 + 1
X8*X6 + X24*X14 + X24*X15 + X24*X17 + X24*X18 + X24*X20 + X24*X23 + X25*X1 + X25*X3 + X25*X5 + X25*X6 + X25*X8 + X25*X9 + X25*X10 + X25*X14 + X25*X15 + X25*X17 + X25*X20 + X25*X21 + X25*X24 + X26*X1 + X26*X4 + X26*X5 + X26*X6 + X26*X8 + X26*X10 + X26*X13 + X26*X19 + X26*X20 + X26*X23 + X26*X24 + X27*X1 + X27*X2 + X27*X4 + X27*X7 + X27*X9 + X27*X11 + X27*X12 + X27*X14 + X27*X15 + X27*X16 + X27*X17 + X27*X19 + X27*X20 + X27*X21 + X27*X22 + X27*X24 + X27*X26 + X1 + X2 + X6 + X7 + X10 + X12 + X15 + X16 + X17 + X18 + X20 + X22 + X23 + X25 + X26 + X27 + 1
X8*X5 + X24*X14 + X24*X15 + X24*X19 + X24*X20 + X24*X21 + X24*X23 + X25*X3 + X25*X4 + X25*X6 + X25*X7 + X25*X8 + X25*X9 + X25*X11 + X25*X12 + X25*X13 + X25*X14 + X25*X16 + X25*X20 + X25*X21 + X25*X22 + X26*X1 + X26*X2 + X26*X7 + X26*X8 + X26*X11 + X26*X13 + X26*X14 + X26*X17 + X26*X18 + X26*X21 + X26*X22 + X26*X23 + X27*X3 + X27*X4 + X27*X5 + X27*X6 + X27*X7 + X27*X8 + X27*X9 + X27*X11 + X27*X14 + X27*X15 + X27*X17 + X27*X18 + X27*X20 + X27*X22 + X4 + X6 + X9 + X14 + X15 + X17 + X20 + X21 + X22 + X24 + X25 + X26 + 1
X8*X4 + X24*X15 + X24*X18 + X24*X19 + X24*X20 + X24*X21 + X24*X22 + X25*X1 + X25*X3 + X25*X4 + X25*X6 + X25*X7 + X25*X8 + X25*X9 + X25*X12 + X25*X13 + X25*X17 + X25*X18 + X25*X19 + X25*X23 + X26*X1 + X26*X2 + X26*X6 + X26*X7 + X26*X11 + X26*X12 + X26*X14 + X26*X15 + X26*X16 + X26*X19 + X26*X20 + X26*X21 + X26*X24 + X26*X25 + X27*X2 + X27*X4 + X27*X5 + X27*X6 + X27*X8 + X27*X12 + X27*X17 + X27*X19 + X27*X20 + X27*X21 + X27*X22 + X27*X23 + X27*X25 + X27*X26 + X1 + X4 + X5 + X6 + X7 + X10 + X11 + X12 + X14 + X16 + X20 + X21 + X26 + X27 + 1
X8*X3 + X24*X14 + X24*X15 + X24*X17 + X24*X20 + X24*X21 + X24*X22 + X24*X23 + X25*X1 + X25*X2 + X25*X4 + X25*X5 + X25*X9 + X25*X11 + X25*X14 + X25*X16 + X25*X17 + X25*X18 + X25*X20 + X25*X22 + X26*X4 + X26*X6 + X26*X7 + X26*X10 + X26*X12 + X26*X13 + X26*X24 + X27*X1 + X27*X3 + X27*X4 + X27*X5 + X27*X6 + X27*X8 + X27*X11 + X27*X12 + X27*X14 + X27*X15 + X27*X16 + X27*X23 + X27*X24 + X27*X25 + X27*X26 + X4 + X6 + X8 + X10 + X17 + X19 + X20 + X21 + X24 + X25 + X26 + X27 + 1
X8*X2 + X24*X17 + X24*X18 + X24*X20 + X24*X22 + X25*X3 + X25*X4 + X25*X8 + X25*X12 + X25*X15 + X25*X16 + X25*X17 + X25*X18 + X25*X20 + X25*X21 + X25*X22 + X26*X1 + X26*X6 + X26*X8 + X26*X10 + X26*X11 + X26*X13 + X26*X16 + X26*X17 + X26*X20 + X26*X24 + X26*X25 + X27*X2 + X27*X4 + X27*X5 + X27*X6 + X27*X7 + X27*X8 + X27*X9 + X27*X10 + X27*X12 + X27*X17 + X27*X18 + X27*X21 + X27*X23 + X27*X24 + X27*X25 + X2 + X7 + X8 + X9 + X10 + X11 + X13 + X14 + X16 + X17 + X18 + X21 + X23 + X24 + X25 + X27 + 1
X8*X1 + X24*X15 + X24*X17 + X24*X20 + X24*X21 + X24*X22 + X25*X1 + X25*X3 + X25*X4 + X25*X5 + X25*X6 + X25*X8 + X25*X10 + X25*X11 + X25*X12 + X25*X14 + X25*X20 + X25*X21 + X25*X22 + X26*X1 + X26*X3 + X26*X5 + X26*X6 + X26*X7 + X26*X8 + X26*X9 + X26*X10 + X26*X16 + X26*X19 + X26*X20 + X26*X21 + X26*X22 + X26*X24 + X27*X3 + X27*X4 + X27*X7 + X27*X8 + X27*X9 + X27*X10 + X27*X11 + X27*X12 + X27*X13 + X27*X15 + X27*X17 + X27*X21 + X27*X22 + X27*X23 + X27*X26 + X2 + X14 + X16 + X18 + X19 + X22 + 1
X7^2 + X7
X7*X6 + X24*X14 + X24*X17 + X24*X21 + X25*X3 + X25*X4 + X25*X5 + X25*X8 + X25*X11 + X25*X12 + X25*X13 + X25*X14 + X25*X15 + X25*X17 + X25*X18 + X25*X19 + X25*X20 + X25*X23 + X25*X24 + X26*X2 + X26*X6 + X26*X7 + X26*X8 + X26*X10 + X26*X11 + X26*X13 + X26*X14 + X26*X17 + X26*X20 + X26*X23 + X26*X25 + X27*X3 + X27*X4 + X27*X10 + X27*X11 + X27*X12 + X27*X14 + X27*X15 + X27*X20 + X27*X22 + X27*X24 + X27*X25 + X27*X26 + X5 + X8 + X12 + X15 + X17 + X19 + X20 + X21 + X25 + X26 + X27
X7*X5 + X24*X17 + X24*X21 + X25*X1 + X25*X5 + X25*X6 + X25*X10 + X25*X11 + X25*X14 + X25*X15 + X25*X17 + X26*X1 + X26*X2 + X26*X4 + X26*X5 + X26*X8 + X26*X9 + X26*X10 + X26*X15 + X26*X16 + X26*X18 + X26*X19 + X26*X21 + X26*X22 + X26*X23 + X26*X25 + X27*X1 + X27*X2 + X27*X5 + X27*X6 + X27*X7 + X27*X8 + X27*X9 + X27*X13 + X27*X14 + X27*X17 + X27*X20 + X27*X22 + X27*X24 + X27*X25 + X2 + X3 + X4 + X6 + X7 + X10 + X13 + X16 + X17 + X19 + X20 + X23 + X27 + 1
X7*X4 + X24*X14 + X24*X15 + X24*X18 + X24*X19 + X24*X23 + X25*X1 + X25*X2 + X25*X5 + X25*X6 + X25*X8 + X25*X9 + X25*X11 + X25*X18 + X25*X19 + X25*X20 + X25*X23 + X26*X4 + X26*X5 + X26*X7 + X26*X9 + X26*X10 + X26*X12 + X26*X16 + X26*X19 + X26*X21 + X26*X24 + X27*X3 + X27*X7 + X27*X11 + X27*X12 + X27*X13 + X27*X14 + X27*X17 + X27*X18 + X27*X23 + X27*X25 + X2 + X3 + X4 + X7 + X11 + X14 + X15 + X17 + X18 + X19 + X21
X7*X3 + X24*X14 + X24*X15 + X24*X17 + X24*X18 + X24*X20 + X24*X22 + X24*X23 + X25*X2 + X25*X3 + X25*X4 + X25*X7 + X25*X10 + X25*X11 + X25*X14 + X25*X15 + X25*X18 + X25*X21 + X25*X22 + X25*X24 + X26*X5 + X26*X7 + X26*X8 + X26*X12 + X26*X14 + X26*X15 + X26*X16 + X26*X17 + X26*X19 + X26*X21 + X26*X23 + X26*X24 + X27*X1 + X27*X2 + X27*X3 + X27*X5 + X27*X6 + X27*X8 + X27*X10 + X27*X11 + X27*X12 + X27*X13 + X27*X14 + X27*X15 + X27*X17 + X27*X18 + X27*X21 + X27*X22 + X27*X23 + X27*X25 + X27*X26 + X1 + X2 + X3 + X5 + X10 + X11 + X13 + X15 + X16 + X18 + X20 + X22 + X23 + X24 + X25 + X27 + 1
X7*X2 + X24*X14 + X24*X15 + X24*X17 + X24*X18 + X24*X19 + X24*X22 + X25*X6 + X25*X8 + X25*X12 + X25*X16 + X25*X17 + X25*X20 + X25*X22 + X25*X24 + X26*X3 + X26*X8 + X26*X10 + X26*X12 + X26*X13 + X26*X14 + X26*X17 + X26*X18 + X26*X20 + X26*X21 + X26*X25 + X27*X1 + X27*X3 + X27*X4 + X27*X5 + X27*X6 + X27*X7 + X27*X8 + X27*X10 + X27*X13 + X27*X14 + X27*X15 + X27*X16 + X27*X18 + X27*X20 + X27*X21 + X27*X22 + X1 + X4 + X7 + X8 + X10 + X11 + X12 + X13 + X14 + X17 + X20 + X22 + X24
X7*X1 + X24*X15 + X24*X19 + X24*X20 + X24*X21 + X24*X22 + X25*X2 + X25*X3 + X25*X4 + X25*X9 + X25*X10 + X25*X11 + X25*X13 + X25*X17 + X25*X18 + X25*X19 + X25*X21 + X25*X22 + X26*X1 + X26*X4 + X26*X7 + X26*X8 + X26*X9 + X26*X10 + X26*X11 + X26*X13 + X26*X14 + X26*X16 + X26*X19 + X26*X21 + X26*X22 + X26*X23 + X26*X24 + X27*X1 + X27*X2 + X27*X4 + X27*X11 + X27*X12 + X27*X18 + X27*X19 + X27*X20 + X27*X21 + X27*X24 + X27*X25 + X3 + X4 + X5 + X6 + X7 + X10 + X12 + X15 + X16 + X17 + X18 + X19 + X20 + X22 + X24 + X27
X6^2 + X6
X6*X5 + X24*X17 + X24*X19 + X24*X20 + X24*X22 + X25*X1 + X25*X2 + X25*X4 + X25*X5 + X25*X7 + X25*X8 + X25*X9 + X25*X11 + X25*X13 + X25*X16 + X25*X17 + X25*X19 + X25*X20 + X26*X1 + X26*X2 + X26*X3 + X26*X4 + X26*X8 + X26*X12 + X26*X14 + X26*X15 + X26*X16 + X26*X17 + X26*X18 + X26*X19 + X26*X24 + X26*X25 + X27*X5 + X27*X6 + X27*X7 + X27*X8 + X27*X9 + X27*X12 + X27*X18 + X27*X19 + X27*X20 + X27*X22 + X27*X23 + X1 + X2 + X6 + X7 + X11 + X12 + X13 + X15 + X16 + X21 + X24 + X26 + X27 + 1
X6*X4 + X24*X17 + X24*X18 + X24*X23 + X25*X4 + X25*X7 + X25*X8 + X25*X12 + X25*X17 + X25*X22 + X26*X2 + X26*X4 + X26*X6 + X26*X8 + X26*X10 + X26*X12 + X26*X13 + X26*X14 + X26*X16 + X26*X19 + X26*X24 + X27*X1 + X27*X4 + X27*X7 + X27*X8 + X27*X9 + X27*X11 + X27*X13 + X27*X15 + X27*X17 + X27*X19 + X27*X20 + X27*X21 + X27*X22 + X27*X23 + X27*X25 + X1 + X2 + X6 + X8 + X9 + X12 + X14 + X15 + X16 + X18 + X22 + X23 + X24 + X25 + X26
X6*X3 + X24*X14 + X24*X15 + X24*X17 + X24*X20 + X24*X22 + X24*X23 + X25*X3 + X25*X9 + X25*X11 + X25*X12 + X25*X13 + X25*X15 + X25*X17 + X25*X18 + X25*X19 + X25*X20 + X25*X21 + X25*X23 + X25*X24 + X26*X3 + X26*X4 + X26*X7 + X26*X9 + X26*X10 + X26*X11 + X26*X13 + X26*X14 + X26*X19 + X26*X20 + X26*X21 + X26*X24 + X27*X5 + X27*X6 + X27*X12 + X27*X13 + X27*X15 + X27*X17 + X27*X18 + X27*X19 + X27*X20 + X27*X21 + X27*X22 + X27*X23 + X27*X26 + X4 + X5 + X6 + X7 + X9 + X11 + X12 + X16 + X18 + X20 + X21 + X27 + 1
X6*X2 + X24*X14 + X24*X18 + X24*X19 + X24*X20 + X24*X21 + X25*X4 + X25*X6 + X25*X9 + X25*X10 + X25*X11 + X25*X13 + X25*X15 + X25*X16 + X25*X17 + X25*X22 + X25*X23 + X25*X24 + X26*X1 + X26*X2 + X26*X3 + X26*X6 + X26*X9 + X26*X13 + X26*X14 + X26*X15 + X26*X16 + X26*X21 + X26*X23 + X26*X25 + X27*X3 + X27*X6 + X27*X8 + X27*X13 + X27*X15 + X27*X16 + X27*X18 + X27*X19 + X27*X22 + X27*X25 + X27*X26 + X1 + X2 + X6 + X7 + X10 + X13 + X14 + X15 + X18 + X20 + X22 + X26 + X27 + 1
X6*X1 + X24*X15 + X24*X18 + X24*X19 + X24*X20 + X24*X21 + X24*X22 + X25*X3 + X25*X5 + X25*X7 + X25*X8 + X25*X9 + X25*X13 + X25*X15 + X25*X16 + X25*X17 + X25*X23 + X25*X24 + X26*X1 + X26*X2 + X26*X3 + X26*X7 + X26*X12 + X26*X13 + X26*X18 + X26*X20 + X26*X21 + X26*X25 + X27*X2 + X27*X3 + X27*X4 + X27*X5 + X27*X9 + X27*X10 + X27*X17 + X27*X19 + X27*X21 + X27*X22 + X27*X24 + X1 + X5 + X6 + X10 + X11 + X15 + X16 + X19 + X20 + X23 + X25 + 1
X5^2 + X5
X5*X4 + X24*X14 + X24*X15 + X24*X19 + X24*X20 + X24*X21 + X24*X23 + X25*X2 + X25*X6 + X25*X8 + X25*X10 + X25*X11 + X25*X21 + X25*X22 + X26*X1 + X26*X2 + X26*X4 + X26*X5 + X26*X6 + X26*X7 + X26*X11 + X26*X13 + X26*X17 + X26*X18 + X26*X19 + X26*X21 + X26*X22 + X26*X23 + X26*X25 + X27*X2 + X27*X7 + X27*X8 + X27*X9 + X27*X10 + X27*X11 + X27*X14 + X27*X16 + X27*X23 + X27*X26 + X1 + X2 + X3 + X7 + X8 + X11 + X13 + X14 + X15 + X16 + X17 + X18 + X22 + X23 + X25 + X26 + 1
X5*X3 + X24*X14 + X24*X20 + X24*X21 + X24*X23 + X25*X2 + X25*X4 + X25*X7 + X25*X8 + X25*X9 + X25*X10 + X25*X11 + X25*X12 + X25*X15 + X25*X17 + X25*X19 + X25*X23 + X25*X24 + X26*X2 + X26*X4 + X26*X6 + X26*X8 + X26*X9 + X26*X13 + X26*X14 + X26*X17 + X26*X18 + X26*X19 + X26*X20 + X26*X24 + X26*X25 + X27*X1 + X27*X4 + X27*X5 + X27*X6 + X27*X7 + X27*X10 + X27*X12 + X27*X14 + X27*X15 + X27*X17 + X27*X18 + X27*X20 + X27*X21 + X27*X24 + X27*X25 + X27*X26 + X1 + X2 + X3 + X6 + X7 + X8 + X9 + X10 + X12 + X14 + X15 + X17 + X18 + X20 + X21 + X23 + X25
X5*X2 + X24*X15 + X24*X19 + X24*X22 + X25*X1 + X25*X2 + X25*X4 + X25*X5 + X25*X7 + X25*X11 + X25*X21 + X26*X1 + X26*X2 + X26*X5 + X26*X6 + X26*X7 + X26*X8 + X26*X9 + X26*X13 + X26*X15 + X26*X17 + X26*X20 + X26*X22 + X26*X23 + X26*X25 + X27*X1 + X27*X3 + X27*X10 + X27*X11 + X27*X17 + X27*X19 + X27*X20 + X27*X21 + X27*X23 + X27*X24 + X1 + X4 + X5 + X8 + X12 + X13 + X16 + X17 + X20 + X23 + X25 + X26 + X27
X5*X1 + X24*X15 + X24*X19 + X24*X20 + X24*X22 + X24*X23 + X25*X2 + X25*X4 + X25*X6 + X25*X8 + X25*X9 + X25*X10 + X25*X12 + X25*X14 + X25*X18 + X25*X22 + X25*X24 + X26*X1 + X26*X2 + X26*X3 + X26*X5 + X26*X7 + X26*X8 + X26*X11 + X26*X12 + X26*X13 + X26*X15 + X26*X16 + X26*X17 + X26*X20 + X26*X23 + X26*X24 + X26*X25 + X27*X1 + X27*X2 + X27*X3 + X27*X5 + X27*X7 + X27*X8 + X27*X9 + X27*X10 + X27*X11 + X27*X13 + X27*X14 + X27*X15 + X27*X16 + X27*X18 + X27*X19 + X27*X20 + X27*X22 + X27*X25 + X2 + X4 + X5 + X6 + X8 + X15 + X16 + X19 + X22 + X24 + X25
X4^2 + X4
X4*X3 + X24*X14 + X24*X15 + X24*X18 + X24*X19 + X24*X20 + X24*X21 + X24*X22 + X24*X23 + X25*X1 + X25*X4 + X25*X5 + X25*X7 + X25*X10 + X25*X11 + X25*X21 + X25*X23 + X25*X24 + X26*X1 + X26*X2 + X26*X3 + X26*X6 + X26*X7 + X26*X9 + X26*X12 + X26*X14 + X26*X15 + X26*X18 + X26*X22 + X26*X23 + X26*X24 + X27*X1 + X27*X4 + X27*X11 + X27*X12 + X27*X15 + X27*X18 + X27*X19 + X27*X20 + X27*X21 + X27*X22 + X27*X25 + X27*X26 + X1 + X2 + X6 + X7 + X8 + X9 + X13 + X14 + X15 + X16 + X19 + X20 + X21 + X22 + X25 + X27
X4*X2 + X24*X17 + X24*X18 + X24*X19 + X24*X21 + X24*X22 + X25*X2 + X25*X3 + X25*X4 + X25*X5 + X25*X6 + X25*X7 + X25*X11 + X25*X13 + X25*X16 + X25*X19 + X25*X20 + X25*X21 + X25*X22 + X25*X24 + X26*X1 + X26*X2 + X26*X5 + X26*X10 + X26*X11 + X26*X12 + X26*X13 + X26*X15 + X26*X16 + X26*X19 + X26*X20 + X26*X22 + X26*X23 + X26*X24 + X26*X25 + X27*X2 + X27*X3 + X27*X4 + X27*X5 + X27*X7 + X27*X8 + X27*X11 + X27*X12 + X27*X15 + X27*X16 + X27*X19 + X27*X22 + X27*X23 + X27*X24 + X27*X25 + X27*X26 + X4 + X7 + X11 + X14 + X15 + X18 + X19 + X23 + X25 + X26
X4*X1 + X24*X15 + X24*X20 + X25*X2 + X25*X3 + X25*X6 + X25*X9 + X25*X10 + X25*X12 + X25*X14 + X25*X15 + X25*X18 + X25*X20 + X25*X21 + X25*X23 + X25*X24 + X26*X2 + X26*X3 + X26*X5 + X26*X6 + X26*X7 + X26*X8 + X26*X11 + X26*X12 + X26*X18 + X26*X21 + X26*X23 + X26*X25 + X27*X2 + X27*X5 + X27*X6 + X27*X7 + X27*X10 + X27*X12 + X27*X13 + X27*X15 + X27*X16 + X27*X23 + X2 + X4 + X5 + X7 + X8 + X9 + X10 + X12 + X13 + X14 + X15 + X17 + X24 + X27 + 1
X3^2 + X3
X3*X2 + X24*X14 + X24*X15 + X24*X18 + X24*X20 + X24*X21 + X24*X22 + X24*X23 + X25*X1 + X25*X2 + X25*X3 + X25*X4 + X25*X5 + X25*X7 + X25*X13 + X25*X15 + X25*X17 + X25*X21 + X25*X22 + X25*X24 + X26*X1 + X26*X2 + X26*X4 + X26*X6 + X26*X9 + X26*X12 + X26*X15 + X26*X16 + X26*X18 + X26*X20 + X26*X21 + X26*X22 + X26*X24 + X27*X1 + X27*X2 + X27*X4 + X27*X5 + X27*X8 + X27*X9 + X27*X10 + X27*X12 + X27*X13 + X27*X15 + X27*X18 + X27*X21 + X27*X22 + X27*X23 + X27*X24 + X27*X26 + X1 + X6 + X9 + X11 + X15 + X16 + X18 + X21 + X23 + X24 + X25 + X27
X3*X1 + X24*X15 + X24*X17 + X24*X18 + X24*X19 + X24*X20 + X24*X23 + X25*X1 + X25*X5 + X25*X7 + X25*X9 + X25*X11 + X25*X12 + X25*X17 + X25*X19 + X25*X22 + X26*X2 + X26*X4 + X26*X5 + X26*X10 + X26*X13 + X26*X14 + X26*X15 + X26*X16 + X26*X17 + X26*X18 + X26*X21 + X27*X4 + X27*X6 + X27*X7 + X27*X9 + X27*X11 + X27*X12 + X27*X13 + X27*X14 + X27*X15 + X27*X16 + X27*X20 + X27*X21 + X27*X24 + X27*X25 + X1 + X2 + X3 + X4 + X8 + X9 + X11 + X13 + X14 + X16 + X17 + X18 + X19 + X20 + X23 + X24
X2^2 + X2
X2*X1 + X24*X14 + X24*X19 + X24*X21 + X24*X22 + X25*X3 + X25*X5 + X25*X11 + X25*X12 + X25*X15 + X25*X16 + X25*X17 + X25*X19 + X25*X21 + X26*X1 + X26*X2 + X26*X4 + X26*X5 + X26*X7 + X26*X11 + X26*X12 + X26*X14 + X26*X19 + X27*X1 + X27*X2 + X27*X3 + X27*X4 + X27*X9 + X27*X11 + X27*X15 + X27*X18 + X27*X19 + X27*X21 + X27*X24 + X27*X25 + X27*X26 + X1 + X5 + X8 + X10 + X11 + X12 + X14 + X24 + X25
X1^2 + X1
X27*X26*X25 + X24*X19 + X24*X20 + X24*X22 + X24*X23 + X25*X2 + X25*X6 + X25*X8 + X25*X9 + X25*X10 + X25*X12 + X25*X16 + X25*X18 + X25*X19 + X25*X21 + X25*X23 + X25*X24 + X26*X1 + X26*X4 + X26*X6 + X26*X7 + X26*X8 + X26*X9 + X26*X11 + X26*X13 + X26*X14 + X26*X15 + X26*X19 + X26*X23 + X27*X1 + X27*X2 + X27*X3 + X27*X4 + X27*X5 + X27*X7 + X27*X8 + X27*X13 + X27*X14 + X27*X15 + X27*X16 + X27*X17 + X27*X19 + X27*X20 + X27*X23 + X27*X24 + X27*X26 + X4 + X7 + X9 + X12 + X13 + X15 + X19 + X20 + X21 + X22 + X25 + X26 + X27
X27*X26*X24 + X24*X15 + X24*X22 + X24*X23 + X25*X1 + X25*X2 + X25*X5 + X25*X10 + X25*X12 + X25*X14 + X25*X15 + X25*X20 + X25*X21 + X26*X1 + X26*X2 + X26*X3 + X26*X4 + X26*X7 + X26*X9 + X26*X10 + X26*X11 + X26*X14 + X26*X15 + X26*X16 + X26*X17 + X26*X19 + X26*X20 + X26*X22 + X26*X23 + X26*X24 + X27*X3 + X27*X7 + X27*X11 + X27*X12 + X27*X13 + X27*X14 + X27*X15 + X27*X17 + X27*X18 + X27*X19 + X27*X22 + X27*X23 + X27*X25 + X2 + X5 + X6 + X7 + X14 + X16 + X18 + X20 + X21 + X22 + X25 + X27 + 1
X27*X26*X23 + X24*X17 + X24*X18 + X24*X21 + X24*X22 + X24*X23 + X25*X2 + X25*X5 + X25*X8 + X25*X9 + X25*X11 + X25*X12 + X25*X13 + X25*X20 + X25*X22 + X25*X24 + X26*X5 + X26*X6 + X26*X7 + X26*X8 + X26*X10 + X26*X13 + X26*X15 + X26*X16 + X26*X17 + X26*X19 + X26*X20 + X26*X24 + X27*X1 + X27*X3 + X27*X4 + X27*X5 + X27*X9 + X27*X11 + X27*X12 + X27*X14 + X27*X17 + X27*X18 + X27*X19 + X27*X21 + X27*X22 + X27*X23 + X27*X25 + X4 + X7 + X8 + X10 + X11 + X12 + X18 + X22 + X24 + X26 + 1
X27*X26*X22 + X24*X18 + X24*X19 + X25*X1 + X25*X3 + X25*X7 + X25*X9 + X25*X13 + X25*X14 + X25*X16 + X25*X17 + X25*X21 + X25*X23 + X26*X1 + X26*X2 + X26*X3 + X26*X5 + X26*X7 + X26*X9 + X26*X11 + X26*X12 + X26*X13 + X26*X14 + X26*X15 + X26*X16 + X26*X17 + X26*X18 + X26*X19 + X26*X20 + X26*X21 + X26*X22 + X26*X24 + X26*X25 + X27*X2 + X27*X4 + X27*X6 + X27*X7 + X27*X9 + X27*X10 + X27*X11 + X27*X13 + X27*X16 + X27*X17 + X27*X21 + X27*X22 + X27*X24 + X27*X25 + X27*X26 + X3 + X5 + X6 + X7 + X8 + X9 + X10 + X12 + X13 + X17 + X19 + X20 + X21 + X24 + X25 + X26
X27*X26*X21 + X24*X14 + X24*X15 + X24*X19 + X24*X20 + X24*X21 + X24*X23 + X25*X1 + X25*X4 + X25*X5 + X25*X7 + X25*X8 + X25*X18 + X25*X20 + X25*X22 + X26*X4 + X26*X5 + X26*X6 + X26*X7 + X26*X8 + X26*X9 + X26*X10 + X26*X11 + X26*X12 + X26*X13 + X26*X15 + X26*X21 + X26*X23 + X26*X24 + X27*X3 + X27*X6 + X27*X9 + X27*X12 + X27*X14 + X27*X19 + X27*X21 + X27*X23 + X1 + X2 + X4 + X6 + X7 + X10 + X11 + X13 + X16 + X18 + X20 + X25 + X27
X27*X26*X20 + X24*X14 + X24*X17 + X24*X18 + X24*X22 + X24*X23 + X25*X2 + X25*X3 + X25*X4 + X25*X5 + X25*X9 + X25*X19 + X25*X21 + X25*X22 + X25*X23 + X25*X24 + X26*X2 + X26*X4 + X26*X8 + X26*X11 + X26*X12 + X26*X13 + X26*X17 + X26*X19 + X26*X21 + X26*X22 + X26*X23 + X27*X1 + X27*X2 + X27*X4 + X27*X10 + X27*X11 + X27*X13 + X27*X14 + X27*X18 + X27*X19 + X27*X20 + X27*X21 + X27*X23 + X27*X25 + X1 + X5 + X7 + X8 + X12 + X16 + X17 + X21 + X22 + X23 + X26 + X27
X27*X26*X19 + X24*X14 + X24*X20 + X24*X22 + X24*X23 + X25*X2 + X25*X5 + X25*X6 + X25*X8 + X25*X9 + X25*X11 + X25*X12 + X25*X13 + X25*X14 + X25*X15 + X25*X16 + X25*X17 + X25*X18 + X25*X19 + X25*X22 + X26*X3 + X26*X4 + X26*X7 + X26*X9 + X26*X11 + X26*X12 + X26*X14 + X26*X17 + X26*X18 + X26*X20 + X26*X21 + X26*X22 + X26*X23 + X27*X1 + X27*X2 + X27*X4 + X27*X5 + X27*X6 + X27*X7 + X27*X8 + X27*X14 + X27*X15 + X27*X16 + X27*X17 + X27*X20 + X27*X21 + X27*X23 + X27*X24 + X27*X26 + X1 + X4 + X5 + X6 + X7 + X8 + X16 + X17 + X19 + X23 + X26 + X27 + 1
X27*X26*X18 + X24*X14 + X24*X15 + X24*X17 + X24*X19 + X24*X20 + X24*X21 + X25*X1 + X25*X2 + X25*X4 + X25*X5 + X25*X8 + X25*X10 + X25*X11 + X25*X13 + X25*X14 + X25*X15 + X25*X18 + X25*X19 + X25*X20 + X25*X21 + X25*X24 + X26*X1 + X26*X2 + X26*X4 + X26*X9 + X26*X10 + X26*X12 + X26*X15 + X26*X18 + X26*X19 + X26*X21 + X26*X22 + X26*X24 + X27*X1 + X27*X2 + X27*X4 + X27*X10 + X27*X11 + X27*X12 + X27*X14 + X27*X18 + X27*X19 + X27*X21 + X27*X22 + X27*X23 + X27*X24 + X27*X25 + X1 + X2 + X6 + X7 + X8 + X10 + X11 + X12 + X17 + X18 + X19 + X20 + X21 + X23 + X25 + X26 + 1
X27*X26*X17 + X24*X15 + X24*X17 + X24*X18 + X24*X20 + X24*X22 + X24*X23 + X25*X2 + X25*X3 + X25*X4 + X25*X5 + X25*X6 + X25*X7 + X25*X8 + X25*X9 + X25*X10 + X25*X11 + X25*X13 + X25*X15 + X25*X16 + X25*X24 + X26*X1 + X26*X2 + X26*X4 + X26*X6 + X26*X7 + X26*X8 + X26*X9 + X26*X11 + X26*X12 + X26*X16 + X26*X20 + X26*X25 + X27*X2 + X27*X4 + X27*X5 + X27*X6 + X27*X9 + X27*X10 + X27*X13 + X27*X14 + X27*X15 + X27*X17 + X27*X22 + X27*X23 + X27*X26 + X2 + X3 + X4 + X5 + X7 + X11 + X15 + X16 + X18 + X19 + X21 + X22 + X24 + X25 + X27
X27*X26*X16 + X24*X17 + X24*X18 + X24*X22 + X25*X2 + X25*X3 + X25*X5 + X25*X6 + X25*X7 + X25*X8 + X25*X11 + X25*X12 + X25*X16 + X25*X18 + X25*X19 + X25*X20 + X25*X21 + X25*X22 + X25*X23 + X25*X24 + X26*X1 + X26*X6 + X26*X8 + X26*X11 + X26*X14 + X26*X15 + X26*X17 + X26*X18 + X26*X21 + X26*X24 + X27*X1 + X27*X3 + X27*X4 + X27*X7 + X27*X8 + X27*X9 + X27*X14 + X27*X16 + X27*X17 + X27*X18 + X27*X19 + X27*X20 + X27*X26 + X1 + X2 + X3 + X4 + X6 + X9 + X12 + X13 + X15 + X16 + X17 + X19 + X20 + X21 + X22 + X23 + X24 + X26 + 1
X27*X26*X15 + X24*X14 + X24*X20 + X24*X21 + X24*X23 + X25*X2 + X25*X3 + X25*X5 + X25*X6 + X25*X7 + X25*X11 + X25*X12 + X25*X13 + X25*X15 + X25*X18 + X25*X21 + X25*X22 + X25*X23 + X25*X24 + X26*X1 + X26*X5 + X26*X9 + X26*X10 + X26*X13 + X26*X14 + X26*X18 + X26*X19 + X26*X20 + X26*X21 + X26*X22 + X26*X23 + X26*X25 + X27*X1 + X27*X4 + X27*X7 + X27*X10 + X27*X11 + X27*X12 + X27*X15 + X27*X18 + X27*X19 + X27*X20 + X27*X21 + X27*X23 + X27*X24 + X27*X26 + X4 + X6 + X8 + X11 + X13 + X16 + X17 + X18 + X19 + X20 + X25 + X27
X27*X26*X14 + X24*X14 + X24*X19 + X24*X20 + X24*X23 + X25*X1 + X25*X3 + X25*X4 + X25*X5 + X25*X6 + X25*X8 + X25*X9 + X25*X11 + X25*X12 + X25*X13 + X25*X16 + X25*X17 + X25*X18 + X25*X19 + X25*X22 + X25*X23 + X26*X1 + X26*X4 + X26*X5 + X26*X6 + X26*X8 + X26*X11 + X26*X17 + X26*X18 + X26*X23 + X26*X24 + X26*X25 + X27*X1 + X27*X6 + X27*X7 + X27*X8 + X27*X9 + X27*X12 + X27*X15 + X27*X17 + X27*X18 + X27*X25 + X1 + X3 + X4 + X10 + X11 + X12 + X16 + X18 + X19 + X20 + X22 + X24 + X25
X27*X26*X13 + X24*X14 + X24*X18 + X24*X23 + X25*X7 + X25*X9 + X25*X11 + X25*X13 + X25*X17 + X25*X19 + X25*X21 + X25*X22 + X26*X9 + X26*X10 + X26*X12 + X26*X13 + X26*X18 + X26*X20 + X26*X23 + X27*X2 + X27*X4 + X27*X6 + X27*X7 + X27*X10 + X27*X15 + X27*X16 + X27*X17 + X27*X19 + X27*X24 + X27*X25 + X5 + X9 + X13 + X14 + X15 + X17 + X18 + X21 + X22 + X24 + X26 + X27
X27*X26*X12 + X24*X15 + X24*X18 + X24*X20 + X24*X21 + X25*X2 + X25*X3 + X25*X4 + X25*X7 + X25*X9 + X25*X10 + X25*X13 + X25*X16 + X25*X19 + X25*X20 + X25*X21 + X25*X22 + X25*X23 + X26*X2 + X26*X3 + X26*X5 + X26*X6 + X26*X7 + X26*X8 + X26*X11 + X26*X12 + X26*X14 + X26*X15 + X26*X18 + X26*X19 + X26*X20 + X26*X23 + X26*X24 + X27*X1 + X27*X2 + X27*X3 + X27*X4 + X27*X5 + X27*X7 + X27*X9 + X27*X13 + X27*X17 + X27*X19 + X27*X22 + X1 + X4 + X5 + X6 + X8 + X9 + X10 + X12 + X14 + X15 + X17 + X18 + X20 + X22 + X24 + X25 + X27 + 1
X27*X26*X11 + X24*X14 + X24*X15 + X24*X22 + X24*X23 + X25*X4 + X25*X6 + X25*X7 + X25*X10 + X25*X11 + X25*X12 + X25*X16 + X25*X17 + X25*X20 + X25*X21 + X25*X23 + X26*X1 + X26*X2 + X26*X8 + X26*X10 + X26*X11 + X26*X13 + X26*X14 + X26*X15 + X26*X16 + X26*X17 + X26*X18 + X26*X19 + X26*X20 + X26*X21 + X26*X22 + X26*X23 + X26*X24 + X27*X1 + X27*X2 + X27*X3 + X27*X4 + X27*X6 + X27*X8 + X27*X9 + X27*X12 + X27*X16 + X27*X17 + X27*X18 + X27*X21 + X27*X25 + X2 + X4 + X5 + X6 + X8 + X9 + X11 + X12 + X14 + X16 + X19 + X20 + X21 + X24 + X25 + 1
X27*X26*X10 + X24*X17 + X24*X18 + X24*X21 + X24*X22 + X25*X1 + X25*X5 + X25*X7 + X25*X10 + X25*X12 + X25*X13 + X25*X14 + X25*X18 + X25*X19 + X25*X20 + X25*X23 + X25*X24 + X26*X3 + X26*X5 + X26*X7 + X26*X13 + X26*X15 + X26*X16 + X26*X19 + X26*X20 + X26*X23 + X26*X25 + X27*X1 + X27*X4 + X27*X6 + X27*X10 + X27*X11 + X27*X13 + X27*X15 + X27*X17 + X27*X21 + X27*X23 + X27*X24 + X27*X25 + X27*X26 + X6 + X7 + X8 + X11 + X13 + X19 + X20 + X21 + X24 + X25 + X27 + 1
X27*X26*X9 + X24*X15 + X24*X18 + X24*X19 + X24*X20 + X24*X21 + X24*X23 + X25*X2 + X25*X3 + X25*X7 + X25*X8 + X25*X10 + X25*X11 + X25*X12 + X25*X14 + X25*X16 + X25*X20 + X26*X1 + X26*X2 + X26*X3 + X26*X4 + X26*X6 + X26*X9 + X26*X10 + X26*X13 + X26*X14 + X26*X15 + X26*X16 + X26*X17 + X26*X20 + X26*X25 + X27*X2 + X27*X3 + X27*X6 + X27*X7 + X27*X8 + X27*X10 + X27*X11 + X27*X12 + X27*X13 + X27*X14 + X27*X16 + X27*X17 + X27*X19 + X27*X21 + X27*X23 + X27*X24 + X27*X26 + X1 + X2 + X3 + X7 + X10 + X11 + X12 + X16 + X19 + X20 + X21 + X22 + X24 + X25 + X26 + 1
X27*X26*X8 + X24*X19 + X24*X23 + X25*X1 + X25*X3 + X25*X5 + X25*X6 + X25*X7 + X25*X8 + X25*X9 + X25*X11 + X25*X12 + X25*X13 + X25*X15 + X25*X17 + X25*X20 + X25*X23 + X25*X24 + X26*X1 + X26*X5 + X26*X12 + X26*X13 + X26*X14 + X26*X16 + X26*X18 + X26*X20 + X26*X21 + X26*X22 + X26*X23 + X26*X24 + X26*X25 + X27*X3 + X27*X5 + X27*X7 + X27*X9 + X27*X10 + X27*X12 + X27*X13 + X27*X14 + X27*X17 + X27*X18 + X27*X20 + X27*X21 + X27*X23 + X27*X24 + X27*X25 + X2 + X4 + X5 + X7 + X8 + X11 + X12 + X14 + X15 + X16 + X17 + X20 + X21 + X22 + X24 + X25 + X26
X27*X26*X7 + X24*X20 + X24*X22 + X25*X1 + X25*X5 + X25*X7 + X25*X8 + X25*X9 + X25*X10 + X25*X12 + X25*X14 + X25*X15 + X25*X17 + X25*X19 + X25*X23 + X25*X24 + X26*X2 + X26*X3 + X26*X4 + X26*X7 + X26*X11 + X26*X13 + X26*X14 + X26*X15 + X26*X16 + X26*X18 + X26*X23 + X26*X25 + X27*X2 + X27*X7 + X27*X8 + X27*X9 + X27*X13 + X27*X14 + X27*X15 + X27*X16 + X27*X17 + X27*X18 + X27*X19 + X27*X21 + X27*X23 + X27*X25 + X2 + X3 + X6 + X7 + X8 + X9 + X10 + X12 + X13 + X14 + X15 + X16 + X17 + X22
X27*X26*X6 + X24*X14 + X24*X15 + X24*X18 + X24*X23 + X25*X3 + X25*X4 + X25*X5 + X25*X11 + X25*X12 + X25*X15 + X25*X19 + X25*X20 + X25*X21 + X25*X22 + X26*X1 + X26*X2 + X26*X3 + X26*X4 + X26*X5 + X26*X9 + X26*X10 + X26*X11 + X26*X12 + X26*X13 + X26*X18 + X26*X20 + X26*X22 + X26*X23 + X27*X1 + X27*X3 + X27*X4 + X27*X5 + X27*X6 + X27*X7 + X27*X9 + X27*X10 + X27*X11 + X27*X13 + X27*X17 + X27*X19 + X27*X20 + X27*X26 + X1 + X3 + X5 + X6 + X9 + X10 + X11 + X13 + X14 + X15 + X16 + X17 + X20 + X22 + X25 + 1
X27*X26*X5 + X24*X15 + X24*X17 + X24*X18 + X24*X20 + X24*X21 + X25*X1 + X25*X2 + X25*X3 + X25*X6 + X25*X7 + X25*X8 + X25*X14 + X25*X15 + X25*X17 + X25*X18 + X25*X19 + X25*X22 + X26*X1 + X26*X2 + X26*X3 + X26*X5 + X26*X6 + X26*X7 + X26*X8 + X26*X9 + X26*X12 + X26*X13 + X26*X14 + X26*X15 + X26*X16 + X26*X17 + X26*X18 + X26*X19 + X26*X21 + X26*X22 + X27*X2 + X27*X4 + X27*X5 + X27*X7 + X27*X9 + X27*X11 + X27*X12 + X27*X15 + X27*X16 + X27*X17 + X27*X19 + X27*X24 + X3 + X4 + X5 + X8 + X10 + X13 + X16 + X17 + X18 + X19 + X20 + X25 + X27 + 1
X27*X26*X4 + X24*X18 + X24*X19 + X24*X20 + X24*X22 + X25*X3 + X25*X6 + X25*X7 + X25*X9 + X25*X10 + X25*X11 + X25*X12 + X25*X16 + X25*X17 + X25*X19 + X25*X20 + X25*X22 + X25*X24 + X26*X3 + X26*X4 + X26*X12 + X26*X13 + X26*X14 + X26*X15 + X26*X19 + X26*X22 + X26*X23 + X26*X24 + X27*X2 + X27*X3 + X27*X7 + X27*X10 + X27*X11 + X27*X12 + X27*X13 + X27*X15 + X27*X16 + X27*X19 + X27*X24 + X2 + X4 + X7 + X8 + X10 + X11 + X13 + X15 + X17 + X18 + X19 + X20 + X22
X27*X26*X3 + X24*X14 + X24*X15 + X24*X17 + X24*X19 + X24*X21 + X24*X22 + X24*X23 + X25*X1 + X25*X2 + X25*X4 + X25*X5 + X25*X6 + X25*X7 + X25*X8 + X25*X10 + X25*X12 + X25*X14 + X25*X16 + X25*X17 + X25*X19 + X25*X20 + X25*X23 + X26*X1 + X26*X3 + X26*X4 + X26*X5 + X26*X7 + X26*X8 + X26*X11 + X26*X13 + X26*X18 + X26*X19 + X26*X20 + X26*X25 + X27*X1 + X27*X3 + X27*X4 + X27*X6 + X27*X11 + X27*X12 + X27*X14 + X27*X15 + X27*X17 + X27*X21 + X27*X22 + X27*X23 + X27*X24 + X1 + X2 + X3 + X4 + X5 + X6 + X8 + X10 + X12 + X13 + X14 + X15 + X16 + X17 + X18 + X20 + X26 + 1
X27*X26*X2 + X24*X14 + X24*X17 + X24*X18 + X24*X21 + X24*X23 + X25*X1 + X25*X2 + X25*X3 + X25*X5 + X25*X6 + X25*X7 + X25*X8 + X25*X9 + X25*X13 + X25*X14 + X25*X15 + X25*X16 + X25*X17 + X25*X18 + X25*X22 + X25*X23 + X26*X1 + X26*X2 + X26*X3 + X26*X4 + X26*X6 + X26*X7 + X26*X9 + X26*X12 + X26*X14 + X26*X15 + X26*X17 + X26*X19 + X26*X20 + X26*X21 + X26*X22 + X26*X24 + X26*X25 + X27*X1 + X27*X3 + X27*X4 + X27*X5 + X27*X10 + X27*X11 + X27*X12 + X27*X13 + X27*X17 + X27*X18 + X27*X20 + X27*X25 + X2 + X3 + X6 + X7 + X9 + X10 + X11 + X15 + X16 + X19 + X21 + X23 + X24 + X25 + 1
X27*X26*X1 + X24*X15 + X24*X18 + X24*X20 + X24*X22 + X24*X23 + X25*X1 + X25*X5 + X25*X7 + X25*X10 + X25*X11 + X25*X14 + X25*X19 + X25*X21 + X25*X22 + X25*X23 + X25*X24 + X26*X1 + X26*X2 + X26*X4 + X26*X6 + X26*X9 + X26*X10 + X26*X16 + X26*X17 + X26*X18 + X26*X21 + X26*X22 + X26*X23 + X27*X3 + X27*X4 + X27*X6 + X27*X7 + X27*X13 + X27*X15 + X27*X16 + X27*X18 + X27*X20 + X27*X25 + X2 + X3 + X5 + X6 + X10 + X11 + X12 + X14 + X15 + X16 + X18 + X19 + X20 + X22 + X23 + X24 + X27
X27*X25*X24 + X24*X15 + X24*X18 + X24*X20 + X24*X22 + X25*X1 + X25*X5 + X25*X6 + X25*X8 + X25*X9 + X25*X11 + X25*X12 + X25*X13 + X25*X17 + X25*X18 + X25*X19 + X25*X21 + X25*X23 + X26*X4 + X26*X7 + X26*X8 + X26*X11 + X26*X12 + X26*X13 + X26*X14 + X26*X17 + X26*X20 + X26*X23 + X26*X25 + X27*X1 + X27*X2 + X27*X7 + X27*X8 + X27*X14 + X27*X15 + X27*X18 + X27*X20 + X27*X22 + X27*X25 + X27*X26 + X1 + X2 + X3 + X4 + X8 + X9 + X11 + X12 + X13 + X14 + X15 + X16 + X17 + X18 + X19 + X27
X27*X25*X23 + X24*X14 + X24*X15 + X24*X18 + X24*X19 + X24*X20 + X24*X21 + X25*X1 + X25*X5 + X25*X7 + X25*X10 + X25*X11 + X25*X12 + X25*X13 + X25*X15 + X25*X22 + X25*X23 + X25*X24 + X26*X3 + X26*X6 + X26*X8 + X26*X9 + X26*X10 + X26*X12 + X26*X13 + X26*X16 + X26*X17 + X26*X19 + X26*X22 + X26*X24 + X27*X3 + X27*X4 + X27*X5 + X27*X6 + X27*X9 + X27*X10 + X27*X14 + X27*X15 + X27*X19 + X27*X23 + X27*X24 + X2 + X5 + X6 + X7 + X11 + X14 + X16 + X18 + X23 + X24 + X25
X27*X25*X22 + X24*X14 + X24*X20 + X24*X23 + X25*X1 + X25*X2 + X25*X4 + X25*X5 + X25*X10 + X25*X15 + X25*X16 + X25*X18 + X25*X19 + X25*X21 + X25*X22 + X26*X1 + X26*X3 + X26*X4 + X26*X8 + X26*X9 + X26*X14 + X26*X16 + X26*X17 + X26*X20 + X26*X21 + X26*X22 + X26*X25 + X27*X2 + X27*X5 + X27*X6 + X27*X9 + X27*X12 + X27*X14 + X27*X15 + X27*X16 + X27*X20 + X27*X22 + X27*X24 + X27*X25 + X2 + X3 + X5 + X7 + X8 + X9 + X10 + X12 + X13 + X14 + X15 + X16 + X17 + X21 + X23 + X24 + X26 + X27 + 1
X27*X25*X21 + X24*X14 + X24*X17 + X24*X20 + X24*X21 + X24*X23 + X25*X4 + X25*X7 + X25*X8 + X25*X10 + X25*X11 + X25*X13 + X25*X16 + X25*X20 + X25*X21 + X25*X22 + X25*X24 + X26*X2 + X26*X5 + X26*X9 + X26*X10 + X26*X11 + X26*X12 + X26*X14 + X26*X15 + X26*X16 + X26*X17 + X26*X18 + X26*X19 + X26*X20 + X26*X22 + X26*X23 + X27*X7 + X27*X9 + X27*X10 + X27*X11 + X27*X12 + X27*X13 + X27*X16 + X27*X18 + X27*X21 + X27*X23 + X27*X25 + X1 + X2 + X3 + X5 + X6 + X8 + X9 + X10 + X14 + X18 + X21 + X22 + X26 + 1
X27*X25*X20 + X24*X17 + X24*X22 + X25*X3 + X25*X4 + X25*X5 + X25*X8 + X25*X9 + X25*X10 + X25*X15 + X25*X16 + X25*X19 + X25*X22 + X26*X1 + X26*X2 + X26*X3 + X26*X4 + X26*X8 + X26*X11 + X26*X13 + X26*X14 + X26*X18 + X26*X19 + X26*X21 + X26*X22 + X26*X23 + X27*X1 + X27*X2 + X27*X3 + X27*X8 + X27*X9 + X27*X11 + X27*X12 + X27*X14 + X27*X15 + X27*X16 + X27*X17 + X27*X18 + X27*X21 + X27*X25 + X27*X26 + X6 + X7 + X10 + X12 + X16 + X24 + X26 + 1
X27*X25*X19 + X24*X15 + X24*X17 + X24*X18 + X25*X3 + X25*X4 + X25*X5 + X25*X8 + X25*X10 + X25*X11 + X25*X18 + X25*X22 + X26*X1 + X26*X2 + X26*X4 + X26*X6 + X26*X16 + X26*X20 + X26*X23 + X26*X24 + X27*X2 + X27*X3 + X27*X4 + X27*X5 + X27*X6 + X27*X7 + X27*X9 + X27*X12 + X27*X16 + X27*X17 + X27*X19 + X27*X20 + X27*X23 + X27*X24 + X27*X26 + X2 + X6 + X9 + X11 + X13 + X15 + X19 + X21 + X22 + X23 + X24 + X25
X27*X25*X18 + X24*X18 + X24*X20 + X24*X22 + X24*X23 + X25*X2 + X25*X3 + X25*X7 + X25*X8 + X25*X9 + X25*X11 + X25*X13 + X25*X14 + X25*X15 + X25*X17 + X25*X19 + X25*X20 + X26*X2 + X26*X4 + X26*X6 + X26*X9 + X26*X10 + X26*X13 + X26*X14 + X26*X18 + X26*X19 + X26*X20 + X26*X24 + X27*X4 + X27*X8 + X27*X9 + X27*X13 + X27*X15 + X27*X17 + X27*X18 + X27*X19 + X27*X21 + X27*X22 + X27*X26 + X3 + X5 + X6 + X7 + X9 + X11 + X14 + X17 + X18 + X19 + X20 + X23 + X24 + X27
X27*X25*X17 + X24*X14 + X24*X15 + X24*X17 + X24*X18 + X24*X20 + X24*X22 + X24*X23 + X25*X1 + X25*X2 + X25*X3 + X25*X4 + X25*X6 + X25*X8 + X25*X9 + X25*X10 + X25*X17 + X25*X18 + X25*X19 + X25*X21 + X25*X22 + X25*X23 + X26*X1 + X26*X2 + X26*X4 + X26*X5 + X26*X9 + X26*X10 + X26*X11 + X26*X16 + X26*X17 + X26*X20 + X26*X23 + X27*X1 + X27*X2 + X27*X3 + X27*X4 + X27*X5 + X27*X6 + X27*X7 + X27*X8 + X27*X9 + X27*X11 + X27*X12 + X27*X13 + X27*X14 + X27*X16 + X27*X17 + X27*X20 + X27*X22 + X27*X23 + X27*X24 + X27*X25 + X27*X26 + X3 + X6 + X10 + X11 + X13 + X14 + X15 + X21 + X26 + 1
X27*X25*X16 + X24*X14 + X24*X15 + X24*X17 + X24*X20 + X24*X21 + X25*X1 + X25*X2 + X25*X4 + X25*X6 + X25*X7 + X25*X8 + X25*X10 + X25*X11 + X25*X12 + X25*X13 + X25*X14 + X25*X16 + X25*X17 + X25*X19 + X25*X23 + X26*X1 + X26*X3 + X26*X5 + X26*X6 + X26*X9 + X26*X10 + X26*X12 + X26*X14 + X26*X15 + X26*X16 + X26*X19 + X26*X22 + X26*X23 + X26*X24 + X27*X1 + X27*X3 + X27*X7 + X27*X8 + X27*X9 + X27*X10 + X27*X11 + X27*X12 + X27*X13 + X27*X14 + X27*X15 + X27*X16 + X27*X19 + X27*X21 + X27*X24 + X27*X26 + X2 + X3 + X4 + X5 + X7 + X8 + X9 + X14 + X19 + X20 + X22 + X23 + X24 + X25 + X26
X27*X25*X15 + X24*X17 + X24*X18 + X24*X20 + X24*X21 + X24*X22 + X24*X23 + X25*X1 + X25*X2 + X25*X8 + X25*X15 + X25*X16 + X25*X18 + X25*X21 + X25*X22 + X25*X23 + X25*X24 + X26*X2 + X26*X3 + X26*X4 + X26*X5 + X26*X6 + X26*X8 + X26*X14 + X26*X17 + X26*X20 + X26*X21 + X26*X23 + X26*X25 + X27*X1 + X27*X2 + X27*X8 + X27*X10 + X27*X11 + X27*X13 + X27*X16 + X27*X17 + X27*X21 + X27*X23 + X27*X24 + X27*X25 + X27*X26 + X1 + X4 + X6 + X7 + X8 + X11 + X12 + X16 + X17 + X18 + X19 + X20 + X22 + X23 + X25 + 1
X27*X25*X14 + X24*X19 + X24*X20 + X24*X21 + X24*X22 + X25*X1 + X25*X4 + X25*X9 + X25*X10 + X25*X11 + X25*X14 + X25*X15 + X25*X16 + X25*X17 + X25*X18 + X25*X24 + X26*X1 + X26*X2 + X26*X4 + X26*X5 + X26*X6 + X26*X9 + X26*X12 + X26*X13 + X26*X14 + X26*X17 + X26*X18 + X26*X22 + X27*X1 + X27*X4 + X27*X8 + X27*X12 + X27*X13 + X27*X14 + X27*X15 + X27*X18 + X27*X21 + X27*X22 + X2 + X3 + X4 + X6 + X12 + X13 + X16 + X17 + X18 + X19 + X21 + X22 + 1
X27*X25*X13 + X24*X18 + X24*X23 + X25*X1 + X25*X5 + X25*X8 + X25*X10 + X25*X11 + X25*X15 + X25*X16 + X25*X17 + X25*X21 + X25*X24 + X26*X2 + X26*X3 + X26*X4 + X26*X6 + X26*X8 + X26*X11 + X26*X14 + X26*X15 + X26*X16 + X26*X17 + X26*X21 + X26*X22 + X26*X23 + X26*X24 + X26*X25 + X27*X6 + X27*X7 + X27*X8 + X27*X9 + X27*X10 + X27*X11 + X27*X19 + X27*X20 + X27*X22 + X27*X23 + X2 + X3 + X5 + X6 + X7 + X8 + X9 + X15 + X17 + X18 + X19 + X21 + X22 + X24 + X25 + X26
X27*X25*X12 + X24*X14 + X24*X17 + X24*X20 + X24*X21 + X25*X6 + X25*X7 + X25*X9 + X25*X14 + X25*X17 + X25*X18 + X25*X20 + X25*X22 + X25*X23 + X26*X2 + X26*X3 + X26*X5 + X26*X6 + X26*X7 + X26*X8 + X26*X9 + X26*X12 + X26*X14 + X26*X15 + X26*X16 + X26*X17 + X26*X19 + X26*X22 + X26*X25 + X27*X2 + X27*X4 + X27*X5 + X27*X6 + X27*X7 + X27*X10 + X27*X11 + X27*X13 + X27*X15 + X27*X19 + X27*X21 + X27*X22 + X27*X23 + X27*X24 + X27*X26 + X1 + X2 + X9 + X11 + X13 + X14 + X15 + X21 + X23 + X24 + X25 + X27 + 1
X27*X25*X11 + X24*X17 + X24*X18 + X24*X21 + X24*X22 + X25*X1 + X25*X2 + X25*X11 + X25*X15 + X25*X16 + X25*X19 + X25*X24 + X26*X5 + X26*X8 + X26*X10 + X26*X11 + X26*X12 + X26*X14 + X26*X16 + X26*X18 + X26*X19 + X26*X20 + X26*X22 + X27*X3 + X27*X5 + X27*X6 + X27*X8 + X27*X12 + X27*X15 + X27*X16 + X27*X23 + X27*X24 + X27*X26 + X1 + X10 + X11 + X12 + X13 + X14 + X19 + X21 + X22 + X23 + X26 + X27 + 1
X27*X25*X10 + X24*X15 + X24*X17 + X24*X18 + X24*X21 + X25*X2 + X25*X6 + X25*X10 + X25*X14 + X25*X15 + X25*X16 + X25*X20 + X25*X21 + X25*X22 + X25*X24 + X26*X1 + X26*X2 + X26*X3 + X26*X6 + X26*X9 + X26*X10 + X26*X11 + X26*X12 + X26*X13 + X26*X16 + X26*X17 + X26*X18 + X26*X20 + X26*X21 + X26*X22 + X26*X24 + X27*X3 + X27*X5 + X27*X6 + X27*X8 + X27*X9 + X27*X11 + X27*X14 + X27*X15 + X27*X16 + X27*X17 + X27*X19 + X27*X20 + X27*X21 + X27*X25 + X27*X26 + X1 + X2 + X5 + X6 + X7 + X8 + X13 + X17 + X18 + X19 + X20 + X21 + X22 + X23 + X24 + X27
X27*X25*X9 + X24*X18 + X24*X19 + X24*X22 + X24*X23 + X25*X3 + X25*X7 + X25*X8 + X25*X9 + X25*X10 + X25*X13 + X25*X16 + X25*X18 + X25*X21 + X25*X23 + X25*X24 + X26*X1 + X26*X5 + X26*X11 + X26*X15 + X26*X18 + X26*X19 + X26*X20 + X26*X23 + X27*X1 + X27*X2 + X27*X4 + X27*X6 + X27*X7 + X27*X8 + X27*X9 + X27*X11 + X27*X15 + X27*X24 + X27*X25 + X27*X26 + X2 + X3 + X4 + X5 + X8 + X9 + X10 + X24 + X27 + 1
X27*X25*X8 + X24*X17 + X24*X18 + X24*X19 + X24*X23 + X25*X8 + X25*X10 + X25*X12 + X25*X13 + X25*X21 + X25*X23 + X26*X3 + X26*X4 + X26*X7 + X26*X9 + X26*X11 + X26*X15 + X26*X16 + X26*X21 + X26*X23 + X26*X25 + X27*X1 + X27*X2 + X27*X7 + X27*X8 + X27*X10 + X27*X11 + X27*X12 + X27*X15 + X27*X16 + X27*X17 + X27*X18 + X27*X19 + X27*X21 + X27*X23 + X27*X24 + X3 + X4 + X5 + X6 + X7 + X9 + X11 + X12 + X15 + X18 + X19 + X21 + X22 + X24 + X25 + X27
X27*X25*X7 + X24*X14 + X24*X15 + X24*X19 + X24*X23 + X25*X5 + X25*X6 + X25*X12 + X25*X16 + X25*X18 + X25*X20 + X25*X22 + X26*X2 + X26*X4 + X26*X6 + X26*X10 + X26*X11 + X26*X13 + X26*X15 + X26*X17 + X26*X18 + X26*X19 + X26*X21 + X26*X22 + X26*X23 + X26*X25 + X27*X2 + X27*X3 + X27*X7 + X27*X8 + X27*X11 + X27*X18 + X27*X19 + X27*X20 + X27*X21 + X27*X22 + X27*X23 + X27*X24 + X27*X25 + X27*X26 + X1 + X4 + X5 + X6 + X9 + X10 + X11 + X12 + X13 + X14 + X17 + X21 + X22 + X25 + 1
X27*X25*X6 + X24*X14 + X24*X15 + X24*X19 + X24*X20 + X24*X22 + X25*X1 + X25*X3 + X25*X4 + X25*X7 + X25*X9 + X25*X11 + X25*X12 + X25*X14 + X25*X17 + X25*X21 + X25*X23 + X26*X3 + X26*X4 + X26*X5 + X26*X8 + X26*X12 + X26*X17 + X26*X25 + X27*X1 + X27*X2 + X27*X3 + X27*X4 + X27*X9 + X27*X10 + X27*X14 + X27*X16 + X27*X20 + X27*X22 + X27*X23 + X27*X25 + X1 + X4 + X7 + X8 + X11 + X12 + X13 + X14 + X15 + X16 + X17 + X18 + X19 + X20
X27*X25*X5 + X24*X14 + X24*X15 + X24*X23 + X25*X1 + X25*X9 + X25*X10 + X25*X11 + X25*X12 + X25*X14 + X25*X15 + X25*X18 + X25*X21 + X25*X24 + X26*X2 + X26*X4 + X26*X6 + X26*X7 + X26*X10 + X26*X11 + X26*X15 + X26*X17 + X26*X18 + X26*X19 + X26*X24 + X26*X25 + X27*X2 + X27*X3 + X27*X4 + X27*X7 + X27*X8 + X27*X9 + X27*X10 + X27*X16 + X27*X17 + X27*X18 + X27*X19 + X27*X21 + X27*X22 + X27*X24 + X27*X25 + X2 + X5 + X6 + X7 + X8 + X9 + X11 + X13 + X15 + X17 + X19 + X20 + X23 + X24 + X25 + X26 + X27 + 1
X27*X25*X4 + X24*X14 + X24*X19 + X24*X21 + X24*X22 + X24*X23 + X25*X2 + X25*X6 + X25*X8 + X25*X9 + X25*X11 + X25*X12 + X25*X13 + X25*X14 + X25*X16 + X25*X17 + X25*X18 + X25*X19 + X25*X20 + X25*X23 + X26*X2 + X26*X7 + X26*X11 + X26*X12 + X26*X13 + X26*X14 + X26*X15 + X26*X16 + X26*X19 + X26*X22 + X26*X23 + X26*X24 + X27*X2 + X27*X3 + X27*X4 + X27*X5 + X27*X6 + X27*X7 + X27*X9 + X27*X16 + X27*X21 + X27*X22 + X27*X23 + X1 + X2 + X3 + X4 + X8 + X9 + X10 + X11 + X12 + X13 + X14 + X15 + X16 + X22 + X24 + X25 + X26 + X27 + 1
X27*X25*X3 + X24*X14 + X24*X15 + X24*X17 + X24*X18 + X24*X19 + X24*X20 + X25*X2 + X25*X5 + X25*X6 + X25*X7 + X25*X9 + X25*X10 + X25*X11 + X25*X12 + X25*X13 + X25*X18 + X25*X19 + X25*X21 + X25*X22 + X25*X23 + X26*X1 + X26*X2 + X26*X3 + X26*X4 + X26*X5 + X26*X8 + X26*X13 + X26*X16 + X26*X17 + X26*X18 + X26*X21 + X26*X25 + X27*X3 + X27*X5 + X27*X8 + X27*X9 + X27*X10 + X27*X14 + X27*X16 + X27*X19 + X27*X21 + X27*X22 + X27*X23 + X27*X25 + X4 + X5 + X8 + X9 + X13 + X16 + X19 + X22 + X27
X27*X25*X2 + X24*X14 + X24*X15 + X24*X18 + X24*X19 + X24*X21 + X24*X22 + X24*X23 + X25*X3 + X25*X5 + X25*X9 + X25*X10 + X25*X11 + X25*X13 + X25*X16 + X25*X18 + X25*X21 + X25*X22 + X25*X23 + X26*X3 + X26*X5 + X26*X8 + X26*X9 + X26*X10 + X26*X13 + X26*X19 + X26*X20 + X26*X22 + X26*X23 + X26*X24 + X26*X25 + X27*X3 + X27*X4 + X27*X8 + X27*X10 + X27*X11 + X27*X13 + X27*X15 + X27*X16 + X27*X19 + X27*X20 + X27*X23 + X27*X25 + X27*X26 + X5 + X10 + X13 + X14 + X15 + X17 + X18 + X19 + X21 + X22 + X24 + X25 + X26 + 1
X27*X25*X1 + X24*X14 + X24*X15 + X24*X17 + X24*X18 + X24*X19 + X24*X20 + X24*X21 + X24*X23 + X25*X2 + X25*X4 + X25*X5 + X25*X7 + X25*X11 + X25*X17 + X25*X19 + X25*X23 + X25*X24 + X26*X3 + X26*X5 + X26*X6 + X26*X13 + X26*X14 + X26*X15 + X26*X16 + X26*X17 + X26*X19 + X26*X22 + X26*X23 + X26*X24 + X27*X1 + X27*X6 + X27*X8 + X27*X9 + X27*X12 + X27*X21 + X27*X24 + X27*X26 + X1 + X5 + X6 + X7 + X13 + X15 + X16 + X17 + X21 + X22 + X24 + X26 + 1
X27*X24*X23 + X24*X14 + X24*X17 + X24*X18 + X24*X20 + X24*X21 + X24*X22 + X24*X23 + X25*X1 + X25*X2 + X25*X3 + X25*X4 + X25*X5 + X25*X7 + X25*X9 + X25*X13 + X25*X14 + X25*X17 + X25*X18 + X25*X19 + X25*X20 + X25*X22 + X25*X24 + X26*X1 + X26*X3 + X26*X4 + X26*X6 + X26*X7 + X26*X8 + X26*X9 + X26*X12 + X26*X13 + X26*X17 + X26*X18 + X26*X21 + X26*X22 + X26*X25 + X27*X1 + X27*X2 + X27*X4 + X27*X9 + X27*X12 + X27*X16 + X27*X20 + X27*X21 + X27*X22 + X27*X23 + X27*X26 + X6 + X8 + X10 + X11 + X13 + X16 + X18 + X19 + X20 + X21 + X22 + X24 + X26
X27*X24*X22 + X24*X18 + X24*X19 + X24*X20 + X24*X22 + X25*X4 + X25*X6 + X25*X7 + X25*X8 + X25*X13 + X25*X14 + X25*X15 + X25*X16 + X25*X17 + X26*X1 + X26*X4 + X26*X5 + X26*X9 + X26*X12 + X26*X13 + X26*X14 + X26*X16 + X26*X18 + X26*X19 + X26*X20 + X26*X25 + X27*X1 + X27*X3 + X27*X5 + X27*X6 + X27*X7 + X27*X9 + X27*X11 + X27*X12 + X27*X14 + X27*X19 + X27*X21 + X27*X22 + X27*X23 + X27*X25 + X1 + X3 + X10 + X11 + X12 + X16 + X20 + X21 + X22 + X25 + X26 + X27 + 1
X27*X24*X21 + X24*X15 + X24*X18 + X24*X21 + X24*X22 + X25*X2 + X25*X5 + X25*X6 + X25*X7 + X25*X8 + X25*X9 + X25*X11 + X25*X12 + X25*X13 + X25*X15 + X25*X17 + X25*X18 + X25*X19 + X25*X20 + X25*X23 + X25*X24 + X26*X7 + X26*X8 + X26*X9 + X26*X10 + X26*X12 + X26*X13 + X26*X20 + X26*X21 + X26*X23 + X27*X2 + X27*X3 + X27*X4 + X27*X5 + X27*X9 + X27*X10 + X27*X12 + X27*X17 + X27*X18 + X27*X19 + X27*X22 + X27*X23 + X27*X25 + X27*X26 + X2 + X3 + X4 + X8 + X9 + X10 + X11 + X12 + X18 + X20 + X22 + X24 + X25 + X26 + 1
X27*X24*X20 + X24*X14 + X24*X15 + X24*X18 + X24*X20 + X24*X21 + X24*X23 + X25*X2 + X25*X4 + X25*X10 + X25*X12 + X25*X13 + X25*X15 + X25*X16 + X25*X18 + X25*X20 + X25*X21 + X25*X23 + X25*X24 + X26*X2 + X26*X3 + X26*X4 + X26*X5 + X26*X15 + X26*X17 + X26*X18 + X26*X19 + X26*X20 + X26*X21 + X26*X22 + X26*X25 + X27*X1 + X27*X3 + X27*X5 + X27*X6 + X27*X7 + X27*X10 + X27*X12 + X27*X13 + X27*X14 + X27*X15 + X27*X16 + X27*X18 + X27*X20 + X27*X21 + X27*X22 + X27*X25 + X1 + X7 + X8 + X11 + X12 + X13 + X15 + X17 + X18 + X19 + X21 + X23 + 1
X27*X24*X19 + X24*X18 + X24*X19 + X24*X21 + X25*X1 + X25*X5 + X25*X7 + X25*X8 + X25*X9 + X25*X10 + X25*X11 + X25*X12 + X25*X13 + X25*X14 + X25*X16 + X25*X18 + X25*X22 + X25*X24 + X26*X2 + X26*X5 + X26*X9 + X26*X10 + X26*X11 + X26*X13 + X26*X20 + X26*X21 + X26*X22 + X26*X24 + X26*X25 + X27*X2 + X27*X3 + X27*X9 + X27*X11 + X27*X12 + X27*X13 + X27*X17 + X27*X19 + X27*X20 + X27*X21 + X27*X22 + X27*X23 + X1 + X4 + X6 + X8 + X9 + X11 + X12 + X17 + X20 + X23 + X24 + X26 + X27 + 1
X27*X24*X18 + X24*X14 + X24*X19 + X24*X20 + X24*X22 + X25*X1 + X25*X2 + X25*X3 + X25*X4 + X25*X5 + X25*X10 + X25*X12 + X25*X15 + X25*X16 + X25*X17 + X25*X18 + X25*X21 + X25*X22 + X25*X23 + X25*X24 + X26*X3 + X26*X8 + X26*X12 + X26*X15 + X26*X18 + X26*X22 + X26*X23 + X26*X24 + X26*X25 + X27*X3 + X27*X4 + X27*X9 + X27*X12 + X27*X15 + X27*X18 + X27*X19 + X27*X26 + X1 + X2 + X3 + X4 + X8 + X11 + X13 + X16 + X17 + X18 + X20 + X23 + X24 + 1
X27*X24*X17 + X24*X14 + X24*X17 + X24*X18 + X24*X20 + X24*X21 + X24*X22 + X25*X2 + X25*X5 + X25*X7 + X25*X9 + X25*X14 + X25*X16 + X25*X20 + X25*X23 + X25*X24 + X26*X5 + X26*X7 + X26*X8 + X26*X10 + X26*X13 + X26*X16 + X26*X18 + X26*X19 + X26*X22 + X26*X23 + X26*X25 + X27*X2 + X27*X3 + X27*X4 + X27*X6 + X27*X7 + X27*X9 + X27*X12 + X27*X13 + X27*X14 + X27*X15 + X27*X18 + X27*X20 + X27*X22 + X27*X24 + X1 + X2 + X3 + X7 + X11 + X13 + X15 + X17 + X18 + X19 + X21 + X24 + X26 + X27 + 1
X27*X24*X15 + X24*X14 + X24*X15 + X24*X19 + X24*X20 + X24*X22 + X24*X23 + X25*X1 + X25*X2 + X25*X4 + X25*X7 + X25*X8 + X25*X9 + X25*X11 + X25*X15 + X25*X16 + X25*X17 + X25*X20 + X25*X21 + X25*X23 + X26*X1 + X26*X2 + X26*X3 + X26*X5 + X26*X7 + X26*X10 + X26*X11 + X26*X13 + X26*X15 + X26*X16 + X26*X20 + X26*X24 + X26*X25 + X27*X4 + X27*X7 + X27*X8 + X27*X10 + X27*X11 + X27*X12 + X27*X13 + X27*X15 + X27*X17 + X27*X18 + X27*X19 + X27*X21 + X27*X22 + X27*X24 + X4 + X7 + X8 + X11 + X14 + X15 + X18 + X20 + X22 + X23 + X24 + X25 + 1
X27*X24*X14 + X24*X17 + X24*X18 + X24*X19 + X25*X4 + X25*X10 + X25*X11 + X25*X12 + X25*X13 + X25*X15 + X25*X16 + X25*X18 + X25*X21 + X26*X1 + X26*X2 + X26*X3 + X26*X4 + X26*X5 + X26*X6 + X26*X10 + X26*X12 + X26*X16 + X26*X17 + X26*X19 + X26*X22 + X26*X25 + X27*X2 + X27*X4 + X27*X5 + X27*X6 + X27*X7 + X27*X9 + X27*X10 + X27*X13 + X27*X14 + X27*X15 + X27*X18 + X27*X20 + X27*X21 + X27*X22 + X27*X24 + X3 + X4 + X5 + X6 + X7 + X8 + X9 + X10 + X15 + X16 + X17 + X18 + X19 + X25 + X27
X26*X25*X24 + X24*X18 + X24*X20 + X24*X22 + X24*X23 + X25*X2 + X25*X4 + X25*X5 + X25*X7 + X25*X13 + X25*X14 + X25*X15 + X25*X19 + X25*X20 + X25*X21 + X25*X24 + X26*X1 + X26*X2 + X26*X3 + X26*X4 + X26*X6 + X26*X8 + X26*X9 + X26*X12 + X26*X16 + X26*X17 + X26*X21 + X26*X23 + X26*X25 + X27*X2 + X27*X4 + X27*X12 + X27*X14 + X27*X15 + X27*X19 + X27*X20 + X27*X22 + X27*X25 + X27*X26 + X2 + X3 + X6 + X7 + X8 + X13 + X14 + X19 + X24 + X25
X26*X25*X23 + X24*X14 + X24*X15 + X24*X19 + X24*X20 + X24*X21 + X24*X22 + X25*X1 + X25*X3 + X25*X5 + X25*X6 + X25*X8 + X25*X9 + X25*X10 + X25*X11 + X25*X12 + X25*X13 + X25*X20 + X25*X22 + X25*X24 + X26*X2 + X26*X3 + X26*X4 + X26*X8 + X26*X9 + X26*X11 + X26*X13 + X26*X14 + X26*X17 + X26*X19 + X26*X21 + X26*X23 + X26*X25 + X27*X1 + X27*X3 + X27*X4 + X27*X9 + X27*X10 + X27*X13 + X27*X15 + X27*X16 + X27*X17 + X27*X18 + X27*X19 + X27*X20 + X27*X22 + X27*X23 + X27*X24 + X27*X25 + X27*X26 + X2 + X3 + X4 + X5 + X8 + X13 + X17 + X20 + X22 + X25 + X26 + X27
X26*X25*X22 + X24*X14 + X24*X15 + X24*X19 + X24*X21 + X24*X22 + X24*X23 + X25*X5 + X25*X13 + X25*X14 + X25*X15 + X25*X16 + X25*X19 + X25*X20 + X25*X21 + X25*X22 + X25*X23 + X26*X1 + X26*X2 + X26*X3 + X26*X7 + X26*X9 + X26*X10 + X26*X11 + X26*X12 + X26*X14 + X26*X16 + X26*X17 + X26*X19 + X26*X21 + X26*X22 + X26*X23 + X26*X24 + X26*X25 + X27*X2 + X27*X3 + X27*X4 + X27*X6 + X27*X10 + X27*X12 + X27*X13 + X27*X15 + X27*X19 + X27*X22 + X27*X24 + X1 + X2 + X5 + X8 + X9 + X10 + X12 + X14 + X17 + X18 + X19 + X20 + X21 + X22 + X25 + X27 + 1
X26*X25*X21 + X24*X15 + X24*X17 + X24*X23 + X25*X1 + X25*X2 + X25*X3 + X25*X6 + X25*X7 + X25*X8 + X25*X9 + X25*X12 + X25*X13 + X25*X16 + X25*X19 + X25*X20 + X25*X24 + X26*X1 + X26*X4 + X26*X8 + X26*X9 + X26*X10 + X26*X11 + X26*X12 + X26*X13 + X26*X14 + X26*X15 + X26*X18 + X26*X20 + X26*X21 + X26*X22 + X26*X24 + X26*X25 + X27*X1 + X27*X4 + X27*X5 + X27*X8 + X27*X10 + X27*X11 + X27*X12 + X27*X17 + X27*X18 + X27*X19 + X27*X20 + X27*X25 + X2 + X4 + X7 + X8 + X9 + X11 + X12 + X13 + X16 + X18 + X20 + X25
X26*X25*X20 + X24*X14 + X24*X15 + X24*X17 + X24*X18 + X24*X19 + X24*X20 + X24*X21 + X24*X22 + X25*X2 + X25*X3 + X25*X6 + X25*X8 + X25*X9 + X25*X10 + X25*X11 + X25*X12 + X25*X16 + X25*X18 + X25*X22 + X25*X24 + X26*X1 + X26*X6 + X26*X9 + X26*X12 + X26*X13 + X26*X14 + X26*X19 + X26*X22 + X26*X25 + X27*X1 + X27*X2 + X27*X4 + X27*X5 + X27*X6 + X27*X7 + X27*X8 + X27*X9 + X27*X13 + X27*X19 + X27*X20 + X27*X21 + X27*X22 + X27*X23 + X27*X25 + X27*X26 + X4 + X6 + X9 + X10 + X11 + X12 + X14 + X16 + X18 + X19 + X24 + X25 + 1
X26*X25*X19 + X24*X17 + X24*X18 + X24*X21 + X24*X22 + X24*X23 + X25*X1 + X25*X2 + X25*X4 + X25*X7 + X25*X9 + X25*X11 + X25*X12 + X25*X13 + X25*X14 + X25*X15 + X25*X17 + X25*X19 + X26*X3 + X26*X7 + X26*X9 + X26*X11 + X26*X12 + X26*X13 + X26*X14 + X26*X20 + X26*X21 + X26*X22 + X26*X24 + X27*X3 + X27*X5 + X27*X6 + X27*X7 + X27*X10 + X27*X12 + X27*X15 + X27*X16 + X27*X17 + X27*X18 + X27*X19 + X27*X20 + X27*X21 + X27*X22 + X27*X26 + X1 + X4 + X5 + X6 + X7 + X9 + X11 + X12 + X14 + X16 + X18 + X19 + X20 + X21 + X22 + X27
X26*X25*X18 + X24*X15 + X24*X17 + X24*X20 + X24*X21 + X24*X23 + X25*X1 + X25*X2 + X25*X3 + X25*X5 + X25*X6 + X25*X10 + X25*X11 + X25*X12 + X25*X13 + X25*X14 + X25*X15 + X25*X16 + X25*X18 + X25*X19 + X25*X20 + X26*X1 + X26*X2 + X26*X4 + X26*X5 + X26*X9 + X26*X10 + X26*X12 + X26*X15 + X26*X16 + X26*X21 + X26*X22 + X26*X23 + X26*X24 + X27*X1 + X27*X2 + X27*X3 + X27*X4 + X27*X7 + X27*X8 + X27*X9 + X27*X10 + X27*X11 + X27*X14 + X27*X17 + X27*X19 + X27*X20 + X27*X21 + X27*X22 + X27*X23 + X27*X24 + X27*X25 + X27*X26 + X1 + X2 + X4 + X5 + X6 + X8 + X9 + X10 + X16 + X17 + X19 + X23 + X24
X26*X25*X17 + X24*X14 + X24*X15 + X24*X17 + X24*X22 + X24*X23 + X25*X3 + X25*X4 + X25*X6 + X25*X10 + X25*X12 + X25*X15 + X25*X17 + X25*X18 + X25*X19 + X25*X21 + X26*X1 + X26*X3 + X26*X4 + X26*X5 + X26*X6 + X26*X8 + X26*X9 + X26*X10 + X26*X14 + X26*X15 + X26*X17 + X26*X20 + X26*X21 + X26*X22 + X26*X24 + X26*X25 + X27*X3 + X27*X4 + X27*X5 + X27*X7 + X27*X8 + X27*X11 + X27*X13 + X27*X14 + X27*X17 + X27*X18 + X27*X20 + X27*X24 + X27*X26 + X2 + X5 + X8 + X10 + X11 + X12 + X13 + X15 + X16 + X18 + X19 + X20 + X22 + X23 + X25 + X26 + X27
X26*X25*X16 + X24*X18 + X24*X19 + X24*X20 + X25*X3 + X25*X4 + X25*X8 + X25*X9 + X25*X10 + X25*X12 + X25*X13 + X25*X14 + X25*X15 + X25*X16 + X25*X17 + X25*X20 + X25*X21 + X26*X2 + X26*X3 + X26*X4 + X26*X5 + X26*X7 + X26*X8 + X26*X9 + X26*X10 + X26*X15 + X26*X16 + X26*X20 + X26*X21 + X26*X22 + X26*X24 + X27*X1 + X27*X3 + X27*X4 + X27*X7 + X27*X8 + X27*X12 + X27*X17 + X27*X18 + X27*X20 + X27*X21 + X27*X24 + X27*X25 + X27*X26 + X1 + X2 + X3 + X6 + X9 + X10 + X11 + X12 + X13 + X14 + X15 + X18 + X20 + X21 + X22 + X23 + X24 + X27
X26*X25*X15 + X24*X14 + X24*X17 + X24*X19 + X24*X21 + X24*X22 + X25*X1 + X25*X2 + X25*X6 + X25*X7 + X25*X8 + X25*X9 + X25*X10 + X25*X11 + X25*X13 + X25*X15 + X25*X16 + X25*X17 + X25*X18 + X25*X19 + X25*X22 + X26*X3 + X26*X5 + X26*X6 + X26*X7 + X26*X8 + X26*X9 + X26*X10 + X26*X15 + X26*X16 + X26*X17 + X26*X18 + X26*X19 + X26*X20 + X26*X21 + X26*X23 + X26*X25 + X27*X2 + X27*X8 + X27*X9 + X27*X13 + X27*X14 + X27*X18 + X27*X20 + X27*X21 + X27*X24 + X27*X25 + X3 + X4 + X5 + X6 + X8 + X13 + X14 + X15 + X16 + X17 + X19 + X22 + X23 + 1
X26*X25*X14 + X24*X23 + X25*X1 + X25*X6 + X25*X8 + X25*X9 + X25*X10 + X25*X14 + X25*X18 + X25*X20 + X25*X22 + X26*X2 + X26*X3 + X26*X5 + X26*X6 + X26*X12 + X26*X13 + X26*X14 + X26*X21 + X26*X22 + X26*X23 + X26*X24 + X26*X25 + X27*X7 + X27*X8 + X27*X11 + X27*X13 + X27*X15 + X27*X17 + X27*X20 + X27*X21 + X27*X23 + X27*X24 + X27*X25 + X27*X26 + X1 + X5 + X7 + X9 + X10 + X11 + X12 + X13 + X15 + X16 + X17 + X18 + X19 + X20 + X22 + X23 + X24 + X25 + X26 + 1
X26*X25*X13 + X24*X14 + X24*X15 + X24*X18 + X24*X19 + X24*X22 + X24*X23 + X25*X5 + X25*X6 + X25*X9 + X25*X10 + X25*X11 + X25*X13 + X25*X14 + X25*X15 + X25*X18 + X25*X21 + X25*X22 + X25*X23 + X26*X4 + X26*X7 + X26*X11 + X26*X14 + X26*X15 + X26*X16 + X26*X19 + X26*X23 + X27*X1 + X27*X9 + X27*X13 + X27*X14 + X27*X15 + X27*X18 + X27*X19 + X27*X20 + X27*X23 + X27*X26 + X2 + X6 + X7 + X8 + X10 + X11 + X12 + X15 + X18 + X19 + X21 + X22 + X25 + X27 + 1
X26*X25*X12 + X24*X14 + X24*X17 + X24*X18 + X24*X21 + X25*X1 + X25*X2 + X25*X3 + X25*X4 + X25*X9 + X25*X13 + X25*X14 + X25*X15 + X25*X18 + X25*X20 + X25*X22 + X25*X23 + X26*X1 + X26*X3 + X26*X5 + X26*X7 + X26*X8 + X26*X9 + X26*X14 + X26*X15 + X26*X16 + X26*X17 + X26*X18 + X26*X23 + X26*X24 + X27*X1 + X27*X2 + X27*X3 + X27*X5 + X27*X6 + X27*X10 + X27*X11 + X27*X12 + X27*X15 + X27*X16 + X27*X17 + X27*X20 + X27*X21 + X27*X22 + X27*X23 + X27*X24 + X27*X25 + X1 + X5 + X7 + X8 + X9 + X10 + X15 + X19 + X21 + X23 + X24 + X25 + X26 + X27
X26*X25*X11 + X24*X17 + X24*X18 + X24*X20 + X24*X21 + X24*X22 + X24*X23 + X25*X1 + X25*X2 + X25*X3 + X25*X6 + X25*X8 + X25*X9 + X25*X11 + X25*X14 + X25*X15 + X25*X16 + X25*X17 + X25*X20 + X25*X24 + X26*X1 + X26*X4 + X26*X5 + X26*X6 + X26*X9 + X26*X10 + X26*X12 + X26*X13 + X26*X15 + X26*X20 + X26*X21 + X26*X22 + X26*X24 + X27*X1 + X27*X6 + X27*X11 + X27*X14 + X27*X15 + X27*X17 + X27*X21 + X27*X25 + X27*X26 + X2 + X5 + X10 + X15 + X17 + X19 + X21 + X23 + X25 + X27 + 1
X26*X25*X10 + X24*X14 + X24*X15 + X24*X17 + X24*X21 + X24*X22 + X25*X1 + X25*X2 + X25*X3 + X25*X4 + X25*X5 + X25*X12 + X25*X13 + X25*X14 + X25*X19 + X25*X20 + X26*X1 + X26*X2 + X26*X4 + X26*X6 + X26*X9 + X26*X10 + X26*X12 + X26*X15 + X26*X16 + X26*X17 + X26*X18 + X26*X20 + X26*X21 + X26*X23 + X27*X2 + X27*X5 + X27*X8 + X27*X9 + X27*X10 + X27*X12 + X27*X13 + X27*X16 + X27*X20 + X27*X21 + X27*X22 + X27*X26 + X1 + X2 + X3 + X5 + X6 + X8 + X9 + X10 + X12 + X13 + X15 + X21 + X22 + X23 + X25 + X26
X26*X25*X9 + X24*X15 + X24*X17 + X24*X18 + X24*X19 + X24*X21 + X24*X22 + X24*X23 + X25*X1 + X25*X3 + X25*X4 + X25*X8 + X25*X9 + X25*X11 + X25*X14 + X25*X15 + X25*X16 + X25*X17 + X25*X19 + X25*X20 + X26*X1 + X26*X2 + X26*X3 + X26*X8 + X26*X13 + X26*X14 + X26*X15 + X26*X16 + X26*X18 + X26*X22 + X26*X23 + X26*X24 + X26*X25 + X27*X1 + X27*X4 + X27*X5 + X27*X7 + X27*X8 + X27*X10 + X27*X11 + X27*X12 + X27*X16 + X27*X20 + X27*X21 + X27*X22 + X27*X24 + X27*X25 + X27*X26 + X1 + X3 + X4 + X5 + X7 + X8 + X11 + X12 + X14 + X18 + X19 + X20 + X21 + X22 + X23 + X24 + X27
X26*X25*X8 + X24*X14 + X24*X17 + X24*X19 + X25*X7 + X25*X11 + X25*X12 + X25*X13 + X25*X16 + X25*X18 + X25*X19 + X25*X20 + X25*X22 + X25*X23 + X26*X1 + X26*X7 + X26*X8 + X26*X10 + X26*X12 + X26*X14 + X26*X21 + X26*X23 + X26*X25 + X27*X1 + X27*X4 + X27*X7 + X27*X8 + X27*X10 + X27*X11 + X27*X14 + X27*X18 + X27*X22 + X1 + X2 + X6 + X8 + X9 + X10 + X12 + X14 + X17 + X18 + X19 + X20 + X23 + X25 + X26 + X27
X26*X25*X7 + X24*X14 + X24*X15 + X24*X17 + X24*X19 + X24*X21 + X24*X22 + X24*X23 + X25*X2 + X25*X3 + X25*X4 + X25*X5 + X25*X6 + X25*X7 + X25*X11 + X25*X12 + X25*X13 + X25*X14 + X25*X21 + X25*X22 + X25*X23 + X26*X2 + X26*X3 + X26*X6 + X26*X7 + X26*X8 + X26*X12 + X26*X13 + X26*X20 + X26*X22 + X26*X24 + X27*X1 + X27*X3 + X27*X6 + X27*X7 + X27*X9 + X27*X10 + X27*X13 + X27*X15 + X27*X16 + X27*X17 + X27*X18 + X27*X19 + X27*X20 + X27*X22 + X27*X23 + X27*X24 + X27*X25 + X27*X26 + X1 + X2 + X5 + X9 + X11 + X12 + X15 + X16 + X17 + X22 + X23
X26*X25*X6 + X24*X15 + X24*X18 + X24*X19 + X24*X20 + X24*X21 + X24*X23 + X25*X2 + X25*X3 + X25*X5 + X25*X6 + X25*X7 + X25*X10 + X25*X12 + X25*X13 + X25*X14 + X25*X15 + X25*X16 + X25*X17 + X26*X4 + X26*X9 + X26*X13 + X26*X15 + X26*X19 + X26*X25 + X27*X1 + X27*X2 + X27*X3 + X27*X4 + X27*X5 + X27*X7 + X27*X12 + X27*X15 + X27*X19 + X27*X22 + X27*X23 + X27*X24 + X27*X26 + X4 + X7 + X8 + X9 + X15 + X16 + X17 + X18 + X19 + X20 + X21 + X22 + X23 + X25 + X26 + X27
X26*X25*X5 + X24*X14 + X24*X17 + X24*X18 + X24*X22 + X24*X23 + X25*X1 + X25*X3 + X25*X6 + X25*X7 + X25*X14 + X25*X15 + X25*X16 + X25*X18 + X25*X19 + X25*X21 + X25*X22 + X25*X24 + X26*X1 + X26*X2 + X26*X4 + X26*X5 + X26*X10 + X26*X11 + X26*X13 + X26*X14 + X26*X15 + X26*X16 + X26*X17 + X26*X20 + X26*X22 + X26*X25 + X27*X2 + X27*X3 + X27*X4 + X27*X17 + X27*X20 + X3 + X4 + X5 + X8 + X9 + X10 + X12 + X13 + X15 + X17 + X19 + X20 + X24 + X27
X26*X25*X4 + X24*X14 + X24*X15 + X24*X17 + X24*X18 + X24*X20 + X25*X2 + X25*X3 + X25*X4 + X25*X5 + X25*X6 + X25*X9 + X25*X11 + X25*X17 + X25*X18 + X25*X20 + X25*X21 + X26*X1 + X26*X5 + X26*X8 + X26*X9 + X26*X10 + X26*X11 + X26*X13 + X26*X17 + X26*X20 + X26*X23 + X27*X1 + X27*X4 + X27*X5 + X27*X6 + X27*X7 + X27*X8 + X27*X13 + X27*X19 + X27*X21 + X27*X23 + X27*X24 + X27*X25 + X27*X26 + X2 + X4 + X7 + X11 + X12 + X15 + X16 + X17 + X18 + X20 + X23 + X24 + X25 + X27 + 1
X26*X25*X3 + X24*X17 + X24*X18 + X24*X21 + X25*X1 + X25*X3 + X25*X5 + X25*X7 + X25*X8 + X25*X9 + X25*X11 + X25*X15 + X25*X18 + X25*X19 + X25*X21 + X25*X22 + X25*X23 + X25*X24 + X26*X1 + X26*X3 + X26*X4 + X26*X8 + X26*X11 + X26*X14 + X26*X15 + X26*X16 + X26*X18 + X26*X19 + X26*X21 + X27*X1 + X27*X4 + X27*X5 + X27*X6 + X27*X8 + X27*X10 + X27*X11 + X27*X12 + X27*X16 + X27*X17 + X27*X19 + X27*X20 + X27*X24 + X2 + X7 + X8 + X9 + X11 + X14 + X15 + X16 + X18 + X19 + X20 + X21 + X23
X26*X25*X2 + X24*X14 + X24*X15 + X24*X17 + X24*X18 + X25*X4 + X25*X5 + X25*X7 + X25*X8 + X25*X11 + X25*X13 + X25*X17 + X25*X19 + X25*X20 + X25*X22 + X25*X24 + X26*X4 + X26*X9 + X26*X10 + X26*X11 + X26*X13 + X26*X18 + X26*X19 + X26*X23 + X26*X25 + X27*X2 + X27*X6 + X27*X7 + X27*X9 + X27*X11 + X27*X13 + X27*X14 + X27*X15 + X27*X18 + X27*X23 + X2 + X3 + X5 + X6 + X7 + X9 + X10 + X12 + X13 + X15 + X16 + X17 + X18 + X21 + X23 + X24 + X25 + X27 + 1
X26*X25*X1 + X24*X14 + X24*X15 + X24*X18 + X24*X19 + X24*X21 + X24*X22 + X25*X1 + X25*X6 + X25*X7 + X25*X9 + X25*X10 + X25*X11 + X25*X14 + X25*X16 + X25*X17 + X25*X19 + X25*X20 + X25*X21 + X25*X24 + X26*X2 + X26*X4 + X26*X5 + X26*X6 + X26*X7 + X26*X8 + X26*X9 + X26*X10 + X26*X11 + X26*X14 + X26*X15 + X26*X16 + X26*X17 + X26*X19 + X26*X20 + X26*X21 + X26*X22 + X26*X24 + X26*X25 + X27*X2 + X27*X3 + X27*X4 + X27*X5 + X27*X7 + X27*X10 + X27*X11 + X27*X12 + X27*X13 + X27*X14 + X27*X15 + X27*X18 + X27*X19 + X27*X20 + X27*X22 + X27*X24 + X1 + X3 + X6 + X7 + X9 + X11 + X14 + X16 + X17 + X19 + X21 + X23 + X24 + X26
X26*X24*X23 + X24*X15 + X24*X19 + X25*X3 + X25*X6 + X25*X10 + X25*X11 + X25*X15 + X25*X17 + X25*X20 + X25*X24 + X26*X1 + X26*X2 + X26*X3 + X26*X8 + X26*X9 + X26*X19 + X26*X21 + X26*X24 + X27*X5 + X27*X9 + X27*X10 + X27*X12 + X27*X14 + X27*X15 + X27*X17 + X27*X18 + X27*X19 + X27*X20 + X27*X21 + X27*X22 + X27*X24 + X27*X26 + X3 + X4 + X7 + X9 + X11 + X12 + X15 + X18 + X19 + X23 + X24 + X26 + X27 + 1
X26*X24*X22 + X24*X15 + X24*X17 + X24*X19 + X24*X21 + X24*X22 + X25*X1 + X25*X5 + X25*X7 + X25*X8 + X25*X9 + X25*X10 + X25*X12 + X25*X16 + X25*X17 + X25*X18 + X25*X23 + X26*X3 + X26*X4 + X26*X7 + X26*X8 + X26*X14 + X26*X15 + X26*X16 + X26*X17 + X26*X19 + X26*X21 + X26*X22 + X26*X23 + X27*X1 + X27*X2 + X27*X4 + X27*X5 + X27*X10 + X27*X11 + X27*X13 + X27*X14 + X27*X15 + X27*X17 + X27*X18 + X27*X19 + X27*X26 + X1 + X2 + X3 + X4 + X5 + X6 + X9 + X13 + X15 + X16 + X17 + X18 + X19 + X20 + X22 + X27
X26*X24*X21 + X24*X19 + X24*X20 + X24*X22 + X25*X1 + X25*X2 + X25*X6 + X25*X9 + X25*X12 + X25*X13 + X25*X15 + X25*X16 + X25*X21 + X26*X2 + X26*X4 + X26*X10 + X26*X15 + X26*X18 + X26*X19 + X26*X21 + X26*X22 + X26*X25 + X27*X1 + X27*X2 + X27*X3 + X27*X4 + X27*X10 + X27*X11 + X27*X12 + X27*X13 + X27*X15 + X27*X17 + X27*X18 + X27*X19 + X27*X20 + X27*X21 + X27*X22 + X27*X25 + X2 + X3 + X4 + X5 + X6 + X7 + X9 + X11 + X18 + X19 + X21 + X25 + X26 + 1
X26*X24*X20 + X24*X15 + X24*X17 + X24*X19 + X24*X21 + X25*X1 + X25*X2 + X25*X4 + X25*X5 + X25*X6 + X25*X11 + X25*X12 + X25*X13 + X25*X14 + X25*X15 + X25*X16 + X25*X17 + X25*X18 + X25*X19 + X25*X22 + X25*X24 + X26*X3 + X26*X5 + X26*X7 + X26*X8 + X26*X10 + X26*X11 + X26*X13 + X26*X14 + X26*X15 + X26*X19 + X26*X20 + X26*X21 + X26*X23 + X27*X2 + X27*X4 + X27*X5 + X27*X6 + X27*X7 + X27*X8 + X27*X13 + X27*X14 + X27*X16 + X27*X18 + X27*X21 + X27*X23 + X27*X24 + X27*X25 + X27*X26 + X1 + X3 + X4 + X5 + X6 + X7 + X9 + X11 + X12 + X13 + X18 + X21 + X22 + X23 + X26
X26*X24*X19 + X24*X15 + X24*X17 + X24*X19 + X24*X22 + X24*X23 + X25*X1 + X25*X2 + X25*X5 + X25*X6 + X25*X8 + X25*X10 + X25*X12 + X25*X15 + X25*X17 + X25*X20 + X25*X21 + X25*X23 + X26*X6 + X26*X7 + X26*X8 + X26*X11 + X26*X12 + X26*X13 + X26*X14 + X26*X15 + X26*X18 + X26*X19 + X26*X20 + X26*X25 + X27*X3 + X27*X10 + X27*X11 + X27*X14 + X27*X17 + X27*X18 + X27*X21 + X27*X25 + X3 + X6 + X7 + X9 + X14 + X15 + X16 + X19 + X23 + X24 + X27 + 1
X26*X24*X18 + X24*X18 + X24*X19 + X24*X21 + X24*X22 + X25*X2 + X25*X3 + X25*X5 + X25*X10 + X25*X11 + X25*X12 + X25*X13 + X25*X14 + X25*X15 + X25*X16 + X25*X18 + X25*X20 + X25*X21 + X25*X22 + X26*X1 + X26*X5 + X26*X8 + X26*X9 + X26*X10 + X26*X11 + X26*X13 + X26*X15 + X26*X19 + X26*X21 + X26*X22 + X26*X23 + X26*X24 + X27*X1 + X27*X3 + X27*X4 + X27*X5 + X27*X6 + X27*X8 + X27*X9 + X27*X11 + X27*X12 + X27*X13 + X27*X14 + X27*X16 + X27*X17 + X27*X18 + X27*X19 + X27*X21 + X27*X23 + X27*X24 + X27*X25 + X1 + X3 + X4 + X11 + X13 + X15 + X17 + X19 + X26
X26*X24*X17 + X24*X14 + X24*X19 + X24*X20 + X24*X21 + X24*X22 + X24*X23 + X25*X1 + X25*X4 + X25*X5 + X25*X7 + X25*X14 + X25*X16 + X25*X18 + X25*X19 + X25*X22 + X25*X24 + X26*X3 + X26*X5 + X26*X7 + X26*X8 + X26*X9 + X26*X11 + X26*X13 + X26*X17 + X26*X19 + X26*X21 + X26*X23 + X26*X24 + X26*X25 + X27*X3 + X27*X4 + X27*X5 + X27*X6 + X27*X7 + X27*X8 + X27*X12 + X27*X14 + X27*X15 + X27*X16 + X27*X17 + X27*X18 + X27*X19 + X27*X20 + X27*X22 + X27*X24 + X1 + X3 + X4 + X6 + X7 + X8 + X9 + X12 + X13 + X14 + X20 + X21 + X22 + X23 + X25 + X26 + X27
X26*X24*X15 + X24*X15 + X24*X20 + X24*X21 + X24*X23 + X25*X3 + X25*X4 + X25*X11 + X25*X12 + X25*X14 + X25*X18 + X25*X20 + X26*X4 + X26*X6 + X26*X7 + X26*X8 + X26*X9 + X26*X10 + X26*X11 + X26*X13 + X26*X14 + X26*X17 + X26*X20 + X26*X21 + X26*X24 + X27*X1 + X27*X2 + X27*X3 + X27*X7 + X27*X10 + X27*X13 + X27*X14 + X27*X15 + X27*X18 + X27*X19 + X27*X23 + X27*X25 + X27*X26 + X4 + X5 + X6 + X10 + X11 + X13 + X14 + X16 + X18 + X20 + X21 + X23 + X25 + X26
X26*X24*X14 + X24*X14 + X24*X20 + X24*X21 + X25*X3 + X25*X5 + X25*X6 + X25*X7 + X25*X8 + X25*X15 + X25*X16 + X25*X18 + X25*X19 + X25*X20 + X25*X21 + X25*X22 + X25*X23 + X26*X2 + X26*X3 + X26*X5 + X26*X6 + X26*X7 + X26*X8 + X26*X9 + X26*X13 + X26*X14 + X26*X16 + X26*X17 + X26*X22 + X26*X25 + X27*X1 + X27*X2 + X27*X3 + X27*X5 + X27*X7 + X27*X10 + X27*X11 + X27*X13 + X27*X14 + X27*X15 + X27*X17 + X27*X19 + X27*X20 + X27*X21 + X27*X22 + X27*X26 + X4 + X5 + X7 + X9 + X12 + X13 + X14 + X17 + X24
X25*X24*X23 + X24*X17 + X24*X20 + X24*X21 + X24*X22 + X24*X23 + X25*X1 + X25*X5 + X25*X7 + X25*X8 + X25*X9 + X25*X12 + X25*X13 + X25*X14 + X25*X15 + X25*X18 + X25*X22 + X25*X23 + X25*X24 + X26*X1 + X26*X10 + X26*X12 + X26*X15 + X26*X20 + X26*X22 + X26*X23 + X26*X24 + X27*X2 + X27*X3 + X27*X7 + X27*X8 + X27*X11 + X27*X12 + X27*X15 + X27*X18 + X27*X22 + X27*X25 + X27*X26 + X1 + X2 + X3 + X4 + X6 + X7 + X8 + X9 + X14 + X15 + X17 + X19 + X21 + X22 + X23 + X26 + X27 + 1
X25*X24*X22 + X24*X14 + X24*X19 + X24*X21 + X24*X22 + X25*X2 + X25*X4 + X25*X5 + X25*X6 + X25*X7 + X25*X8 + X25*X9 + X25*X10 + X25*X11 + X25*X13 + X25*X14 + X25*X15 + X25*X16 + X25*X18 + X25*X20 + X25*X24 + X26*X1 + X26*X2 + X26*X3 + X26*X5 + X26*X12 + X26*X13 + X26*X14 + X26*X15 + X26*X16 + X26*X17 + X26*X18 + X26*X19 + X26*X21 + X26*X24 + X26*X25 + X27*X1 + X27*X2 + X27*X4 + X27*X5 + X27*X7 + X27*X9 + X27*X11 + X27*X12 + X27*X13 + X27*X15 + X27*X17 + X27*X20 + X27*X21 + X27*X24 + X27*X25 + X4 + X5 + X6 + X9 + X11 + X13 + X14 + X16 + X18 + X19 + X20 + X21 + X23 + X24 + 1
X25*X24*X21 + X24*X14 + X24*X15 + X24*X21 + X24*X22 + X24*X23 + X25*X2 + X25*X3 + X25*X4 + X25*X6 + X25*X8 + X25*X10 + X25*X11 + X25*X13 + X25*X15 + X25*X17 + X25*X22 + X25*X23 + X25*X24 + X26*X1 + X26*X2 + X26*X5 + X26*X7 + X26*X8 + X26*X10 + X26*X11 + X26*X12 + X26*X14 + X26*X16 + X26*X19 + X26*X22 + X26*X25 + X27*X1 + X27*X2 + X27*X5 + X27*X6 + X27*X7 + X27*X8 + X27*X9 + X27*X12 + X27*X13 + X27*X15 + X27*X16 + X27*X17 + X27*X18 + X27*X22 + X27*X23 + X27*X24 + X27*X25 + X1 + X4 + X6 + X8 + X9 + X11 + X13 + X14 + X15 + X17 + X18 + X20 + X24
X25*X24*X20 + X24*X14 + X24*X17 + X24*X20 + X24*X21 + X25*X1 + X25*X5 + X25*X9 + X25*X10 + X25*X11 + X25*X13 + X25*X15 + X25*X16 + X25*X17 + X25*X18 + X25*X21 + X25*X22 + X25*X23 + X25*X24 + X26*X1 + X26*X4 + X26*X5 + X26*X10 + X26*X12 + X26*X13 + X26*X14 + X26*X15 + X26*X16 + X26*X17 + X26*X18 + X26*X21 + X26*X23 + X27*X2 + X27*X3 + X27*X7 + X27*X8 + X27*X10 + X27*X15 + X27*X18 + X27*X21 + X27*X23 + X27*X24 + X27*X25 + X27*X26 + X2 + X4 + X7 + X10 + X12 + X15 + X16 + X19 + X21 + X24 + X25 + X27 + 1
X25*X24*X19 + X24*X15 + X24*X17 + X24*X18 + X24*X19 + X24*X22 + X24*X23 + X25*X1 + X25*X5 + X25*X6 + X25*X7 + X25*X8 + X25*X11 + X25*X16 + X25*X17 + X25*X18 + X25*X20 + X25*X21 + X25*X22 + X25*X24 + X26*X1 + X26*X4 + X26*X9 + X26*X10 + X26*X11 + X26*X12 + X26*X13 + X26*X14 + X26*X16 + X26*X18 + X26*X21 + X26*X23 + X26*X25 + X27*X1 + X27*X2 + X27*X3 + X27*X5 + X27*X9 + X27*X10 + X27*X11 + X27*X12 + X27*X13 + X27*X18 + X27*X20 + X27*X23 + X27*X24 + X27*X25 + X4 + X5 + X7 + X9 + X11 + X12 + X16 + X18 + X20 + X21 + X25 + X27 + 1
X25*X24*X18 + X24*X14 + X24*X19 + X24*X22 + X24*X23 + X25*X1 + X25*X3 + X25*X4 + X25*X6 + X25*X9 + X25*X10 + X25*X11 + X25*X12 + X25*X13 + X25*X14 + X25*X15 + X25*X16 + X25*X17 + X25*X22 + X26*X3 + X26*X5 + X26*X7 + X26*X8 + X26*X9 + X26*X11 + X26*X12 + X26*X13 + X26*X14 + X26*X18 + X26*X19 + X26*X21 + X26*X23 + X26*X24 + X26*X25 + X27*X2 + X27*X3 + X27*X7 + X27*X9 + X27*X10 + X27*X13 + X27*X14 + X27*X15 + X27*X16 + X27*X17 + X27*X18 + X27*X19 + X27*X21 + X27*X25 + X27*X26 + X1 + X6 + X7 + X8 + X9 + X15 + X17 + X18 + X24 + X25 + X27
X25*X24*X17 + X24*X14 + X24*X15 + X24*X19 + X25*X1 + X25*X4 + X25*X5 + X25*X6 + X25*X7 + X25*X8 + X25*X11 + X25*X15 + X25*X17 + X25*X18 + X25*X19 + X25*X21 + X25*X22 + X25*X24 + X26*X1 + X26*X5 + X26*X8 + X26*X12 + X26*X13 + X26*X18 + X26*X19 + X26*X21 + X26*X22 + X27*X5 + X27*X6 + X27*X7 + X27*X8 + X27*X9 + X27*X10 + X27*X13 + X27*X15 + X27*X16 + X27*X22 + X27*X23 + X27*X24 + X27*X25 + X1 + X2 + X4 + X6 + X7 + X10 + X13 + X14 + X19 + X20 + X21 + X22 + X27 + 1
X25*X24*X15 + X24*X14 + X24*X18 + X24*X19 + X24*X21 + X24*X22 + X25*X4 + X25*X5 + X25*X7 + X25*X8 + X25*X11 + X25*X15 + X25*X17 + X25*X20 + X25*X24 + X26*X2 + X26*X3 + X26*X6 + X26*X8 + X26*X9 + X26*X11 + X26*X13 + X26*X16 + X26*X19 + X26*X20 + X26*X21 + X26*X22 + X27*X5 + X27*X6 + X27*X7 + X27*X10 + X27*X11 + X27*X12 + X27*X15 + X27*X17 + X27*X18 + X27*X19 + X27*X20 + X27*X21 + X27*X23 + X1 + X2 + X4 + X5 + X7 + X8 + X9 + X13 + X15 + X16 + X17 + X20 + X23 + X24
X25*X24*X14 + X24*X17 + X24*X20 + X24*X22 + X25*X2 + X25*X4 + X25*X6 + X25*X8 + X25*X9 + X25*X11 + X25*X12 + X25*X13 + X25*X15 + X25*X19 + X25*X20 + X25*X21 + X25*X23 + X25*X24 + X26*X5 + X26*X6 + X26*X7 + X26*X9 + X26*X11 + X26*X17 + X26*X21 + X26*X23 + X26*X24 + X27*X3 + X27*X7 + X27*X8 + X27*X10 + X27*X13 + X27*X18 + X27*X20 + X27*X22 + X27*X25 + X27*X26 + X1 + X2 + X6 + X7 + X8 + X12 + X14 + X16 + X18 + X19 + X20 + X23 + X24 + X26 + 1
Total CPU time : 593.609 s
Peak memory    : 1304 MiB
Resource index : 774067 s*MiB
