[parser] loading polynomials from 'scan5/wd_N28_n22.in' (format: default)
[m4gb]  I 0 0 61 0
[m4gb]  U #b:  61 #cp:   156 #mr:  101 #mc:  861 s=0.0023313
[m4gb]  M #b:  61 #cp:   156 #mr:  101 #mc:  760 s=0.0002394
[m4gb]  P lcmdegree=3
[m4gb]  P #b:  61 #cp:     0 #mr: 3105 #mc: 9236 s=0.0507598
[m4gb]  P #n:156
[m4gb]  U #b: 217 #cp:  2184 #mr: 3778 #mc: 9236 s=0.0559851
[m4gb]  M #b: 217 #cp:  2184 #mr: 3778 #mc: 8563 s=0.0022769
[m4gb]  P lcmdegree=3
[m4gb]  P #b: 217 #cp:  2038 #mr: 3778 #mc: 8563 s=0.0405344
[m4gb]  P #n:146
[m4gb]  U #b: 363 #cp:  4259 #mr: 3924 #mc: 8563 s=0.127489
[m4gb]  M #b: 363 #cp:  4259 #mr: 3924 #mc: 8417 s=0.0005955
[m4gb]  P lcmdegree=4
[m4gb]  P #b: 363 #cp:  3747 #mr:69907 #mc:65844 s=4.23447
[m4gb]  P #n:504
[m4gb]  U #b: 867 #cp: 13685 #mr:74524 #mc:65844 s=1.98561
[m4gb]  M #b: 867 #cp: 13685 #mr:74524 #mc:61227 s=0.0196779
[m4gb]  P lcmdegree=4
[m4gb]  P #b: 867 #cp: 13173 #mr:74524 #mc:61227 s=1.82151
[m4gb]  P #n:0
[m4gb]  U #b: 867 #cp: 13173 #mr:74524 #mc:61227 s=9e-07
[m4gb]  M #b: 867 #cp: 13173 #mr:74524 #mc:61227 s=0.0018595
[m4gb]  P lcmdegree=4
[m4gb]  P #b: 867 #cp: 12661 #mr:74524 #mc:61227 s=2.39489
[m4gb]  P #n:276
[m4gb]  U #b:1143 #cp: 18874 #mr:74800 #mc:61227 s=1.38814
[m4gb]  M #b:1143 #cp: 18874 #mr:74800 #mc:60951 s=0.0027475
[m4gb]  P lcmdegree=4
[m4gb]  P #b:1143 #cp: 18362 #mr:74800 #mc:60951 s=5.39119
[m4gb]  P #n:457
[m4gb]  U #b:1600 #cp: 28314 #mr:75257 #mc:60951 s=3.92471
[m4gb]  M #b:1600 #cp: 28314 #mr:75257 #mc:60494 s=0.0141619
[m4gb]  P lcmdegree=4
[m4gb]  P #b:1600 #cp: 27802 #mr:75257 #mc:60494 s=4.40564
[m4gb]  P #n:497
[m4gb]  U #b:2097 #cp: 39369 #mr:75754 #mc:60494 s=6.59675
[m4gb]  M #b:2097 #cp: 39369 #mr:75754 #mc:59997 s=0.0033391
[m4gb]  P lcmdegree=4
[m4gb]  P #b:2097 #cp: 38857 #mr:75754 #mc:59997 s=6.73868
[m4gb]  P #n:547
[m4gb]  U #b:2556 #cp: 50214 #mr:76631 #mc:59997 s=10.5411
[m4gb]  M #b:2556 #cp: 50214 #mr:76631 #mc:59120 s=0.0214087
[m4gb]  P lcmdegree=4
[m4gb]  P #b:2556 #cp: 49702 #mr:76631 #mc:59120 s=13.7437
[m4gb]  P #n:935
[m4gb]  U #b:2928 #cp: 64461 #mr:79967 #mc:59120 s=45.4018
[m4gb]  M #b:2928 #cp: 64461 #mr:79967 #mc:55784 s=0.0162272
[m4gb]  P lcmdegree=4
[m4gb]  P #b:2928 #cp: 63949 #mr:79967 #mc:55784 s=18.1221
[m4gb]  P #n:470
[m4gb]  U #b:3288 #cp: 73709 #mr:80723 #mc:55784 s=14.4286
[m4gb]  M #b:3288 #cp: 73709 #mr:80723 #mc:55028 s=0.0169089
[m4gb]  P lcmdegree=4
[m4gb]  P #b:3288 #cp: 73197 #mr:80723 #mc:55028 s=8.9789
[m4gb]  P #n:353
[m4gb]  U #b:3641 #cp: 82276 #mr:81076 #mc:55028 s=11.8248
[m4gb]  M #b:3641 #cp: 82276 #mr:81076 #mc:54675 s=0.0023266
[m4gb]  P lcmdegree=4
[m4gb]  P #b:3641 #cp: 81764 #mr:81076 #mc:54675 s=7.04391
[m4gb]  P #n:318
[m4gb]  U #b:3959 #cp: 90349 #mr:81394 #mc:54675 s=11.3013
[m4gb]  M #b:3959 #cp: 90349 #mr:81394 #mc:54357 s=0.0030496
[m4gb]  P lcmdegree=4
[m4gb]  P #b:3959 #cp: 89837 #mr:81394 #mc:54357 s=7.54904
[m4gb]  P #n:210
[m4gb]  U #b:4169 #cp: 95507 #mr:81604 #mc:54357 s=8.6349
[m4gb]  M #b:4169 #cp: 95507 #mr:81604 #mc:54147 s=0.0033449
[m4gb]  P lcmdegree=4
[m4gb]  P #b:4169 #cp: 94995 #mr:81604 #mc:54147 s=24.4856
[m4gb]  P #n:287
[m4gb]  U #b: 365 #cp: 11328 #mr:99728 #mc:53936 s=75.3806
[m4gb]  M #b: 365 #cp: 11328 #mr:99728 #mc:12027 s=0.0130318
[m4gb]  P lcmdegree=3
[m4gb]  P #b: 365 #cp: 10816 #mr:99728 #mc:12027 s=0.0429183
[m4gb]  P #n:0
[m4gb]  U #b: 365 #cp: 10816 #mr:99728 #mc:12027 s=0.024886
[m4gb]  M #b: 365 #cp: 10816 #mr:99728 #mc:12027 s=0.0001935
[m4gb]  P lcmdegree=3
[m4gb]  P #b: 365 #cp: 10304 #mr:99728 #mc:12027 s=0.0242285
[m4gb]  P #n:0
[m4gb]  U #b: 365 #cp: 10304 #mr:99728 #mc:12027 s=0.013284
[m4gb]  M #b: 365 #cp: 10304 #mr:99728 #mc:12027 s=0.0002094
[m4gb]  P lcmdegree=3
[m4gb]  P #b: 365 #cp:  9792 #mr:99728 #mc:12027 s=0.0401132
[m4gb]  P #n:0
[m4gb]  U #b: 365 #cp:  9792 #mr:99728 #mc:12027 s=0.0132607
[m4gb]  M #b: 365 #cp:  9792 #mr:99728 #mc:12027 s=0.0001929
[m4gb]  P lcmdegree=3
[m4gb]  P #b: 365 #cp:  9280 #mr:99728 #mc:12027 s=0.0377979
[m4gb]  P #n:0
[m4gb]  U #b: 365 #cp:  9280 #mr:99728 #mc:12027 s=0.0133603
[m4gb]  M #b: 365 #cp:  9280 #mr:99728 #mc:12027 s=0.0001992
[m4gb]  P lcmdegree=3
[m4gb]  P #b: 365 #cp:  8768 #mr:99728 #mc:12027 s=0.0346835
[m4gb]  P #n:0
[m4gb]  U #b: 365 #cp:  8768 #mr:99728 #mc:12027 s=0.0124479
[m4gb]  M #b: 365 #cp:  8768 #mr:99728 #mc:12027 s=0.0001921
[m4gb]  P lcmdegree=3
[m4gb]  P #b: 365 #cp:  8256 #mr:99728 #mc:12027 s=0.0354006
[m4gb]  P #n:0
[m4gb]  U #b: 365 #cp:  8256 #mr:99728 #mc:12027 s=0.0132325
[m4gb]  M #b: 365 #cp:  8256 #mr:99728 #mc:12027 s=0.0002247
[m4gb]  P lcmdegree=3
[m4gb]  P #b: 365 #cp:  7744 #mr:99728 #mc:12027 s=0.0296854
[m4gb]  P #n:0
[m4gb]  U #b: 365 #cp:  7744 #mr:99728 #mc:12027 s=0.0136082
[m4gb]  M #b: 365 #cp:  7744 #mr:99728 #mc:12027 s=0.000199
[m4gb]  P lcmdegree=3
[m4gb]  P #b: 365 #cp:  7232 #mr:99728 #mc:12027 s=0.0284911
[m4gb]  P #n:0
[m4gb]  U #b: 365 #cp:  7232 #mr:99728 #mc:12027 s=0.0140414
[m4gb]  M #b: 365 #cp:  7232 #mr:99728 #mc:12027 s=0.0001879
[m4gb]  P lcmdegree=3
[m4gb]  P #b: 365 #cp:  6720 #mr:99728 #mc:12027 s=0.0413926
[m4gb]  P #n:0
[m4gb]  U #b: 365 #cp:  6720 #mr:99728 #mc:12027 s=0.0135406
[m4gb]  M #b: 365 #cp:  6720 #mr:99728 #mc:12027 s=0.0001876
[m4gb]  P lcmdegree=3
[m4gb]  P #b: 365 #cp:  6208 #mr:99728 #mc:12027 s=0.0247626
[m4gb]  P #n:0
[m4gb]  U #b: 365 #cp:  6208 #mr:99728 #mc:12027 s=0.0132133
[m4gb]  M #b: 365 #cp:  6208 #mr:99728 #mc:12027 s=0.0001909
[m4gb]  P lcmdegree=3
[m4gb]  P #b: 365 #cp:  6144 #mr:99728 #mc:12027 s=0.0027534
[m4gb]  P #n:0
[m4gb]  U #b: 365 #cp:  6144 #mr:99728 #mc:12027 s=0.0209054
[m4gb]  M #b: 365 #cp:  6144 #mr:99728 #mc:12027 s=0.0002467
[m4gb]  P lcmdegree=4
[m4gb]  P #b: 365 #cp:  5632 #mr:123724 #mc:12027 s=0.0624713
[m4gb]  P #n:0
[m4gb]  U #b: 365 #cp:  5632 #mr:99728 #mc:12027 s=0.0208588
[m4gb]  M #b: 365 #cp:  5632 #mr:99728 #mc:12027 s=0.000188
[m4gb]  P lcmdegree=4
[m4gb]  P #b: 365 #cp:  5120 #mr:123724 #mc:12027 s=0.0575791
[m4gb]  P #n:0
[m4gb]  U #b: 365 #cp:  5120 #mr:99728 #mc:12027 s=0.0206168
[m4gb]  M #b: 365 #cp:  5120 #mr:99728 #mc:12027 s=0.0002019
[m4gb]  P lcmdegree=4
[m4gb]  P #b: 365 #cp:  4608 #mr:123724 #mc:12027 s=0.0919666
[m4gb]  P #n:0
[m4gb]  U #b: 365 #cp:  4608 #mr:99728 #mc:12027 s=0.0234096
[m4gb]  M #b: 365 #cp:  4608 #mr:99728 #mc:12027 s=0.0001914
[m4gb]  P lcmdegree=4
[m4gb]  P #b: 365 #cp:  4096 #mr:123724 #mc:12027 s=0.0869902
[m4gb]  P #n:0
[m4gb]  U #b: 365 #cp:  4096 #mr:99728 #mc:12027 s=0.0277728
[m4gb]  M #b: 365 #cp:  4096 #mr:99728 #mc:12027 s=0.0001936
[m4gb]  P lcmdegree=4
[m4gb]  P #b: 365 #cp:  3584 #mr:123724 #mc:12027 s=0.0804001
[m4gb]  P #n:0
[m4gb]  U #b: 365 #cp:  3584 #mr:99728 #mc:12027 s=0.0295732
[m4gb]  M #b: 365 #cp:  3584 #mr:99728 #mc:12027 s=0.0002162
[m4gb]  P lcmdegree=4
[m4gb]  P #b: 365 #cp:  3072 #mr:123724 #mc:12027 s=0.0986416
[m4gb]  P #n:0
[m4gb]  U #b: 365 #cp:  3072 #mr:99728 #mc:12027 s=0.0216404
[m4gb]  M #b: 365 #cp:  3072 #mr:99728 #mc:12027 s=0.0002086
[m4gb]  P lcmdegree=4
[m4gb]  P #b: 365 #cp:  2560 #mr:123724 #mc:12027 s=0.088219
[m4gb]  P #n:0
[m4gb]  U #b: 365 #cp:  2560 #mr:99728 #mc:12027 s=0.0193696
[m4gb]  M #b: 365 #cp:  2560 #mr:99728 #mc:12027 s=0.0001977
[m4gb]  P lcmdegree=4
[m4gb]  P #b: 365 #cp:  2048 #mr:123724 #mc:12027 s=0.086585
[m4gb]  P #n:0
[m4gb]  U #b: 365 #cp:  2048 #mr:99728 #mc:12027 s=0.0202778
[m4gb]  M #b: 365 #cp:  2048 #mr:99728 #mc:12027 s=0.0001859
[m4gb]  P lcmdegree=4
[m4gb]  P #b: 365 #cp:  1536 #mr:123724 #mc:12027 s=0.100117
[m4gb]  P #n:0
[m4gb]  U #b: 365 #cp:  1536 #mr:99728 #mc:12027 s=0.0184186
[m4gb]  M #b: 365 #cp:  1536 #mr:99728 #mc:12027 s=0.0002925
[m4gb]  P lcmdegree=4
[m4gb]  P #b: 365 #cp:  1024 #mr:123724 #mc:12027 s=0.100234
[m4gb]  P #n:0
[m4gb]  U #b: 365 #cp:  1024 #mr:99728 #mc:12027 s=0.0273417
[m4gb]  M #b: 365 #cp:  1024 #mr:99728 #mc:12027 s=0.0002024
[m4gb]  P lcmdegree=4
[m4gb]  P #b: 365 #cp:   512 #mr:123724 #mc:12027 s=0.0987939
[m4gb]  P #n:0
[m4gb]  U #b: 365 #cp:   512 #mr:99728 #mc:12027 s=0.0226284
[m4gb]  M #b: 365 #cp:   512 #mr:99728 #mc:12027 s=0.0001864
[m4gb]  P lcmdegree=4
[m4gb]  P #b: 365 #cp:     0 #mr:123724 #mc:12027 s=0.107407
[m4gb]  P #n:0
[m4gb]  upper_bound = 135751 = X39^5
[m4gb]  total update time   : 192.012s
[m4gb]  total matrix time   : 0.125684s
[m4gb]  total selection time: 106.403s
[m4gb]  total time          : 298.54s
X0 + X1 + X4 + X5 + X6 + X8 + X10 + X11 + X12 + X17 + X18 + X19 + X21 + X22 + X25 + X27 + 1
^2 + 
^2 + 
^2 + 
^2 + 
^2 + 
^2 + 
^2 + 
^2 + 
^2 + 
^2 + 
^2 + 
^2 + 
X27^2 + X27
X26^2 + X26
X26*X13 + X26*X15 + X26*X17 + X26*X18 + X26*X19 + X26*X21 + X26*X24 + X26*X25 + X27*X1 + X27*X2 + X27*X3 + X27*X4 + X27*X5 + X27*X6 + X27*X8 + X27*X9 + X27*X11 + X27*X12 + X27*X13 + X27*X14 + X27*X16 + X27*X17 + X27*X20 + X27*X21 + X27*X24 + X27*X26 + X2 + X3 + X6 + X7 + X11 + X12 + X14 + X15 + X16 + X20 + X24 + X25
X26*X11 + X26*X14 + X26*X15 + X26*X16 + X26*X17 + X26*X20 + X26*X21 + X26*X23 + X27*X2 + X27*X3 + X27*X4 + X27*X7 + X27*X8 + X27*X11 + X27*X16 + X27*X17 + X27*X20 + X27*X21 + X27*X23 + X27*X25 + X2 + X4 + X5 + X7 + X10 + X12 + X13 + X17 + X18 + X20 + X21 + X23 + X24 + X27
X26*X9 + X26*X14 + X26*X15 + X26*X16 + X26*X17 + X26*X18 + X26*X21 + X26*X22 + X26*X24 + X27*X3 + X27*X7 + X27*X8 + X27*X9 + X27*X10 + X27*X11 + X27*X12 + X27*X13 + X27*X17 + X27*X18 + X27*X20 + X27*X23 + X27*X26 + X2 + X4 + X6 + X7 + X8 + X9 + X10 + X14 + X15 + X16 + X20 + X22 + X24 + 1
X26*X8 + X26*X14 + X26*X15 + X26*X16 + X26*X18 + X26*X21 + X26*X22 + X26*X24 + X26*X25 + X27*X1 + X27*X4 + X27*X5 + X27*X13 + X27*X15 + X27*X16 + X27*X18 + X27*X21 + X27*X22 + X27*X23 + X27*X24 + X27*X26 + X3 + X5 + X6 + X7 + X11 + X14 + X23 + X26 + X27
X26*X7 + X26*X14 + X26*X15 + X26*X16 + X26*X19 + X26*X20 + X26*X21 + X26*X22 + X26*X23 + X26*X24 + X26*X25 + X27*X2 + X27*X4 + X27*X8 + X27*X9 + X27*X10 + X27*X11 + X27*X12 + X27*X13 + X27*X14 + X27*X15 + X27*X23 + X27*X26 + X1 + X2 + X6 + X9 + X10 + X11 + X12 + X15 + X20 + X23 + X27
X26*X6 + X26*X10 + X26*X12 + X26*X14 + X26*X15 + X26*X19 + X26*X20 + X26*X24 + X27*X1 + X27*X5 + X27*X6 + X27*X7 + X27*X14 + X27*X16 + X27*X18 + X27*X19 + X27*X20 + X27*X21 + X27*X23 + X27*X24 + X27*X25 + X3 + X4 + X8 + X9 + X10 + X11 + X12 + X22 + X25 + X26 + 1
X26*X5 + X26*X12 + X26*X14 + X26*X16 + X26*X17 + X26*X18 + X26*X20 + X26*X22 + X26*X23 + X27*X2 + X27*X3 + X27*X5 + X27*X6 + X27*X7 + X27*X10 + X27*X15 + X27*X16 + X27*X17 + X27*X20 + X27*X21 + X27*X23 + X27*X24 + X27*X26 + X2 + X3 + X6 + X7 + X11 + X12 + X14 + X15 + X16 + X20 + X24 + X25
X26*X4 + X26*X15 + X26*X16 + X26*X17 + X26*X18 + X26*X19 + X26*X20 + X26*X21 + X26*X23 + X26*X25 + X27*X4 + X27*X8 + X27*X9 + X27*X11 + X27*X13 + X27*X16 + X27*X17 + X27*X19 + X27*X20 + X27*X22 + X27*X23 + X27*X26 + X2 + X3 + X4 + X5 + X8 + X9 + X10 + X11 + X15 + X16 + X20 + X22 + X23 + X24 + 1
X26*X3 + X26*X12 + X26*X17 + X26*X19 + X26*X22 + X26*X23 + X26*X24 + X26*X25 + X27*X2 + X27*X4 + X27*X7 + X27*X8 + X27*X9 + X27*X10 + X27*X12 + X27*X13 + X27*X14 + X27*X16 + X27*X18 + X27*X19 + X27*X20 + X27*X22 + X27*X23 + X27*X25 + X27*X26 + X1 + X3 + X5 + X6 + X7 + X9 + X14 + X15 + X19 + X21 + X24 + X26 + X27 + 1
X26*X2 + X26*X10 + X26*X12 + X26*X17 + X26*X22 + X26*X24 + X26*X25 + X27*X1 + X27*X2 + X27*X3 + X27*X5 + X27*X10 + X27*X11 + X27*X12 + X27*X15 + X27*X16 + X27*X20 + X27*X23 + X27*X24 + X2 + X3 + X5 + X7 + X8 + X9 + X11 + X13 + X17 + X18 + X20 + X21 + X22 + X23 + X24 + X25 + X26 + X27 + 1
X26*X1 + X26*X15 + X26*X18 + X26*X19 + X26*X20 + X26*X21 + X26*X22 + X27*X6 + X27*X9 + X27*X10 + X27*X12 + X27*X13 + X27*X21 + X27*X24 + X27*X25 + X1 + X5 + X6 + X8 + X11 + X12 + X13 + X14 + X16 + X17 + X18 + X19 + X22 + X24 + X26
X25^2 + X25
X25*X24 + X26*X10 + X26*X14 + X26*X16 + X26*X18 + X26*X19 + X26*X23 + X26*X24 + X27*X1 + X27*X2 + X27*X5 + X27*X6 + X27*X7 + X27*X8 + X27*X9 + X27*X15 + X27*X17 + X27*X19 + X27*X21 + X27*X22 + X27*X23 + X27*X25 + X27*X26 + X1 + X3 + X5 + X7 + X8 + X10 + X11 + X13 + X14 + X17 + X18 + X19 + X21 + X22 + X23 + X24 + X25 + 1
X25*X23 + X26*X10 + X26*X14 + X26*X19 + X26*X21 + X26*X23 + X26*X24 + X27*X1 + X27*X3 + X27*X5 + X27*X6 + X27*X11 + X27*X12 + X27*X14 + X27*X19 + X27*X20 + X27*X21 + X27*X22 + X27*X23 + X27*X24 + X27*X26 + X1 + X2 + X3 + X6 + X12 + X15 + X17 + X19 + X20 + X21 + X24 + X25 + X27 + 1
X25*X22 + X26*X12 + X26*X16 + X26*X18 + X26*X20 + X26*X22 + X26*X23 + X26*X24 + X26*X25 + X27*X1 + X27*X2 + X27*X5 + X27*X6 + X27*X7 + X27*X10 + X27*X13 + X27*X14 + X27*X17 + X27*X19 + X27*X22 + X6 + X7 + X8 + X9 + X13 + X14 + X16 + X17 + X18 + X20 + X24 + X26 + 1
X25*X21 + X26*X14 + X26*X18 + X26*X19 + X26*X21 + X26*X22 + X26*X23 + X27*X2 + X27*X3 + X27*X5 + X27*X7 + X27*X12 + X27*X13 + X27*X14 + X27*X18 + X27*X20 + X27*X26 + X1 + X2 + X4 + X5 + X6 + X7 + X13 + X14 + X17 + X23 + X25 + 1
X25*X20 + X26*X10 + X26*X12 + X26*X15 + X26*X17 + X26*X18 + X26*X20 + X26*X21 + X26*X24 + X27*X3 + X27*X9 + X27*X11 + X27*X13 + X27*X14 + X27*X16 + X27*X17 + X27*X18 + X27*X19 + X27*X23 + X27*X25 + X2 + X4 + X5 + X6 + X11 + X12 + X15 + X16 + X18 + X19 + X21 + X25 + 1
X25*X19 + X26*X14 + X26*X15 + X26*X16 + X26*X17 + X26*X19 + X26*X20 + X26*X21 + X26*X22 + X26*X23 + X27*X1 + X27*X2 + X27*X5 + X27*X6 + X27*X8 + X27*X9 + X27*X10 + X27*X11 + X27*X13 + X27*X16 + X27*X17 + X27*X18 + X27*X19 + X27*X20 + X27*X22 + X27*X23 + X27*X24 + X27*X25 + X3 + X5 + X6 + X9 + X10 + X11 + X14 + X16 + X17 + X18 + X19 + X24 + X25 + X26 + 1
X25*X18 + X26*X10 + X26*X15 + X26*X17 + X26*X19 + X26*X20 + X26*X21 + X26*X22 + X26*X23 + X26*X24 + X26*X25 + X27*X3 + X27*X7 + X27*X8 + X27*X9 + X27*X11 + X27*X14 + X27*X16 + X27*X17 + X27*X18 + X27*X19 + X27*X20 + X27*X22 + X27*X23 + X27*X25 + X27*X26 + X2 + X3 + X4 + X5 + X8 + X9 + X10 + X11 + X15 + X16 + X20 + X22 + X23 + X24 + X25 + X27 + 1
X25*X17 + X26*X15 + X26*X16 + X26*X19 + X26*X20 + X26*X21 + X26*X22 + X26*X23 + X26*X24 + X27*X2 + X27*X5 + X27*X8 + X27*X9 + X27*X13 + X27*X15 + X27*X16 + X27*X20 + X27*X21 + X27*X22 + X27*X23 + X27*X24 + X27*X26 + X1 + X2 + X3 + X4 + X5 + X6 + X7 + X8 + X11 + X12 + X15 + X16 + X17 + X18 + X21 + X25 + X26 + 1
X25*X16 + X26*X10 + X26*X12 + X26*X15 + X26*X18 + X26*X19 + X26*X20 + X26*X22 + X26*X24 + X27*X1 + X27*X2 + X27*X3 + X27*X4 + X27*X7 + X27*X9 + X27*X11 + X27*X13 + X27*X15 + X27*X16 + X27*X17 + X27*X18 + X27*X22 + X27*X23 + X27*X24 + X27*X25 + X27*X26 + X1 + X2 + X4 + X5 + X7 + X8 + X9 + X10 + X11 + X12 + X16 + X17 + X21 + X24 + X27
X25*X15 + X26*X12 + X26*X15 + X26*X18 + X26*X20 + X26*X23 + X26*X24 + X27*X1 + X27*X6 + X27*X7 + X27*X10 + X27*X12 + X27*X13 + X27*X14 + X27*X15 + X27*X18 + X27*X20 + X27*X22 + X27*X23 + X27*X25 + X1 + X2 + X3 + X5 + X8 + X9 + X11 + X12 + X13 + X16 + X18 + X19 + X20 + X21 + X23 + X24 + 1
X25*X14 + X26*X10 + X26*X14 + X26*X16 + X26*X17 + X26*X18 + X26*X19 + X26*X20 + X26*X21 + X26*X22 + X27*X2 + X27*X3 + X27*X4 + X27*X7 + X27*X9 + X27*X11 + X27*X14 + X27*X15 + X27*X16 + X27*X18 + X27*X19 + X27*X22 + X27*X23 + X27*X24 + X1 + X3 + X6 + X7 + X8 + X10 + X11 + X12 + X17 + X18 + X19 + X23 + X26 + 1
X25*X13 + X26*X10 + X26*X15 + X26*X16 + X26*X18 + X26*X19 + X26*X20 + X26*X22 + X26*X23 + X26*X24 + X26*X25 + X27*X5 + X27*X8 + X27*X9 + X27*X11 + X27*X12 + X27*X13 + X27*X14 + X27*X15 + X27*X16 + X27*X17 + X27*X18 + X27*X19 + X27*X20 + X27*X23 + X27*X25 + X1 + X3 + X6 + X8 + X9 + X10 + X13 + X14 + X15 + X17 + X18 + X19 + X23 + X26
X25*X12 + X26*X14 + X26*X15 + X26*X16 + X26*X18 + X26*X21 + X26*X22 + X26*X23 + X27*X2 + X27*X4 + X27*X11 + X27*X12 + X27*X13 + X27*X16 + X27*X20 + X27*X22 + X27*X23 + X27*X24 + X5 + X7 + X9 + X11 + X12 + X13 + X15 + X18 + X19 + X24 + X26 + 1
X25*X11 + X26*X12 + X26*X14 + X26*X15 + X26*X16 + X26*X17 + X26*X19 + X26*X20 + X26*X21 + X26*X25 + X27*X3 + X27*X4 + X27*X5 + X27*X7 + X27*X8 + X27*X10 + X27*X11 + X27*X12 + X27*X16 + X27*X18 + X27*X20 + X27*X21 + X27*X22 + X27*X23 + X27*X24 + X27*X25 + X27*X26 + X2 + X3 + X4 + X6 + X8 + X9 + X11 + X15 + X16 + X19 + X20 + X21 + X25 + X27 + 1
X25*X10 + X26*X10 + X26*X12 + X26*X15 + X26*X16 + X26*X19 + X26*X20 + X26*X21 + X26*X23 + X26*X25 + X27*X7 + X27*X8 + X27*X11 + X27*X12 + X27*X13 + X27*X15 + X27*X19 + X27*X21 + X27*X22 + X4 + X6 + X7 + X12 + X14 + X15 + X17 + X18 + X24 + X25
X25*X9 + X26*X10 + X26*X12 + X26*X14 + X26*X16 + X26*X17 + X26*X18 + X26*X19 + X26*X23 + X27*X2 + X27*X3 + X27*X4 + X27*X5 + X27*X8 + X27*X9 + X27*X11 + X27*X12 + X27*X14 + X27*X16 + X27*X19 + X27*X20 + X27*X23 + X27*X24 + X27*X25 + X27*X26 + X3 + X5 + X6 + X9 + X10 + X12 + X15 + X17 + X18 + X19 + X21 + X26 + X27 + 1
X25*X8 + X26*X10 + X26*X12 + X26*X15 + X26*X17 + X26*X20 + X26*X22 + X26*X25 + X27*X1 + X27*X2 + X27*X4 + X27*X5 + X27*X6 + X27*X7 + X27*X10 + X27*X14 + X27*X16 + X27*X20 + X27*X25 + X27*X26 + X1 + X2 + X6 + X8 + X11 + X18 + X19 + X20 + X21 + X22 + X25 + X26 + X27 + 1
X25*X7 + X26*X18 + X26*X20 + X26*X23 + X26*X24 + X27*X1 + X27*X4 + X27*X6 + X27*X10 + X27*X11 + X27*X12 + X27*X14 + X27*X15 + X27*X16 + X27*X19 + X27*X20 + X27*X22 + X27*X26 + X1 + X3 + X5 + X8 + X9 + X10 + X11 + X14 + X16 + X17 + X18 + X19 + X22 + X23 + X27
X25*X6 + X26*X10 + X26*X14 + X26*X16 + X26*X17 + X26*X18 + X26*X19 + X26*X20 + X26*X22 + X26*X24 + X26*X25 + X27*X1 + X27*X2 + X27*X3 + X27*X4 + X27*X5 + X27*X8 + X27*X9 + X27*X12 + X27*X15 + X27*X16 + X27*X17 + X27*X18 + X27*X19 + X27*X21 + X27*X26 + X2 + X4 + X7 + X10 + X13 + X15 + X16 + X18 + X19 + X20 + X22 + X23 + X24 + 1
X25*X5 + X26*X10 + X26*X14 + X26*X15 + X26*X18 + X26*X20 + X26*X21 + X27*X1 + X27*X4 + X27*X7 + X27*X8 + X27*X9 + X27*X10 + X27*X13 + X27*X14 + X27*X18 + X27*X20 + X27*X21 + X27*X24 + X27*X25 + X27*X26 + X1 + X6 + X7 + X8 + X9 + X11 + X14 + X15 + X16 + X18
X25*X4 + X26*X15 + X26*X17 + X26*X18 + X26*X19 + X26*X23 + X26*X24 + X27*X1 + X27*X2 + X27*X3 + X27*X4 + X27*X5 + X27*X7 + X27*X11 + X27*X12 + X27*X13 + X27*X15 + X27*X16 + X27*X19 + X27*X22 + X27*X24 + X27*X25 + X2 + X4 + X7 + X9 + X10 + X13 + X14 + X15 + X18 + X23 + X26 + 1
X25*X3 + X26*X10 + X26*X14 + X26*X18 + X26*X19 + X26*X22 + X26*X24 + X26*X25 + X27*X3 + X27*X5 + X27*X8 + X27*X10 + X27*X11 + X27*X17 + X27*X18 + X27*X20 + X27*X21 + X27*X23 + X27*X25 + X27*X26 + X4 + X8 + X10 + X13 + X14 + X17 + X21 + X22 + X24 + X25 + X27
X25*X2 + X26*X14 + X26*X15 + X26*X17 + X26*X18 + X26*X21 + X26*X22 + X26*X25 + X27*X5 + X27*X7 + X27*X8 + X27*X9 + X27*X15 + X27*X16 + X27*X17 + X27*X18 + X27*X20 + X27*X22 + X27*X23 + X27*X25 + X27*X26 + X1 + X3 + X8 + X9 + X14 + X15 + X16 + X19 + X23 + X24 + X26 + X27
X25*X1 + X26*X10 + X26*X14 + X26*X15 + X26*X18 + X26*X19 + X26*X25 + X27*X1 + X27*X3 + X27*X5 + X27*X10 + X27*X12 + X27*X13 + X27*X18 + X27*X21 + X27*X22 + X27*X25 + X2 + X5 + X8 + X13 + X14 + X15 + X16 + X17 + X19 + X22 + X23 + X24 + X26 + X27
X24^2 + X24
X24*X23 + X26*X10 + X26*X12 + X26*X14 + X26*X18 + X26*X19 + X26*X21 + X26*X22 + X26*X23 + X26*X24 + X27*X2 + X27*X3 + X27*X4 + X27*X10 + X27*X11 + X27*X13 + X27*X14 + X27*X16 + X27*X17 + X27*X21 + X27*X24 + X1 + X6 + X7 + X10 + X13 + X17 + X18 + X19 + X21 + X22 + X27
X24*X22 + X26*X10 + X26*X16 + X26*X18 + X26*X20 + X26*X21 + X26*X25 + X27*X3 + X27*X4 + X27*X5 + X27*X9 + X27*X10 + X27*X18 + X27*X19 + X27*X20 + X27*X24 + X1 + X2 + X4 + X9 + X11 + X22 + X25 + 1
X24*X21 + X26*X10 + X26*X12 + X26*X14 + X26*X20 + X26*X21 + X26*X22 + X26*X23 + X26*X25 + X27*X2 + X27*X3 + X27*X5 + X27*X10 + X27*X11 + X27*X13 + X27*X16 + X27*X17 + X27*X18 + X27*X19 + X27*X20 + X27*X21 + X27*X23 + X27*X24 + X27*X25 + X5 + X7 + X8 + X13 + X14 + X15 + X17 + X19 + X22 + X23 + X24 + X25 + X26 + X27 + 1
X24*X20 + X26*X12 + X26*X15 + X26*X16 + X26*X17 + X26*X18 + X26*X19 + X26*X23 + X26*X24 + X26*X25 + X27*X1 + X27*X2 + X27*X3 + X27*X4 + X27*X9 + X27*X10 + X27*X11 + X27*X13 + X27*X14 + X27*X21 + X27*X24 + X27*X26 + X1 + X3 + X4 + X7 + X8 + X9 + X11 + X13 + X16 + X18 + X19 + X22 + X23
X24*X19 + X26*X10 + X26*X15 + X26*X16 + X26*X17 + X26*X18 + X26*X19 + X26*X20 + X26*X21 + X27*X1 + X27*X3 + X27*X4 + X27*X9 + X27*X11 + X27*X15 + X27*X16 + X27*X18 + X27*X23 + X27*X25 + X1 + X2 + X3 + X8 + X13 + X14 + X23 + X24 + X27
X24*X18 + X26*X10 + X26*X12 + X26*X14 + X26*X15 + X26*X17 + X26*X19 + X26*X20 + X26*X21 + X26*X23 + X26*X24 + X26*X25 + X27*X3 + X27*X7 + X27*X11 + X27*X14 + X27*X15 + X27*X18 + X27*X22 + X27*X23 + X27*X25 + X1 + X3 + X5 + X6 + X7 + X9 + X10 + X12 + X13 + X14 + X16 + X18 + X21 + X22 + X23 + X25 + X27
X24*X17 + X26*X10 + X26*X15 + X26*X16 + X26*X19 + X26*X20 + X26*X23 + X26*X24 + X27*X1 + X27*X2 + X27*X5 + X27*X7 + X27*X12 + X27*X13 + X27*X14 + X27*X15 + X27*X17 + X27*X18 + X27*X20 + X27*X21 + X27*X25 + X27*X26 + X1 + X5 + X8 + X10 + X13 + X14 + X16 + X17 + X22 + X23 + X24 + 1
X24*X16 + X26*X10 + X26*X14 + X26*X15 + X26*X19 + X26*X20 + X26*X24 + X26*X25 + X27*X2 + X27*X6 + X27*X8 + X27*X13 + X27*X15 + X27*X16 + X27*X17 + X27*X19 + X27*X23 + X27*X25 + X1 + X5 + X14 + X17 + X18 + X19 + X20 + X23 + X25
X24*X15 + X26*X12 + X26*X14 + X26*X20 + X26*X25 + X27*X2 + X27*X3 + X27*X5 + X27*X7 + X27*X8 + X27*X9 + X27*X10 + X27*X11 + X27*X12 + X27*X14 + X27*X16 + X27*X20 + X27*X22 + X27*X25 + X27*X26 + X1 + X2 + X3 + X4 + X7 + X12 + X14 + X17 + X18 + X19 + X20 + X21 + X22 + X24
X24*X14 + X26*X10 + X26*X15 + X26*X16 + X26*X17 + X26*X21 + X26*X22 + X26*X24 + X27*X1 + X27*X2 + X27*X4 + X27*X7 + X27*X9 + X27*X10 + X27*X11 + X27*X12 + X27*X16 + X27*X17 + X27*X20 + X27*X21 + X27*X22 + X27*X23 + X27*X26 + X3 + X4 + X6 + X7 + X11 + X12 + X14 + X16 + X19 + X20 + X21 + X22 + X23 + X24 + X27
X24*X13 + X26*X10 + X26*X12 + X26*X14 + X26*X17 + X26*X18 + X26*X19 + X26*X21 + X26*X24 + X27*X1 + X27*X3 + X27*X6 + X27*X8 + X27*X9 + X27*X12 + X27*X13 + X27*X14 + X27*X15 + X27*X17 + X27*X20 + X27*X21 + X27*X22 + X27*X26 + X3 + X9 + X11 + X12 + X13 + X14 + X17 + X19 + X21 + X26 + X27 + 1
X24*X12 + X26*X10 + X26*X12 + X26*X14 + X26*X17 + X26*X18 + X26*X20 + X26*X21 + X26*X24 + X26*X25 + X27*X6 + X27*X7 + X27*X12 + X27*X13 + X27*X18 + X27*X19 + X27*X21 + X27*X22 + X27*X23 + X27*X24 + X27*X26 + X7 + X8 + X10 + X11 + X14 + X15 + X17 + X21 + X25
X24*X11 + X26*X14 + X26*X15 + X26*X17 + X26*X20 + X26*X21 + X26*X22 + X26*X25 + X27*X2 + X27*X3 + X27*X4 + X27*X6 + X27*X7 + X27*X8 + X27*X10 + X27*X11 + X27*X14 + X27*X16 + X27*X17 + X27*X19 + X27*X20 + X27*X22 + X27*X23 + X27*X25 + X1 + X3 + X4 + X5 + X6 + X7 + X8 + X9 + X13 + X15 + X16 + X17 + X19 + X24 + X27 + 1
X24*X10 + X26*X15 + X26*X16 + X26*X17 + X26*X18 + X26*X19 + X26*X20 + X27*X1 + X27*X3 + X27*X8 + X27*X9 + X27*X10 + X27*X12 + X27*X15 + X27*X16 + X27*X17 + X27*X18 + X27*X25 + X4 + X7 + X8 + X10 + X12 + X13 + X16 + X17 + X18 + X20 + X21 + X23 + X25 + X26
X24*X9 + X26*X10 + X26*X12 + X26*X16 + X26*X20 + X26*X23 + X26*X25 + X27*X2 + X27*X7 + X27*X12 + X27*X13 + X27*X14 + X27*X19 + X27*X22 + X27*X25 + X27*X26 + X3 + X4 + X6 + X7 + X10 + X11 + X12 + X14 + X20 + X21 + X23 + X25 + X26 + X27
X24*X8 + X26*X12 + X26*X14 + X26*X15 + X26*X17 + X26*X18 + X26*X19 + X26*X20 + X26*X22 + X26*X23 + X27*X3 + X27*X5 + X27*X6 + X27*X7 + X27*X9 + X27*X11 + X27*X13 + X27*X14 + X27*X15 + X27*X16 + X27*X18 + X27*X19 + X27*X22 + X2 + X3 + X4 + X5 + X9 + X12 + X17 + X18 + X19 + X21 + X25 + X26 + X27 + 1
X24*X7 + X26*X10 + X26*X15 + X26*X16 + X26*X17 + X26*X21 + X26*X23 + X26*X24 + X26*X25 + X27*X2 + X27*X5 + X27*X7 + X27*X8 + X27*X13 + X27*X14 + X27*X17 + X27*X22 + X27*X23 + X27*X25 + X27*X26 + X1 + X2 + X5 + X6 + X7 + X9 + X10 + X11 + X12 + X14 + X17 + X18 + X19 + X22 + X25 + X27
X24*X6 + X26*X10 + X26*X12 + X26*X14 + X26*X15 + X26*X16 + X26*X17 + X26*X20 + X26*X21 + X26*X22 + X26*X23 + X26*X24 + X27*X2 + X27*X3 + X27*X4 + X27*X5 + X27*X6 + X27*X7 + X27*X9 + X27*X11 + X27*X12 + X27*X13 + X27*X15 + X27*X18 + X27*X19 + X27*X20 + X27*X22 + X27*X23 + X1 + X2 + X3 + X7 + X9 + X10 + X11 + X12 + X13 + X14 + X15 + X16 + X20 + X21 + X23 + X25 + X26 + 1
X24*X5 + X26*X10 + X26*X12 + X26*X16 + X26*X17 + X26*X23 + X26*X25 + X27*X1 + X27*X4 + X27*X6 + X27*X8 + X27*X9 + X27*X10 + X27*X11 + X27*X13 + X27*X16 + X27*X21 + X27*X22 + X27*X23 + X2 + X8 + X13 + X14 + X15 + X16 + X17 + X19 + X22 + X23 + X24 + X25 + X27
X24*X4 + X26*X12 + X26*X14 + X26*X16 + X26*X18 + X26*X19 + X26*X20 + X26*X23 + X26*X24 + X26*X25 + X27*X1 + X27*X2 + X27*X5 + X27*X6 + X27*X10 + X27*X11 + X27*X13 + X27*X19 + X27*X20 + X27*X21 + X27*X23 + X27*X24 + X1 + X4 + X5 + X6 + X7 + X8 + X9 + X14 + X16 + X19 + X20 + X22 + X24 + X25 + X26 + X27
X24*X3 + X26*X12 + X26*X14 + X26*X15 + X26*X16 + X26*X17 + X26*X18 + X26*X19 + X26*X20 + X26*X21 + X26*X22 + X27*X1 + X27*X3 + X27*X4 + X27*X5 + X27*X6 + X27*X12 + X27*X14 + X27*X15 + X27*X17 + X27*X18 + X27*X19 + X27*X23 + X27*X25 + X27*X26 + X2 + X3 + X7 + X8 + X11 + X13 + X14 + X15 + X17 + X18 + X21 + X22 + X23 + X24 + X27
X24*X2 + X26*X18 + X26*X19 + X26*X20 + X26*X21 + X26*X22 + X26*X23 + X26*X25 + X27*X1 + X27*X4 + X27*X5 + X27*X8 + X27*X11 + X27*X14 + X27*X15 + X27*X18 + X27*X19 + X27*X21 + X27*X22 + X27*X24 + X27*X25 + X27*X26 + X1 + X4 + X6 + X7 + X8 + X14 + X18 + X25
X24*X1 + X26*X10 + X26*X18 + X26*X21 + X26*X22 + X27*X2 + X27*X3 + X27*X11 + X27*X12 + X27*X15 + X27*X16 + X27*X18 + X27*X23 + X27*X24 + X2 + X4 + X7 + X11 + X13 + X14 + X16 + X17 + X18 + X20 + X23 + X24 + X25 + X26 + X27 + 1
X23^2 + X23
X23*X22 + X26*X10 + X26*X12 + X26*X14 + X26*X15 + X26*X17 + X26*X21 + X26*X22 + X26*X25 + X27*X6 + X27*X8 + X27*X10 + X27*X13 + X27*X15 + X27*X17 + X27*X18 + X27*X20 + X27*X21 + X27*X22 + X27*X26 + X4 + X5 + X8 + X10 + X11 + X17 + X19 + X21 + X22 + X23 + X25 + 1
X23*X21 + X26*X10 + X26*X12 + X26*X14 + X26*X16 + X26*X17 + X26*X19 + X26*X20 + X26*X22 + X26*X23 + X26*X24 + X27*X2 + X27*X3 + X27*X6 + X27*X7 + X27*X8 + X27*X9 + X27*X10 + X27*X12 + X27*X14 + X27*X16 + X27*X17 + X27*X19 + X27*X20 + X27*X21 + X27*X23 + X27*X24 + X27*X25 + X2 + X4 + X6 + X8 + X9 + X10 + X11 + X13 + X14 + X16 + X17 + X18 + X19 + X21 + X22 + X23 + X24 + X25 + X27 + 1
X23*X20 + X26*X12 + X26*X14 + X26*X16 + X26*X17 + X26*X18 + X26*X19 + X26*X21 + X26*X22 + X26*X23 + X26*X24 + X26*X25 + X27*X1 + X27*X2 + X27*X9 + X27*X10 + X27*X11 + X27*X13 + X27*X15 + X27*X20 + X27*X21 + X27*X22 + X27*X23 + X2 + X4 + X5 + X6 + X11 + X13 + X15 + X17 + X18 + X19 + X22 + X27 + 1
X23*X19 + X26*X14 + X26*X15 + X26*X16 + X26*X17 + X26*X18 + X26*X19 + X26*X23 + X26*X25 + X27*X1 + X27*X3 + X27*X7 + X27*X8 + X27*X9 + X27*X10 + X27*X11 + X27*X12 + X27*X13 + X27*X16 + X27*X18 + X27*X19 + X27*X20 + X27*X21 + X27*X22 + X27*X24 + X2 + X3 + X4 + X6 + X7 + X8 + X9 + X12 + X14 + X16 + X17 + X19 + X23 + X25 + X27
X23*X18 + X26*X10 + X26*X12 + X26*X14 + X26*X16 + X26*X17 + X26*X20 + X26*X24 + X26*X25 + X27*X1 + X27*X2 + X27*X3 + X27*X8 + X27*X9 + X27*X10 + X27*X12 + X27*X17 + X27*X20 + X27*X22 + X27*X23 + X27*X24 + X6 + X8 + X9 + X10 + X14 + X16 + X18 + X20 + X21 + X22 + X25 + X27 + 1
X23*X17 + X26*X12 + X26*X16 + X26*X20 + X26*X21 + X26*X22 + X26*X23 + X27*X2 + X27*X3 + X27*X6 + X27*X8 + X27*X9 + X27*X11 + X27*X13 + X27*X17 + X27*X23 + X27*X24 + X27*X25 + X1 + X4 + X8 + X10 + X11 + X13 + X15 + X16 + X17 + X18 + X21 + 1
X23*X16 + X26*X10 + X26*X15 + X26*X17 + X26*X19 + X26*X20 + X26*X21 + X26*X23 + X26*X25 + X27*X1 + X27*X3 + X27*X4 + X27*X7 + X27*X8 + X27*X9 + X27*X10 + X27*X12 + X27*X17 + X27*X18 + X27*X20 + X27*X21 + X27*X24 + X1 + X2 + X5 + X7 + X8 + X9 + X10 + X16 + X17 + X21 + X23 + X26 + 1
X23*X15 + X26*X10 + X26*X14 + X26*X21 + X27*X4 + X27*X8 + X27*X11 + X27*X13 + X27*X14 + X27*X17 + X27*X20 + X27*X21 + X27*X23 + X27*X24 + X27*X26 + X2 + X3 + X4 + X5 + X8 + X9 + X12 + X14 + X16 + X17 + X19 + X21 + X23 + X25 + X27 + 1
X23*X14 + X26*X16 + X26*X20 + X26*X22 + X26*X24 + X27*X2 + X27*X4 + X27*X5 + X27*X8 + X27*X9 + X27*X12 + X27*X20 + X3 + X6 + X7 + X9 + X13 + X16 + X17 + X18 + X21 + X24 + X25
X23*X13 + X26*X12 + X26*X16 + X26*X20 + X26*X22 + X26*X23 + X27*X1 + X27*X2 + X27*X4 + X27*X9 + X27*X10 + X27*X14 + X27*X15 + X27*X16 + X27*X17 + X27*X18 + X27*X21 + X27*X23 + X27*X24 + X27*X26 + X2 + X3 + X4 + X5 + X6 + X10 + X11 + X13 + X14 + X15 + X16 + X19 + X21 + X22 + X26 + X27 + 1
X23*X12 + X26*X14 + X26*X15 + X26*X16 + X26*X17 + X26*X19 + X26*X20 + X26*X21 + X26*X25 + X27*X2 + X27*X3 + X27*X6 + X27*X8 + X27*X10 + X27*X13 + X27*X15 + X27*X17 + X27*X19 + X27*X21 + X27*X23 + X27*X24 + X27*X26 + X1 + X5 + X7 + X10 + X11 + X13 + X14 + X15 + X16 + X18 + X19 + X20 + X21 + X23 + X27 + 1
X23*X11 + X26*X10 + X26*X12 + X26*X15 + X26*X16 + X26*X17 + X26*X18 + X26*X19 + X26*X22 + X26*X23 + X27*X2 + X27*X3 + X27*X6 + X27*X10 + X27*X12 + X27*X13 + X27*X14 + X27*X16 + X27*X18 + X27*X20 + X27*X21 + X27*X22 + X27*X23 + X2 + X3 + X4 + X7 + X8 + X10 + X11 + X13 + X15 + X17 + X18 + X19 + X20 + X21 + X23 + X24 + X25 + X26 + 1
X23*X10 + X26*X12 + X26*X15 + X26*X16 + X26*X18 + X26*X20 + X26*X22 + X26*X25 + X27*X2 + X27*X4 + X27*X5 + X27*X6 + X27*X7 + X27*X8 + X27*X9 + X27*X10 + X27*X12 + X27*X13 + X27*X14 + X27*X15 + X27*X18 + X27*X19 + X27*X20 + X27*X21 + X27*X22 + X27*X24 + X27*X26 + X1 + X7 + X9 + X10 + X11 + X15 + X21 + X22 + X23 + X27
X23*X9 + X26*X10 + X26*X12 + X26*X15 + X26*X17 + X26*X19 + X26*X23 + X26*X24 + X26*X25 + X27*X5 + X27*X6 + X27*X8 + X27*X9 + X27*X14 + X27*X16 + X27*X18 + X27*X19 + X27*X22 + X27*X24 + X27*X25 + X27*X26 + X1 + X2 + X3 + X6 + X8 + X11 + X14 + X16 + X17 + X19 + X21 + X22 + X23 + X24 + X25 + X27
X23*X8 + X26*X10 + X26*X14 + X26*X16 + X26*X17 + X26*X19 + X26*X20 + X26*X25 + X27*X1 + X27*X3 + X27*X5 + X27*X6 + X27*X7 + X27*X8 + X27*X9 + X27*X10 + X27*X11 + X27*X13 + X27*X15 + X27*X18 + X27*X20 + X27*X22 + X27*X25 + X4 + X6 + X12 + X14 + X15 + X20 + X21 + X23 + X26 + 1
X23*X7 + X26*X12 + X26*X14 + X26*X15 + X26*X18 + X26*X19 + X26*X21 + X26*X23 + X26*X25 + X27*X1 + X27*X4 + X27*X5 + X27*X7 + X27*X9 + X27*X11 + X27*X12 + X27*X14 + X27*X15 + X27*X16 + X27*X17 + X27*X18 + X27*X20 + X27*X21 + X27*X23 + X27*X26 + X3 + X4 + X5 + X6 + X7 + X8 + X9 + X10 + X12 + X13 + X17 + X18 + X20 + X21 + X22 + X26 + 1
X23*X6 + X26*X10 + X26*X12 + X26*X14 + X26*X16 + X26*X17 + X26*X18 + X26*X19 + X26*X22 + X26*X25 + X27*X2 + X27*X3 + X27*X6 + X27*X7 + X27*X12 + X27*X13 + X27*X15 + X27*X16 + X27*X19 + X27*X23 + X27*X26 + X4 + X7 + X12 + X15 + X16 + X20 + X22 + X24 + X26 + 1
X23*X5 + X26*X10 + X26*X12 + X26*X14 + X26*X15 + X26*X16 + X26*X19 + X26*X22 + X26*X24 + X27*X4 + X27*X5 + X27*X9 + X27*X10 + X27*X11 + X27*X12 + X27*X14 + X27*X18 + X27*X19 + X27*X20 + X27*X21 + X27*X25 + X3 + X4 + X5 + X6 + X7 + X8 + X9 + X10 + X11 + X13 + X16 + X17 + X18 + X20 + X21 + X23 + X24 + X25 + X26 + X27
X23*X4 + X26*X10 + X26*X12 + X26*X16 + X26*X20 + X26*X21 + X26*X23 + X26*X24 + X27*X2 + X27*X3 + X27*X4 + X27*X5 + X27*X7 + X27*X14 + X27*X17 + X27*X19 + X27*X21 + X27*X24 + X27*X26 + X2 + X5 + X10 + X12 + X13 + X17 + X18 + X19 + X20 + X21 + X22 + X23 + X27 + 1
X23*X3 + X26*X12 + X26*X19 + X26*X21 + X26*X24 + X26*X25 + X27*X1 + X27*X6 + X27*X8 + X27*X14 + X27*X15 + X27*X16 + X27*X18 + X27*X19 + X27*X20 + X27*X24 + X27*X25 + X1 + X5 + X6 + X7 + X9 + X11 + X13 + X14 + X17 + X18 + X19 + X20 + X21 + X22 + X23 + X25 + X26 + X27
X23*X2 + X26*X12 + X26*X14 + X26*X17 + X26*X23 + X26*X25 + X27*X1 + X27*X2 + X27*X3 + X27*X4 + X27*X5 + X27*X6 + X27*X8 + X27*X9 + X27*X10 + X27*X11 + X27*X12 + X27*X13 + X27*X15 + X27*X18 + X27*X21 + X27*X22 + X27*X24 + X27*X25 + X1 + X5 + X8 + X11 + X13 + X14 + X17 + X18 + X19 + X20 + X21 + X24 + X25 + X26 + X27 + 1
X23*X1 + X26*X15 + X26*X19 + X26*X22 + X26*X24 + X27*X5 + X27*X8 + X27*X12 + X27*X17 + X27*X21 + X27*X22 + X27*X23 + X27*X24 + X27*X25 + X27*X26 + X1 + X3 + X9 + X10 + X11 + X17 + X19 + X21 + X23 + X24 + 1
X22^2 + X22
X22*X21 + X26*X14 + X26*X15 + X26*X16 + X26*X17 + X26*X18 + X26*X19 + X26*X20 + X26*X23 + X26*X24 + X27*X2 + X27*X3 + X27*X4 + X27*X5 + X27*X6 + X27*X7 + X27*X8 + X27*X9 + X27*X18 + X27*X19 + X27*X22 + X27*X24 + X1 + X5 + X6 + X9 + X11 + X13 + X16 + X17 + X18 + X19 + X22 + X23 + X24 + X25 + X27 + 1
X22*X20 + X26*X12 + X26*X14 + X26*X16 + X26*X17 + X26*X18 + X26*X19 + X26*X25 + X27*X1 + X27*X3 + X27*X5 + X27*X7 + X27*X9 + X27*X10 + X27*X11 + X27*X12 + X27*X13 + X27*X20 + X27*X22 + X27*X23 + X27*X24 + X27*X25 + X27*X26 + X1 + X4 + X5 + X8 + X10 + X11 + X12 + X17 + X19 + X21 + X23 + X24 + X26 + X27
X22*X19 + X26*X15 + X26*X16 + X26*X18 + X26*X19 + X26*X21 + X26*X22 + X26*X24 + X27*X2 + X27*X10 + X27*X11 + X27*X13 + X27*X14 + X27*X17 + X27*X20 + X27*X23 + X27*X24 + X6 + X7 + X8 + X10 + X11 + X12 + X14 + X15 + X16 + X19 + X22 + X23 + X24 + 1
X22*X18 + X26*X10 + X26*X14 + X26*X15 + X26*X16 + X26*X18 + X26*X19 + X26*X22 + X26*X23 + X27*X1 + X27*X2 + X27*X4 + X27*X5 + X27*X6 + X27*X8 + X27*X9 + X27*X10 + X27*X12 + X27*X13 + X27*X15 + X27*X17 + X27*X18 + X27*X19 + X27*X20 + X27*X22 + X27*X23 + X27*X24 + X27*X25 + X2 + X3 + X6 + X7 + X11 + X12 + X14 + X15 + X16 + X18 + X20 + X22 + X24 + X25 + X26 + 1
X22*X17 + X26*X12 + X26*X14 + X26*X15 + X26*X17 + X26*X18 + X26*X21 + X26*X25 + X27*X2 + X27*X3 + X27*X7 + X27*X8 + X27*X11 + X27*X14 + X27*X15 + X27*X24 + X27*X25 + X3 + X4 + X8 + X9 + X11 + X12 + X13 + X18 + X19 + X21 + X22 + X23 + X25 + X27 + 1
X22*X16 + X26*X14 + X26*X19 + X26*X24 + X27*X1 + X27*X4 + X27*X9 + X27*X12 + X27*X13 + X27*X14 + X27*X16 + X27*X17 + X27*X18 + X27*X21 + X27*X22 + X27*X23 + X27*X26 + X1 + X2 + X3 + X6 + X7 + X9 + X10 + X12 + X13 + X14 + X17 + X18 + X20 + X25 + X26 + 1
X22*X15 + X26*X10 + X26*X12 + X26*X14 + X26*X15 + X26*X17 + X26*X18 + X26*X19 + X26*X21 + X26*X24 + X26*X25 + X27*X2 + X27*X8 + X27*X10 + X27*X15 + X27*X17 + X27*X19 + X27*X21 + X27*X22 + X27*X24 + X27*X25 + X27*X26 + X10 + X13 + X15 + X17 + X18 + X19 + X21 + X22 + X23 + X26 + 1
X22*X14 + X26*X15 + X26*X18 + X26*X22 + X26*X23 + X26*X25 + X27*X2 + X27*X5 + X27*X6 + X27*X8 + X27*X10 + X27*X12 + X27*X13 + X27*X14 + X27*X17 + X27*X20 + X27*X24 + X1 + X8 + X11 + X12 + X15 + X19 + X24 + X25 + X27
X22*X13 + X26*X15 + X26*X19 + X26*X23 + X26*X25 + X27*X3 + X27*X4 + X27*X5 + X27*X6 + X27*X8 + X27*X10 + X27*X13 + X27*X15 + X27*X16 + X27*X17 + X27*X19 + X27*X20 + X27*X23 + X27*X24 + X27*X25 + X27*X26 + X1 + X4 + X5 + X8 + X11 + X12 + X18 + X20 + X24 + X26
X22*X12 + X26*X12 + X26*X14 + X26*X16 + X26*X17 + X26*X18 + X26*X20 + X26*X21 + X26*X22 + X26*X24 + X27*X1 + X27*X2 + X27*X3 + X27*X4 + X27*X8 + X27*X9 + X27*X11 + X27*X18 + X27*X19 + X27*X20 + X27*X22 + X2 + X3 + X4 + X5 + X6 + X7 + X8 + X9 + X10 + X11 + X13 + X15 + X17 + X18 + X21 + X22 + X26 + X27 + 1
X22*X11 + X26*X10 + X26*X15 + X26*X17 + X26*X18 + X26*X19 + X26*X23 + X26*X24 + X26*X25 + X27*X1 + X27*X4 + X27*X8 + X27*X10 + X27*X11 + X27*X12 + X27*X14 + X27*X15 + X27*X16 + X27*X18 + X27*X21 + X27*X23 + X27*X24 + X1 + X2 + X4 + X8 + X10 + X12 + X13 + X14 + X17 + X18 + X19 + X24 + X26 + 1
X22*X10 + X26*X10 + X26*X12 + X26*X15 + X26*X17 + X26*X21 + X26*X22 + X26*X25 + X27*X4 + X27*X5 + X27*X7 + X27*X8 + X27*X11 + X27*X12 + X27*X16 + X27*X17 + X27*X18 + X27*X19 + X27*X20 + X27*X21 + X27*X22 + X27*X25 + X27*X26 + X3 + X4 + X6 + X7 + X10 + X11 + X12 + X14 + X16 + X19 + X20 + X21 + X22 + X23 + X24 + X27
X22*X9 + X26*X10 + X26*X12 + X26*X14 + X26*X16 + X26*X18 + X26*X19 + X26*X20 + X26*X21 + X26*X22 + X27*X1 + X27*X2 + X27*X4 + X27*X5 + X27*X9 + X27*X11 + X27*X13 + X27*X14 + X27*X16 + X27*X17 + X27*X21 + X27*X23 + X27*X26 + X2 + X4 + X8 + X13 + X16 + X18 + X19 + X21 + X22 + X24 + X25 + X27
X22*X8 + X26*X12 + X26*X17 + X26*X18 + X26*X21 + X27*X4 + X27*X7 + X27*X8 + X27*X11 + X27*X12 + X27*X16 + X27*X18 + X27*X20 + X27*X23 + X27*X26 + X2 + X4 + X5 + X7 + X8 + X9 + X11 + X15 + X21 + X22 + X24 + X25 + X26 + X27
X22*X7 + X26*X10 + X26*X15 + X26*X17 + X26*X18 + X26*X19 + X26*X21 + X26*X23 + X26*X24 + X27*X1 + X27*X4 + X27*X9 + X27*X10 + X27*X11 + X27*X12 + X27*X14 + X27*X16 + X27*X20 + X27*X21 + X27*X22 + X27*X25 + X1 + X5 + X10 + X13 + X15 + X17 + X18 + X19 + X22 + X23 + X26 + X27
X22*X6 + X26*X10 + X26*X14 + X26*X16 + X26*X19 + X26*X21 + X26*X22 + X26*X23 + X26*X24 + X26*X25 + X27*X2 + X27*X3 + X27*X4 + X27*X5 + X27*X8 + X27*X10 + X27*X12 + X27*X15 + X27*X17 + X27*X18 + X27*X19 + X27*X21 + X27*X23 + X27*X25 + X27*X26 + X2 + X5 + X7 + X8 + X9 + X10 + X13 + X16 + X18 + X19 + X22 + X24 + X25 + X26 + X27 + 1
X22*X5 + X26*X12 + X26*X15 + X26*X22 + X26*X23 + X27*X1 + X27*X2 + X27*X3 + X27*X4 + X27*X5 + X27*X6 + X27*X7 + X27*X9 + X27*X12 + X27*X14 + X27*X17 + X27*X20 + X27*X21 + X27*X22 + X27*X26 + X3 + X8 + X9 + X10 + X11 + X16 + X19 + X20 + X21 + X24 + X25 + X26 + X27 + 1
X22*X4 + X26*X10 + X26*X14 + X26*X15 + X26*X16 + X26*X17 + X26*X18 + X26*X19 + X26*X21 + X26*X22 + X27*X1 + X27*X5 + X27*X6 + X27*X7 + X27*X8 + X27*X9 + X27*X10 + X27*X17 + X27*X18 + X27*X19 + X27*X21 + X27*X22 + X2 + X3 + X4 + X6 + X7 + X9 + X12 + X13 + X15 + X18 + X19 + X22 + X25 + X27 + 1
X22*X3 + X26*X12 + X26*X14 + X26*X15 + X26*X16 + X26*X17 + X26*X18 + X26*X20 + X26*X22 + X26*X24 + X27*X1 + X27*X6 + X27*X10 + X27*X11 + X27*X14 + X27*X16 + X27*X18 + X27*X24 + X1 + X4 + X6 + X7 + X9 + X10 + X12 + X13 + X14 + X15 + X16 + X17 + X18 + X19 + X20 + X21 + X23 + X26
X22*X2 + X26*X10 + X26*X14 + X26*X15 + X26*X17 + X26*X19 + X26*X20 + X26*X21 + X26*X23 + X26*X24 + X26*X25 + X27*X5 + X27*X6 + X27*X10 + X27*X11 + X27*X12 + X27*X13 + X27*X15 + X27*X16 + X27*X18 + X27*X21 + X27*X24 + X27*X25 + X2 + X3 + X4 + X9 + X10 + X12 + X14 + X15 + X19 + X20 + X22 + X23 + X25 + X26 + X27 + 1
X22*X1 + X26*X16 + X26*X17 + X26*X18 + X26*X19 + X26*X24 + X27*X2 + X27*X3 + X27*X4 + X27*X6 + X27*X8 + X27*X9 + X27*X13 + X27*X14 + X27*X17 + X27*X19 + X27*X22 + X27*X25 + X3 + X4 + X6 + X7 + X8 + X15 + X16 + X20 + X21 + X23 + X25 + X26 + X27 + 1
X21^2 + X21
X21*X20 + X26*X14 + X26*X16 + X26*X18 + X26*X19 + X26*X21 + X26*X22 + X26*X25 + X27*X1 + X27*X2 + X27*X5 + X27*X6 + X27*X7 + X27*X8 + X27*X9 + X27*X10 + X27*X11 + X27*X12 + X27*X13 + X27*X14 + X27*X15 + X27*X16 + X27*X21 + X27*X24 + X27*X25 + X27*X26 + X6 + X10 + X11 + X16 + X17 + X24 + X25 + X26 + X27 + 1
X21*X19 + X26*X12 + X26*X15 + X26*X17 + X26*X24 + X26*X25 + X27*X3 + X27*X4 + X27*X5 + X27*X6 + X27*X7 + X27*X12 + X27*X16 + X27*X19 + X27*X21 + X27*X23 + X1 + X2 + X10 + X11 + X16 + X17 + X18 + X21 + X22 + X24 + X25
X21*X18 + X26*X12 + X26*X14 + X26*X16 + X26*X24 + X26*X25 + X27*X2 + X27*X4 + X27*X6 + X27*X7 + X27*X9 + X27*X10 + X27*X12 + X27*X14 + X27*X16 + X27*X19 + X27*X22 + X27*X23 + X27*X24 + X27*X26 + X2 + X6 + X7 + X9 + X10 + X11 + X12 + X14 + X15 + X16 + X18 + X19 + X20 + X21 + X23 + X25 + X26 + X27 + 1
X21*X17 + X26*X12 + X26*X14 + X26*X15 + X26*X16 + X26*X18 + X26*X19 + X26*X20 + X26*X21 + X26*X22 + X26*X23 + X27*X1 + X27*X2 + X27*X5 + X27*X9 + X27*X11 + X27*X13 + X27*X15 + X27*X21 + X27*X23 + X27*X24 + X27*X25 + X2 + X3 + X4 + X5 + X6 + X9 + X10 + X11 + X13 + X16 + X18 + X21 + X24 + X27 + 1
X21*X16 + X26*X12 + X26*X14 + X26*X16 + X26*X20 + X26*X22 + X26*X23 + X27*X2 + X27*X3 + X27*X4 + X27*X5 + X27*X7 + X27*X12 + X27*X13 + X27*X14 + X27*X15 + X27*X16 + X27*X17 + X27*X18 + X27*X19 + X27*X20 + X27*X23 + X1 + X3 + X4 + X7 + X9 + X11 + X12 + X14 + X15 + X17 + X18 + X19 + X20 + X22 + X23 + X24 + X26 + X27 + 1
X21*X15 + X26*X10 + X26*X12 + X26*X18 + X26*X19 + X26*X20 + X26*X23 + X27*X1 + X27*X2 + X27*X3 + X27*X7 + X27*X9 + X27*X10 + X27*X11 + X27*X12 + X27*X13 + X27*X16 + X27*X17 + X27*X18 + X27*X19 + X27*X20 + X27*X21 + X27*X24 + X27*X25 + X1 + X3 + X4 + X8 + X10 + X14 + X16 + X17 + X18 + X19 + X22 + X23 + X25 + X26
X21*X14 + X26*X10 + X26*X12 + X26*X14 + X26*X15 + X26*X16 + X26*X18 + X26*X20 + X26*X23 + X26*X24 + X26*X25 + X27*X1 + X27*X3 + X27*X5 + X27*X6 + X27*X7 + X27*X8 + X27*X12 + X27*X13 + X27*X14 + X27*X15 + X27*X20 + X27*X22 + X27*X26 + X2 + X5 + X7 + X11 + X13 + X15 + X16 + X19 + X22 + X23 + X24 + X25 + X26 + X27 + 1
X21*X13 + X26*X14 + X26*X16 + X26*X17 + X26*X18 + X26*X21 + X26*X22 + X26*X25 + X27*X2 + X27*X3 + X27*X4 + X27*X5 + X27*X6 + X27*X7 + X27*X12 + X27*X15 + X27*X16 + X27*X17 + X27*X18 + X27*X19 + X27*X20 + X27*X21 + X27*X22 + X27*X23 + X27*X24 + X3 + X4 + X5 + X6 + X13 + X14 + X15 + X16 + X18 + X19 + 1
X21*X12 + X26*X10 + X26*X12 + X26*X14 + X26*X16 + X26*X18 + X26*X19 + X26*X20 + X26*X22 + X26*X24 + X26*X25 + X27*X2 + X27*X4 + X27*X6 + X27*X8 + X27*X10 + X27*X13 + X27*X16 + X27*X23 + X27*X24 + X1 + X4 + X5 + X6 + X7 + X8 + X9 + X12 + X14 + X15 + X17 + X19 + X20 + X21 + X22 + X24 + X26
X21*X11 + X26*X10 + X26*X12 + X26*X14 + X26*X16 + X26*X20 + X26*X21 + X26*X22 + X26*X24 + X27*X1 + X27*X3 + X27*X5 + X27*X6 + X27*X8 + X27*X10 + X27*X12 + X27*X13 + X27*X14 + X27*X15 + X27*X18 + X27*X26 + X1 + X2 + X3 + X4 + X5 + X6 + X7 + X8 + X12 + X22 + X24
X21*X10 + X26*X10 + X26*X12 + X26*X14 + X26*X15 + X26*X16 + X26*X18 + X26*X19 + X26*X20 + X26*X23 + X27*X2 + X27*X3 + X27*X5 + X27*X8 + X27*X10 + X27*X12 + X27*X14 + X27*X15 + X27*X16 + X27*X17 + X27*X18 + X27*X22 + X27*X23 + X27*X24 + X27*X25 + X27*X26 + X2 + X3 + X4 + X5 + X9 + X12 + X14 + X15 + X16 + X17 + X21 + X22 + X24
X21*X9 + X26*X15 + X26*X16 + X26*X20 + X27*X2 + X27*X4 + X27*X5 + X27*X6 + X27*X8 + X27*X11 + X27*X13 + X27*X15 + X27*X17 + X27*X19 + X27*X22 + X27*X23 + X27*X24 + X1 + X2 + X6 + X7 + X9 + X11 + X13 + X15 + X17 + X21 + X22 + X25 + X27
X21*X8 + X26*X14 + X26*X16 + X26*X17 + X26*X19 + X26*X22 + X26*X23 + X26*X25 + X27*X1 + X27*X2 + X27*X3 + X27*X5 + X27*X7 + X27*X9 + X27*X17 + X27*X18 + X27*X20 + X27*X21 + X27*X22 + X27*X23 + X27*X24 + X1 + X5 + X7 + X8 + X11 + X13 + X16 + X17 + X19 + X20 + X21 + X24 + X26
X21*X7 + X26*X12 + X26*X15 + X26*X16 + X26*X19 + X26*X20 + X26*X21 + X26*X23 + X26*X24 + X26*X25 + X27*X1 + X27*X2 + X27*X4 + X27*X5 + X27*X10 + X27*X15 + X27*X16 + X27*X19 + X27*X20 + X27*X23 + X27*X24 + X1 + X3 + X5 + X7 + X9 + X10 + X12 + X14 + X16 + X17 + X19 + X21 + X22 + X23 + 1
X21*X6 + X26*X10 + X26*X12 + X26*X14 + X26*X15 + X26*X18 + X26*X19 + X26*X20 + X26*X24 + X26*X25 + X27*X1 + X27*X2 + X27*X5 + X27*X6 + X27*X8 + X27*X10 + X27*X12 + X27*X13 + X27*X14 + X27*X17 + X27*X18 + X27*X19 + X27*X20 + X27*X21 + X27*X23 + X27*X24 + X27*X25 + X1 + X2 + X4 + X8 + X10 + X11 + X12 + X14 + X18 + X19 + X21 + X22 + X24 + X25 + X26 + 1
X21*X5 + X26*X14 + X26*X15 + X26*X18 + X26*X19 + X26*X22 + X26*X23 + X27*X1 + X27*X2 + X27*X3 + X27*X4 + X27*X5 + X27*X6 + X27*X9 + X27*X10 + X27*X14 + X27*X20 + X27*X23 + X27*X24 + X27*X25 + X27*X26 + X3 + X4 + X6 + X7 + X9 + X10 + X11 + X12 + X14 + X16 + X18 + X19 + X21 + X22 + X23 + X24 + X25 + X27
X21*X4 + X26*X10 + X26*X14 + X26*X15 + X26*X17 + X26*X18 + X26*X20 + X26*X22 + X26*X23 + X26*X24 + X27*X1 + X27*X2 + X27*X3 + X27*X5 + X27*X6 + X27*X7 + X27*X8 + X27*X13 + X27*X15 + X27*X16 + X27*X17 + X27*X18 + X27*X19 + X27*X20 + X27*X22 + X27*X26 + X3 + X5 + X7 + X12 + X14 + X15 + X16 + X19 + X22 + X23 + X24 + X25 + X27 + 1
X21*X3 + X26*X12 + X26*X14 + X26*X15 + X26*X16 + X26*X17 + X26*X19 + X26*X22 + X26*X24 + X26*X25 + X27*X2 + X27*X3 + X27*X5 + X27*X6 + X27*X7 + X27*X10 + X27*X11 + X27*X14 + X27*X16 + X27*X17 + X27*X18 + X27*X19 + X27*X21 + X27*X24 + X27*X26 + X1 + X2 + X3 + X6 + X8 + X9 + X12 + X16 + X18 + X19 + X20 + X23 + X25 + X26
X21*X2 + X26*X12 + X26*X14 + X26*X15 + X26*X16 + X26*X18 + X26*X19 + X26*X20 + X26*X21 + X26*X24 + X26*X25 + X27*X1 + X27*X2 + X27*X7 + X27*X9 + X27*X10 + X27*X12 + X27*X13 + X27*X14 + X27*X15 + X27*X16 + X27*X18 + X27*X19 + X27*X25 + X11 + X12 + X13 + X15 + X17 + X21 + X23 + 1
X21*X1 + X26*X17 + X26*X24 + X26*X25 + X27*X1 + X27*X4 + X27*X5 + X27*X6 + X27*X9 + X27*X10 + X27*X13 + X27*X14 + X27*X15 + X27*X16 + X27*X17 + X27*X19 + X27*X20 + X27*X21 + X27*X22 + X27*X24 + X2 + X3 + X7 + X16 + X19 + X20 + X23 + X24 + X25 + X26
X20^2 + X20
X20*X19 + X26*X12 + X26*X17 + X26*X20 + X26*X21 + X26*X22 + X26*X25 + X27*X1 + X27*X3 + X27*X5 + X27*X6 + X27*X7 + X27*X9 + X27*X14 + X27*X15 + X27*X16 + X27*X17 + X27*X20 + X27*X23 + X27*X25 + X1 + X3 + X4 + X5 + X7 + X10 + X11 + X12 + X16 + X17 + X18 + X19 + X23 + X24
X20*X18 + X26*X10 + X26*X12 + X26*X14 + X26*X19 + X26*X20 + X26*X21 + X26*X25 + X27*X2 + X27*X4 + X27*X5 + X27*X6 + X27*X8 + X27*X9 + X27*X10 + X27*X11 + X27*X13 + X27*X16 + X27*X22 + X27*X23 + X27*X24 + X27*X26 + X1 + X3 + X4 + X6 + X8 + X10 + X11 + X12 + X14 + X15 + X18 + X19 + X21 + X23 + X24 + X26 + 1
X20*X17 + X26*X10 + X26*X12 + X26*X14 + X26*X17 + X26*X18 + X26*X20 + X26*X22 + X26*X25 + X27*X1 + X27*X5 + X27*X6 + X27*X7 + X27*X8 + X27*X9 + X27*X10 + X27*X11 + X27*X12 + X27*X14 + X27*X18 + X27*X23 + X27*X24 + X27*X26 + X1 + X2 + X6 + X7 + X8 + X10 + X13 + X16 + X18 + X19 + X21 + X22 + X24 + X25 + X26
X20*X16 + X26*X14 + X26*X18 + X26*X19 + X26*X20 + X26*X23 + X26*X25 + X27*X6 + X27*X9 + X27*X10 + X27*X13 + X27*X16 + X27*X18 + X27*X19 + X27*X21 + X27*X22 + X27*X24 + X27*X26 + X6 + X10 + X11 + X12 + X13 + X15 + X16 + X17 + X22 + X25 + X27 + 1
X20*X15 + X26*X10 + X26*X12 + X26*X16 + X26*X19 + X26*X20 + X26*X23 + X26*X25 + X27*X5 + X27*X7 + X27*X8 + X27*X11 + X27*X13 + X27*X15 + X27*X16 + X27*X17 + X27*X18 + X27*X19 + X27*X22 + X27*X23 + X27*X26 + X1 + X2 + X3 + X4 + X7 + X8 + X9 + X10 + X11 + X13 + X14 + X17 + X18 + X19 + X20 + X21 + X23 + X24 + X27
X20*X14 + X26*X10 + X26*X15 + X26*X18 + X26*X20 + X26*X21 + X26*X23 + X26*X24 + X26*X25 + X27*X3 + X27*X6 + X27*X7 + X27*X8 + X27*X10 + X27*X13 + X27*X16 + X27*X17 + X27*X18 + X27*X19 + X27*X20 + X27*X21 + X27*X25 + X1 + X7 + X10 + X12 + X13 + X14 + X15 + X16 + X17 + X18 + X19 + X25 + X26 + X27 + 1
X20*X13 + X26*X10 + X26*X15 + X26*X19 + X26*X22 + X26*X23 + X26*X25 + X27*X3 + X27*X5 + X27*X10 + X27*X11 + X27*X16 + X27*X17 + X27*X18 + X27*X21 + X27*X22 + X27*X23 + X27*X24 + X27*X25 + X27*X26 + X2 + X5 + X6 + X7 + X8 + X12 + X14 + X15 + X17 + X18 + X19 + X22
X20*X12 + X26*X18 + X26*X20 + X26*X21 + X26*X23 + X26*X25 + X27*X1 + X27*X4 + X27*X7 + X27*X10 + X27*X11 + X27*X12 + X27*X13 + X27*X14 + X27*X15 + X27*X16 + X27*X20 + X27*X21 + X27*X22 + X27*X23 + X27*X26 + X2 + X3 + X4 + X8 + X10 + X11 + X12 + X21 + X24 + X27 + 1
X20*X11 + X26*X19 + X26*X25 + X27*X1 + X27*X2 + X27*X3 + X27*X5 + X27*X7 + X27*X10 + X27*X15 + X27*X18 + X27*X20 + X27*X21 + X27*X23 + X27*X25 + X2 + X4 + X5 + X6 + X8 + X9 + X13 + X15 + X24 + X25 + 1
X20*X10 + X26*X10 + X26*X12 + X26*X14 + X26*X16 + X26*X17 + X26*X22 + X26*X25 + X27*X1 + X27*X3 + X27*X4 + X27*X7 + X27*X10 + X27*X12 + X27*X13 + X27*X16 + X27*X17 + X27*X19 + X27*X23 + X27*X24 + X2 + X11 + X13 + X14 + X16 + X17 + X19 + X23 + X24 + X25 + X26 + 1
X20*X9 + X26*X12 + X26*X14 + X26*X15 + X26*X17 + X26*X18 + X26*X19 + X26*X20 + X26*X22 + X26*X23 + X26*X24 + X27*X1 + X27*X2 + X27*X3 + X27*X4 + X27*X5 + X27*X6 + X27*X7 + X27*X8 + X27*X9 + X27*X11 + X27*X12 + X27*X17 + X27*X19 + X27*X23 + X27*X24 + X27*X25 + X27*X26 + X5 + X7 + X10 + X11 + X12 + X16 + X18 + X20 + X22 + X23 + X24 + X27 + 1
X20*X8 + X26*X10 + X26*X17 + X26*X20 + X26*X23 + X26*X24 + X26*X25 + X27*X1 + X27*X5 + X27*X7 + X27*X9 + X27*X11 + X27*X12 + X27*X13 + X27*X14 + X27*X15 + X27*X18 + X27*X19 + X27*X20 + X27*X21 + X27*X22 + X27*X23 + X27*X24 + X27*X25 + X1 + X2 + X3 + X6 + X8 + X10 + X11 + X19 + X20 + X21 + X22 + X24 + X27 + 1
X20*X7 + X26*X16 + X26*X17 + X26*X18 + X26*X21 + X26*X22 + X26*X24 + X26*X25 + X27*X1 + X27*X2 + X27*X3 + X27*X4 + X27*X6 + X27*X7 + X27*X10 + X27*X11 + X27*X12 + X27*X13 + X27*X15 + X27*X23 + X27*X24 + X27*X25 + X1 + X5 + X6 + X7 + X12 + X15 + X17 + X18 + X19 + X25 + X26 + X27 + 1
X20*X6 + X26*X12 + X26*X15 + X26*X16 + X26*X17 + X26*X18 + X26*X19 + X26*X21 + X26*X22 + X27*X1 + X27*X2 + X27*X3 + X27*X4 + X27*X7 + X27*X9 + X27*X10 + X27*X11 + X27*X12 + X27*X15 + X27*X18 + X27*X20 + X27*X22 + X27*X23 + X3 + X6 + X7 + X9 + X10 + X11 + X12 + X13 + X16 + X17 + X18 + X19 + X20 + X21 + X27 + 1
X20*X5 + X26*X10 + X26*X17 + X26*X19 + X26*X23 + X26*X24 + X26*X25 + X27*X1 + X27*X6 + X27*X7 + X27*X9 + X27*X11 + X27*X13 + X27*X14 + X27*X16 + X27*X17 + X27*X20 + X27*X21 + X27*X22 + X27*X23 + X1 + X2 + X5 + X15 + X16 + X22 + X26 + 1
X20*X4 + X26*X12 + X26*X17 + X26*X22 + X26*X23 + X26*X24 + X27*X3 + X27*X5 + X27*X6 + X27*X7 + X27*X9 + X27*X11 + X27*X13 + X27*X14 + X27*X15 + X27*X18 + X27*X23 + X1 + X3 + X4 + X5 + X7 + X8 + X9 + X12 + X13 + X15 + X17 + X18 + X19 + X21 + X24 + X26 + 1
X20*X3 + X26*X12 + X26*X14 + X26*X16 + X26*X17 + X26*X18 + X26*X20 + X26*X23 + X26*X25 + X27*X2 + X27*X6 + X27*X10 + X27*X12 + X27*X13 + X27*X15 + X27*X16 + X27*X17 + X27*X18 + X27*X24 + X27*X26 + X1 + X3 + X5 + X7 + X9 + X10 + X12 + X13 + X17 + X18 + X19 + X21 + X22 + X23 + X25
X20*X2 + X26*X15 + X26*X16 + X26*X17 + X26*X18 + X26*X20 + X26*X21 + X26*X23 + X26*X24 + X26*X25 + X27*X1 + X27*X2 + X27*X11 + X27*X13 + X27*X16 + X27*X17 + X27*X18 + X27*X25 + X27*X26 + X2 + X10 + X14 + X16 + X17 + X21 + X22 + X24 + X26
X20*X1 + X26*X10 + X26*X14 + X26*X19 + X26*X21 + X26*X22 + X27*X1 + X27*X2 + X27*X3 + X27*X5 + X27*X8 + X27*X11 + X27*X13 + X27*X15 + X27*X20 + X27*X23 + X27*X25 + X2 + X3 + X5 + X7 + X9 + X10 + X11 + X12 + X15 + X18 + X19 + X20 + X25 + X27
X19^2 + X19
X19*X18 + X26*X10 + X26*X20 + X26*X21 + X26*X23 + X26*X24 + X26*X25 + X27*X2 + X27*X4 + X27*X5 + X27*X7 + X27*X9 + X27*X10 + X27*X11 + X27*X12 + X27*X13 + X27*X15 + X27*X16 + X27*X17 + X27*X21 + X27*X22 + X27*X26 + X1 + X2 + X6 + X7 + X11 + X12 + X15 + X16 + X17 + X18 + X19 + X20 + X24 + X25 + X26 + 1
X19*X17 + X26*X10 + X26*X17 + X26*X18 + X26*X19 + X26*X21 + X26*X23 + X26*X24 + X27*X2 + X27*X3 + X27*X7 + X27*X9 + X27*X12 + X27*X13 + X27*X16 + X27*X17 + X27*X18 + X27*X22 + X27*X23 + X27*X24 + X27*X25 + X27*X26 + X1 + X2 + X3 + X8 + X9 + X13 + X16 + X19 + X20 + X22 + X23 + X25 + X26 + X27
X19*X16 + X26*X12 + X26*X14 + X26*X15 + X26*X21 + X26*X23 + X26*X25 + X27*X5 + X27*X6 + X27*X9 + X27*X10 + X27*X14 + X27*X15 + X27*X19 + X27*X20 + X27*X23 + X27*X24 + X27*X25 + X27*X26 + X3 + X10 + X12 + X13 + X14 + X15 + X16 + X20 + X22 + X25 + X26
X19*X15 + X26*X10 + X26*X12 + X26*X16 + X26*X17 + X26*X19 + X26*X20 + X26*X22 + X26*X23 + X26*X25 + X27*X1 + X27*X2 + X27*X5 + X27*X6 + X27*X9 + X27*X11 + X27*X14 + X27*X16 + X27*X17 + X27*X18 + X27*X20 + X27*X21 + X27*X23 + X27*X25 + X27*X26 + X1 + X2 + X3 + X4 + X6 + X8 + X12 + X14 + X16 + X17 + X18 + X19 + X20 + X22 + X23 + X24 + X25 + X26 + X27 + 1
X19*X14 + X26*X12 + X26*X14 + X26*X16 + X26*X17 + X26*X19 + X26*X22 + X26*X24 + X26*X25 + X27*X1 + X27*X3 + X27*X4 + X27*X5 + X27*X7 + X27*X8 + X27*X10 + X27*X11 + X27*X13 + X27*X14 + X27*X15 + X27*X16 + X27*X17 + X27*X18 + X27*X19 + X27*X20 + X27*X21 + X27*X23 + X27*X24 + X27*X25 + X1 + X2 + X3 + X4 + X5 + X6 + X7 + X11 + X12 + X14 + X15 + X19 + X20 + X21 + X23 + X24 + X26 + 1
X19*X13 + X26*X14 + X26*X15 + X26*X16 + X26*X17 + X26*X22 + X26*X23 + X26*X24 + X26*X25 + X27*X2 + X27*X4 + X27*X5 + X27*X6 + X27*X9 + X27*X11 + X27*X13 + X27*X14 + X27*X16 + X27*X17 + X27*X18 + X27*X20 + X27*X21 + X27*X23 + X1 + X2 + X7 + X9 + X10 + X12 + X13 + X14 + X17 + X18 + X22 + X26 + 1
X19*X12 + X26*X10 + X26*X14 + X26*X17 + X26*X18 + X26*X19 + X26*X24 + X26*X25 + X27*X2 + X27*X3 + X27*X7 + X27*X8 + X27*X9 + X27*X10 + X27*X11 + X27*X12 + X27*X13 + X27*X15 + X27*X18 + X27*X19 + X27*X20 + X27*X21 + X27*X23 + X1 + X4 + X6 + X8 + X9 + X10 + X11 + X15 + X19 + X21 + X22 + X23 + X25 + X26
X19*X11 + X26*X10 + X26*X14 + X26*X15 + X26*X16 + X26*X17 + X26*X18 + X26*X20 + X26*X21 + X26*X22 + X26*X24 + X26*X25 + X27*X1 + X27*X2 + X27*X9 + X27*X10 + X27*X14 + X27*X15 + X27*X16 + X27*X17 + X27*X18 + X27*X19 + X27*X20 + X27*X21 + X27*X22 + X27*X23 + X27*X24 + X3 + X7 + X10 + X11 + X14 + X15 + X16 + X21 + X25 + X26 + 1
X19*X10 + X26*X10 + X26*X14 + X26*X17 + X26*X18 + X26*X21 + X26*X23 + X27*X1 + X27*X5 + X27*X6 + X27*X11 + X27*X12 + X27*X15 + X27*X16 + X27*X17 + X27*X22 + X27*X23 + X27*X24 + X27*X26 + X2 + X3 + X7 + X8 + X10 + X11 + X15 + X18 + X21 + X25 + X27 + 1
X19*X9 + X26*X14 + X26*X15 + X26*X18 + X26*X19 + X26*X20 + X26*X21 + X26*X22 + X27*X1 + X27*X2 + X27*X4 + X27*X5 + X27*X8 + X27*X11 + X27*X12 + X27*X14 + X27*X16 + X27*X21 + X27*X23 + X2 + X4 + X6 + X7 + X9 + X12 + X13 + X14 + X15 + X17 + X18 + X22 + X27 + 1
X19*X8 + X26*X12 + X26*X15 + X26*X17 + X26*X20 + X26*X21 + X26*X25 + X27*X1 + X27*X8 + X27*X9 + X27*X10 + X27*X11 + X27*X20 + X27*X22 + X27*X23 + X27*X24 + X1 + X2 + X5 + X7 + X8 + X10 + X12 + X13 + X18 + X23 + X24 + X27 + 1
X19*X7 + X26*X10 + X26*X15 + X26*X19 + X26*X21 + X26*X22 + X26*X25 + X27*X2 + X27*X5 + X27*X7 + X27*X9 + X27*X10 + X27*X11 + X27*X13 + X27*X14 + X27*X16 + X27*X17 + X27*X18 + X27*X21 + X27*X22 + X27*X25 + X27*X26 + X1 + X2 + X7 + X9 + X11 + X12 + X14 + X15 + X16 + X17 + X18 + X19 + X21 + X22 + X23 + X24 + X26 + 1
X19*X6 + X26*X10 + X26*X12 + X26*X15 + X26*X17 + X26*X20 + X26*X23 + X26*X25 + X27*X1 + X27*X2 + X27*X6 + X27*X7 + X27*X8 + X27*X9 + X27*X12 + X27*X13 + X27*X15 + X27*X17 + X27*X18 + X27*X19 + X27*X22 + X27*X23 + X27*X25 + X1 + X2 + X3 + X4 + X7 + X14 + X18 + X20 + X21 + X25 + X26 + 1
X19*X5 + X26*X10 + X26*X15 + X26*X17 + X26*X21 + X26*X23 + X27*X1 + X27*X4 + X27*X7 + X27*X8 + X27*X10 + X27*X14 + X27*X16 + X27*X18 + X27*X20 + X27*X21 + X27*X25 + X1 + X2 + X3 + X5 + X6 + X7 + X8 + X12 + X16 + X17 + X20 + X21 + X22 + X24 + X25 + X26 + 1
X19*X4 + X26*X15 + X26*X17 + X26*X18 + X26*X19 + X26*X20 + X26*X23 + X26*X25 + X27*X4 + X27*X6 + X27*X7 + X27*X8 + X27*X10 + X27*X12 + X27*X13 + X27*X16 + X27*X19 + X27*X22 + X1 + X4 + X5 + X7 + X11 + X12 + X14 + X17 + X19 + X20 + X22 + X24 + X25 + 1
X19*X3 + X26*X14 + X26*X15 + X26*X17 + X26*X18 + X26*X22 + X26*X23 + X27*X6 + X27*X7 + X27*X8 + X27*X9 + X27*X10 + X27*X12 + X27*X13 + X27*X17 + X27*X18 + X27*X19 + X27*X20 + X27*X21 + X27*X26 + X3 + X5 + X6 + X7 + X8 + X9 + X10 + X11 + X15 + X17 + X22 + X25 + X27 + 1
X19*X2 + X26*X10 + X26*X16 + X26*X17 + X26*X18 + X26*X20 + X26*X22 + X26*X23 + X26*X24 + X27*X3 + X27*X5 + X27*X7 + X27*X12 + X27*X13 + X27*X15 + X27*X18 + X27*X19 + X27*X21 + X27*X22 + X27*X26 + X2 + X4 + X5 + X7 + X9 + X11 + X12 + X14 + X15 + X17 + X18 + X19 + X22 + X24 + X25 + X27
X19*X1 + X26*X12 + X26*X15 + X26*X19 + X26*X25 + X27*X1 + X27*X5 + X27*X6 + X27*X9 + X27*X10 + X27*X11 + X27*X12 + X27*X13 + X27*X14 + X27*X15 + X27*X17 + X27*X19 + X27*X22 + X27*X26 + X2 + X3 + X5 + X7 + X14 + X16 + X18 + X20 + X23 + X27
X18^2 + X18
X18*X17 + X26*X10 + X26*X14 + X26*X16 + X26*X17 + X26*X18 + X26*X22 + X26*X24 + X27*X1 + X27*X2 + X27*X3 + X27*X7 + X27*X11 + X27*X12 + X27*X17 + X27*X19 + X27*X23 + X27*X25 + X1 + X3 + X4 + X7 + X8 + X9 + X12 + X15 + X16 + X18 + X19 + X21 + X22 + X26 + X27 + 1
X18*X16 + X26*X12 + X26*X16 + X26*X18 + X26*X20 + X27*X1 + X27*X3 + X27*X4 + X27*X5 + X27*X8 + X27*X10 + X27*X12 + X27*X16 + X27*X18 + X27*X19 + X27*X20 + X27*X21 + X27*X24 + X27*X26 + X1 + X5 + X7 + X8 + X9 + X10 + X12 + X13 + X16 + X18 + X19 + X20 + X23
X18*X15 + X26*X10 + X26*X12 + X26*X17 + X26*X18 + X26*X19 + X26*X24 + X26*X25 + X27*X2 + X27*X3 + X27*X4 + X27*X5 + X27*X6 + X27*X9 + X27*X10 + X27*X11 + X27*X12 + X27*X16 + X27*X21 + X27*X22 + X27*X25 + X1 + X2 + X3 + X11 + X13 + X16 + X17 + X18 + X21 + X23 + X24 + X26
X18*X14 + X26*X12 + X26*X15 + X26*X17 + X26*X18 + X26*X20 + X26*X21 + X26*X22 + X26*X25 + X27*X4 + X27*X5 + X27*X8 + X27*X13 + X27*X14 + X27*X15 + X27*X20 + X27*X21 + X27*X24 + X2 + X3 + X4 + X6 + X10 + X11 + X12 + X13 + X17 + X18 + X20 + X21 + X24 + X26 + X27
X18*X13 + X26*X10 + X26*X12 + X26*X14 + X26*X15 + X26*X22 + X26*X23 + X27*X1 + X27*X2 + X27*X5 + X27*X6 + X27*X9 + X27*X10 + X27*X12 + X27*X13 + X27*X14 + X27*X17 + X27*X18 + X27*X19 + X27*X20 + X27*X23 + X27*X24 + X27*X26 + X1 + X7 + X8 + X9 + X11 + X12 + X14 + X15 + X16 + X18 + X21 + X22 + X26 + X27 + 1
X18*X12 + X26*X10 + X26*X12 + X26*X14 + X26*X17 + X26*X18 + X26*X19 + X26*X21 + X27*X1 + X27*X2 + X27*X3 + X27*X4 + X27*X5 + X27*X8 + X27*X9 + X27*X10 + X27*X13 + X27*X14 + X27*X16 + X27*X17 + X27*X20 + X27*X25 + X2 + X5 + X8 + X9 + X11 + X12 + X13 + X16 + X18 + X19 + X20 + X21 + X22 + X23 + X24 + 1
X18*X11 + X26*X10 + X26*X12 + X26*X15 + X26*X16 + X26*X17 + X26*X21 + X26*X23 + X26*X25 + X27*X4 + X27*X5 + X27*X7 + X27*X12 + X27*X14 + X27*X16 + X27*X22 + X27*X23 + X27*X26 + X2 + X4 + X5 + X8 + X10 + X11 + X14 + X16 + X17 + X18 + X19 + X20 + X21 + X22 + X26 + 1
X18*X10 + X26*X10 + X26*X17 + X26*X19 + X26*X21 + X26*X23 + X26*X24 + X27*X2 + X27*X3 + X27*X5 + X27*X6 + X27*X7 + X27*X13 + X27*X14 + X27*X17 + X27*X18 + X27*X19 + X27*X20 + X27*X22 + X27*X23 + X27*X24 + X27*X25 + X2 + X4 + X7 + X11 + X14 + X17 + X23 + X24 + X25 + X26
X18*X9 + X26*X10 + X26*X12 + X26*X15 + X26*X16 + X26*X18 + X26*X19 + X26*X20 + X27*X3 + X27*X5 + X27*X7 + X27*X8 + X27*X9 + X27*X10 + X27*X11 + X27*X12 + X27*X13 + X27*X20 + X27*X21 + X27*X24 + X27*X25 + X27*X26 + X4 + X5 + X6 + X7 + X9 + X10 + X12 + X15 + X16 + X17 + X18 + X22 + X25 + X27 + 1
X18*X8 + X26*X10 + X26*X12 + X26*X14 + X26*X15 + X26*X17 + X26*X19 + X26*X23 + X26*X24 + X26*X25 + X27*X3 + X27*X4 + X27*X9 + X27*X11 + X27*X13 + X27*X14 + X27*X16 + X27*X17 + X27*X18 + X27*X20 + X27*X21 + X27*X22 + X27*X23 + X2 + X3 + X5 + X6 + X8 + X9 + X10 + X11 + X12 + X14 + X15 + X16 + X19 + X22 + X27
X18*X7 + X26*X17 + X26*X18 + X26*X19 + X26*X21 + X26*X22 + X26*X25 + X27*X1 + X27*X5 + X27*X7 + X27*X8 + X27*X12 + X27*X14 + X27*X17 + X27*X18 + X27*X23 + X27*X25 + X27*X26 + X1 + X6 + X8 + X9 + X10 + X11 + X12 + X13 + X14 + X16 + X17 + X20 + X25 + 1
X18*X6 + X26*X14 + X26*X17 + X26*X21 + X26*X22 + X26*X23 + X26*X24 + X27*X1 + X27*X5 + X27*X6 + X27*X7 + X27*X13 + X27*X14 + X27*X17 + X27*X18 + X27*X19 + X27*X20 + X27*X22 + X27*X23 + X27*X24 + X27*X25 + X3 + X4 + X6 + X7 + X8 + X11 + X12 + X16 + X17 + X18 + X22 + X23 + X24 + X26
X18*X5 + X26*X10 + X26*X16 + X26*X17 + X26*X18 + X26*X21 + X26*X22 + X26*X24 + X26*X25 + X27*X2 + X27*X12 + X27*X13 + X27*X14 + X27*X17 + X27*X22 + X27*X23 + X27*X25 + X27*X26 + X4 + X5 + X9 + X10 + X12 + X16 + X18 + X19 + X21 + X22 + X24 + X25 + X26
X18*X4 + X26*X12 + X26*X14 + X26*X16 + X26*X17 + X26*X19 + X26*X21 + X27*X6 + X27*X8 + X27*X9 + X27*X11 + X27*X12 + X27*X13 + X27*X18 + X27*X20 + X27*X22 + X27*X24 + X27*X25 + X1 + X3 + X5 + X6 + X9 + X10 + X13 + X14 + X16 + X17 + X19 + X24 + X25 + X26
X18*X3 + X26*X12 + X26*X17 + X26*X18 + X26*X20 + X26*X21 + X26*X22 + X27*X2 + X27*X3 + X27*X5 + X27*X10 + X27*X12 + X27*X15 + X27*X17 + X27*X19 + X27*X21 + X27*X22 + X27*X25 + X5 + X6 + X7 + X11 + X14 + X18 + X23 + X27 + 1
X18*X2 + X26*X16 + X26*X17 + X26*X19 + X26*X24 + X27*X3 + X27*X4 + X27*X6 + X27*X7 + X27*X10 + X27*X12 + X27*X14 + X27*X15 + X27*X16 + X27*X17 + X27*X18 + X27*X19 + X27*X21 + X27*X22 + X27*X23 + X27*X25 + X1 + X5 + X7 + X10 + X11 + X12 + X17 + X18 + X19 + X20 + X21 + X23 + X24
X18*X1 + X26*X15 + X26*X20 + X26*X23 + X26*X25 + X27*X1 + X27*X2 + X27*X3 + X27*X4 + X27*X5 + X27*X7 + X27*X8 + X27*X10 + X27*X13 + X27*X18 + X27*X21 + X27*X24 + X27*X26 + X2 + X3 + X4 + X6 + X8 + X15 + X20 + X22 + X23 + X25 + 1
X17^2 + X17
X17*X16 + X26*X10 + X26*X15 + X26*X16 + X26*X18 + X26*X19 + X26*X20 + X26*X21 + X26*X22 + X26*X23 + X27*X3 + X27*X5 + X27*X6 + X27*X7 + X27*X8 + X27*X9 + X27*X10 + X27*X13 + X27*X15 + X27*X17 + X27*X21 + X27*X23 + X1 + X2 + X3 + X5 + X6 + X7 + X10 + X11 + X14 + X15 + X17 + X18 + X20 + X22 + X24 + X25 + X27
X17*X15 + X26*X12 + X26*X15 + X26*X18 + X26*X19 + X26*X20 + X26*X22 + X26*X23 + X26*X25 + X27*X1 + X27*X2 + X27*X4 + X27*X5 + X27*X7 + X27*X10 + X27*X18 + X27*X20 + X27*X21 + X27*X22 + X27*X24 + X27*X25 + X27*X26 + X2 + X3 + X4 + X7 + X8 + X10 + X12 + X13 + X16 + X17 + X24 + 1
X17*X14 + X26*X12 + X26*X18 + X26*X22 + X26*X24 + X27*X3 + X27*X4 + X27*X5 + X27*X7 + X27*X13 + X27*X14 + X27*X16 + X27*X17 + X27*X20 + X27*X21 + X27*X22 + X27*X24 + X27*X26 + X1 + X2 + X7 + X11 + X12 + X16 + X18 + X19 + X20 + X21 + X22 + X23 + X24 + X27
X17*X13 + X26*X10 + X26*X12 + X26*X14 + X26*X15 + X26*X16 + X26*X18 + X26*X21 + X26*X24 + X27*X2 + X27*X3 + X27*X5 + X27*X7 + X27*X10 + X27*X12 + X27*X13 + X27*X14 + X27*X16 + X27*X21 + X27*X22 + X27*X24 + X1 + X3 + X4 + X5 + X6 + X7 + X8 + X9 + X10 + X11 + X13 + X15 + X18 + X19 + X26
X17*X12 + X26*X10 + X26*X12 + X26*X15 + X26*X16 + X26*X17 + X26*X20 + X26*X21 + X26*X22 + X27*X1 + X27*X2 + X27*X3 + X27*X4 + X27*X5 + X27*X6 + X27*X7 + X27*X8 + X27*X14 + X27*X15 + X27*X16 + X27*X17 + X27*X20 + X27*X21 + X27*X22 + X27*X23 + X27*X26 + X2 + X5 + X7 + X11 + X12 + X13 + X14 + X15 + X16 + X18 + X19 + X22 + X23 + X24 + X27 + 1
X17*X11 + X26*X10 + X26*X14 + X26*X15 + X26*X17 + X26*X19 + X26*X21 + X26*X23 + X26*X24 + X26*X25 + X27*X5 + X27*X6 + X27*X11 + X27*X13 + X27*X14 + X27*X15 + X27*X16 + X27*X19 + X27*X23 + X27*X25 + X3 + X4 + X6 + X8 + X10 + X19 + X20 + X22 + X23 + X26
X17*X10 + X26*X14 + X26*X19 + X26*X20 + X26*X21 + X26*X24 + X26*X25 + X27*X2 + X27*X6 + X27*X8 + X27*X9 + X27*X10 + X27*X11 + X27*X12 + X27*X18 + X27*X19 + X27*X20 + X27*X21 + X27*X22 + X27*X24 + X27*X25 + X1 + X4 + X7 + X9 + X10 + X12 + X15 + X16 + X19 + X20 + X23 + X26
X17*X9 + X26*X10 + X26*X15 + X26*X16 + X26*X23 + X27*X1 + X27*X5 + X27*X8 + X27*X11 + X27*X12 + X27*X13 + X27*X15 + X27*X16 + X27*X17 + X27*X18 + X27*X19 + X27*X22 + X27*X23 + X27*X24 + X27*X25 + X1 + X6 + X7 + X9 + X13 + X14 + X17 + X22 + X23
X17*X8 + X26*X10 + X26*X12 + X26*X15 + X26*X16 + X26*X19 + X26*X20 + X26*X21 + X26*X25 + X27*X2 + X27*X4 + X27*X7 + X27*X8 + X27*X16 + X27*X19 + X27*X20 + X27*X22 + X27*X26 + X1 + X2 + X4 + X5 + X9 + X10 + X16 + X18 + X22 + X24 + X25 + X26 + X27
X17*X7 + X26*X10 + X26*X12 + X26*X15 + X26*X17 + X26*X18 + X26*X24 + X26*X25 + X27*X3 + X27*X6 + X27*X8 + X27*X10 + X27*X12 + X27*X14 + X27*X15 + X27*X16 + X27*X17 + X27*X18 + X27*X19 + X27*X20 + X27*X23 + X1 + X2 + X3 + X4 + X6 + X7 + X11 + X14 + X15 + X17 + X20 + X23 + X25 + 1
X17*X6 + X26*X10 + X26*X12 + X26*X14 + X26*X15 + X26*X17 + X26*X23 + X26*X24 + X26*X25 + X27*X1 + X27*X2 + X27*X3 + X27*X4 + X27*X5 + X27*X6 + X27*X8 + X27*X9 + X27*X11 + X27*X12 + X27*X13 + X27*X16 + X27*X17 + X27*X18 + X27*X22 + X27*X23 + X27*X24 + X5 + X8 + X12 + X14 + X15 + X17 + X18 + X20 + X21 + X22 + X23 + X24 + X25 + X26 + 1
X17*X5 + X26*X14 + X26*X17 + X26*X22 + X26*X25 + X27*X1 + X27*X2 + X27*X3 + X27*X4 + X27*X12 + X27*X13 + X27*X14 + X27*X16 + X27*X17 + X27*X18 + X27*X24 + X27*X25 + X27*X26 + X2 + X3 + X4 + X6 + X9 + X11 + X12 + X13 + X14 + X17 + X21 + X24 + X25 + X27
X17*X4 + X26*X10 + X26*X12 + X26*X14 + X26*X16 + X26*X17 + X26*X22 + X26*X25 + X27*X1 + X27*X2 + X27*X5 + X27*X15 + X27*X16 + X27*X20 + X27*X21 + X27*X22 + X27*X25 + X2 + X4 + X5 + X10 + X13 + X14 + X16 + X17 + X18 + X19 + X20 + X21 + X23 + X24 + X25 + X26 + 1
X17*X3 + X26*X15 + X26*X16 + X26*X17 + X26*X18 + X26*X19 + X26*X20 + X27*X2 + X27*X4 + X27*X5 + X27*X10 + X27*X11 + X27*X13 + X27*X15 + X27*X16 + X27*X17 + X27*X18 + X27*X20 + X27*X21 + X27*X22 + X27*X25 + X1 + X4 + X5 + X11 + X12 + X14 + X15 + X18 + X19 + X20 + X21 + X26 + 1
X17*X2 + X26*X12 + X26*X14 + X26*X16 + X26*X17 + X26*X18 + X26*X19 + X26*X25 + X27*X1 + X27*X11 + X27*X14 + X27*X15 + X27*X16 + X27*X19 + X27*X20 + X27*X21 + X27*X22 + X27*X25 + X27*X26 + X2 + X4 + X5 + X9 + X10 + X14 + X15 + X18 + X22 + X25 + X26 + X27
X17*X1 + X26*X16 + X26*X22 + X26*X25 + X27*X2 + X27*X6 + X27*X8 + X27*X11 + X27*X12 + X27*X14 + X27*X16 + X27*X17 + X27*X18 + X27*X19 + X27*X20 + X27*X25 + X1 + X5 + X6 + X9 + X11 + X12 + X13 + X14 + X15 + X18 + X20 + X21 + X22 + X24 + X25 + X27 + 1
X16^2 + X16
X16*X15 + X26*X12 + X26*X14 + X26*X15 + X26*X19 + X26*X20 + X26*X24 + X27*X1 + X27*X2 + X27*X3 + X27*X4 + X27*X6 + X27*X8 + X27*X9 + X27*X10 + X27*X11 + X27*X14 + X27*X17 + X27*X19 + X27*X21 + X27*X22 + X27*X25 + X27*X26 + X4 + X5 + X7 + X11 + X12 + X13 + X15 + X16 + X17 + X21 + X22 + X25 + X26 + X27
X16*X14 + X26*X12 + X26*X14 + X26*X15 + X26*X16 + X26*X18 + X26*X21 + X26*X23 + X26*X24 + X27*X1 + X27*X2 + X27*X7 + X27*X10 + X27*X11 + X27*X13 + X27*X15 + X27*X16 + X27*X17 + X27*X19 + X27*X20 + X27*X22 + X27*X23 + X27*X24 + X27*X26 + X1 + X2 + X4 + X5 + X8 + X10 + X11 + X12 + X13 + X18 + X20 + X21 + X23 + X24 + X25 + X27 + 1
X16*X13 + X26*X12 + X26*X14 + X26*X16 + X26*X17 + X26*X21 + X26*X25 + X27*X1 + X27*X2 + X27*X3 + X27*X4 + X27*X9 + X27*X11 + X27*X13 + X27*X15 + X27*X19 + X27*X20 + X27*X21 + X27*X23 + X27*X26 + X3 + X5 + X11 + X14 + X16 + X18 + X21 + X22 + X24 + X26 + X27
X16*X12 + X26*X10 + X26*X17 + X26*X20 + X26*X24 + X27*X1 + X27*X3 + X27*X4 + X27*X5 + X27*X7 + X27*X10 + X27*X11 + X27*X12 + X27*X13 + X27*X14 + X27*X15 + X27*X17 + X27*X18 + X27*X19 + X27*X20 + X27*X21 + X27*X22 + X27*X23 + X2 + X5 + X8 + X14 + X16 + X17 + X19 + X20 + X22 + X23 + 1
X16*X11 + X26*X14 + X26*X16 + X26*X17 + X26*X18 + X26*X19 + X26*X23 + X26*X25 + X27*X2 + X27*X3 + X27*X4 + X27*X5 + X27*X6 + X27*X8 + X27*X9 + X27*X12 + X27*X13 + X27*X14 + X27*X15 + X27*X16 + X27*X17 + X27*X18 + X27*X20 + X27*X26 + X1 + X3 + X5 + X8 + X13 + X14 + X15 + X16 + X17 + X19 + X20 + X22 + X26 + X27 + 1
X16*X10 + X26*X12 + X26*X14 + X26*X15 + X26*X16 + X26*X22 + X26*X23 + X26*X24 + X26*X25 + X27*X1 + X27*X2 + X27*X5 + X27*X10 + X27*X15 + X27*X16 + X27*X17 + X27*X18 + X27*X21 + X27*X22 + X27*X24 + X27*X25 + X27*X26 + X1 + X4 + X5 + X8 + X9 + X10 + X14 + X15 + X16 + X17 + X21 + X22 + X26 + X27
X16*X9 + X26*X14 + X26*X15 + X26*X19 + X26*X22 + X26*X23 + X26*X24 + X27*X3 + X27*X4 + X27*X5 + X27*X6 + X27*X7 + X27*X9 + X27*X10 + X27*X11 + X27*X12 + X27*X16 + X27*X17 + X27*X18 + X27*X22 + X27*X25 + X27*X26 + X2 + X4 + X5 + X6 + X8 + X9 + X10 + X13 + X14 + X16 + X17 + X20 + X21 + X23 + X25 + X26 + X27
X16*X8 + X26*X15 + X26*X17 + X26*X20 + X26*X21 + X27*X4 + X27*X6 + X27*X8 + X27*X9 + X27*X10 + X27*X11 + X27*X13 + X27*X17 + X27*X18 + X27*X19 + X27*X23 + X1 + X3 + X5 + X7 + X8 + X9 + X10 + X14 + X16 + X17 + X20 + X24 + X26 + X27
X16*X7 + X26*X16 + X26*X17 + X26*X18 + X26*X21 + X27*X3 + X27*X4 + X27*X6 + X27*X8 + X27*X11 + X27*X14 + X27*X16 + X27*X19 + X27*X23 + X27*X24 + X27*X26 + X2 + X3 + X8 + X10 + X11 + X12 + X13 + X14 + X15 + X17 + X18 + X20 + X26 + X27 + 1
X16*X6 + X26*X14 + X26*X18 + X26*X19 + X26*X20 + X26*X22 + X26*X23 + X27*X1 + X27*X4 + X27*X5 + X27*X6 + X27*X8 + X27*X11 + X27*X13 + X27*X14 + X27*X17 + X27*X19 + X27*X22 + X27*X23 + X27*X24 + X27*X25 + X3 + X4 + X5 + X6 + X7 + X8 + X9 + X10 + X11 + X12 + X13 + X15 + X17 + X19 + X27
X16*X5 + X26*X15 + X26*X17 + X26*X20 + X26*X21 + X26*X22 + X27*X3 + X27*X4 + X27*X8 + X27*X9 + X27*X10 + X27*X11 + X27*X13 + X27*X16 + X27*X17 + X27*X19 + X27*X25 + X27*X26 + X1 + X3 + X8 + X9 + X11 + X13 + X16 + X18 + X19 + X21 + X22 + X24 + X25 + X27
X16*X4 + X26*X15 + X26*X19 + X26*X21 + X26*X25 + X27*X1 + X27*X3 + X27*X6 + X27*X7 + X27*X8 + X27*X12 + X27*X16 + X27*X17 + X27*X21 + X27*X26 + X1 + X2 + X3 + X4 + X5 + X7 + X11 + X12 + X16 + X17 + X21 + X22 + X23 + X25
X16*X3 + X26*X12 + X26*X15 + X26*X17 + X26*X20 + X26*X21 + X26*X22 + X26*X24 + X26*X25 + X27*X2 + X27*X3 + X27*X4 + X27*X5 + X27*X7 + X27*X9 + X27*X11 + X27*X14 + X27*X17 + X27*X18 + X27*X21 + X27*X22 + X27*X25 + X27*X26 + X2 + X3 + X6 + X7 + X9 + X10 + X11 + X12 + X13 + X14 + X18 + X20 + X25 + X26 + X27 + 1
X16*X2 + X26*X14 + X26*X15 + X26*X17 + X26*X20 + X26*X22 + X26*X24 + X26*X25 + X27*X1 + X27*X4 + X27*X5 + X27*X6 + X27*X8 + X27*X13 + X27*X17 + X27*X18 + X27*X19 + X27*X20 + X27*X21 + X27*X24 + X27*X26 + X1 + X3 + X4 + X5 + X10 + X11 + X17 + X18 + X19 + X20 + X21 + X25 + 1
X16*X1 + X26*X12 + X26*X15 + X26*X18 + X26*X21 + X26*X22 + X26*X23 + X27*X1 + X27*X2 + X27*X3 + X27*X4 + X27*X5 + X27*X8 + X27*X9 + X27*X11 + X27*X24 + X27*X26 + X3 + X5 + X6 + X8 + X9 + X12 + X13 + X14 + X15 + X16 + X17 + X18 + X19 + X20 + X24 + X25 + 1
X15^2 + X15
X15*X14 + X26*X10 + X26*X14 + X26*X17 + X26*X18 + X26*X20 + X26*X22 + X26*X24 + X27*X3 + X27*X4 + X27*X5 + X27*X6 + X27*X10 + X27*X11 + X27*X15 + X27*X16 + X27*X17 + X27*X18 + X27*X20 + X27*X21 + X27*X22 + X27*X23 + X27*X26 + X1 + X2 + X5 + X9 + X10 + X12 + X14 + X15 + X16 + X18 + X23 + X24 + X25 + X26
X15*X13 + X26*X15 + X26*X16 + X26*X22 + X26*X23 + X26*X24 + X26*X25 + X27*X1 + X27*X6 + X27*X7 + X27*X10 + X27*X13 + X27*X14 + X27*X15 + X27*X16 + X27*X17 + X27*X21 + X27*X23 + X2 + X10 + X12 + X13 + X18 + X19 + X25 + X27
X15*X12 + X26*X12 + X26*X19 + X26*X20 + X26*X21 + X26*X23 + X26*X25 + X27*X1 + X27*X2 + X27*X3 + X27*X4 + X27*X6 + X27*X11 + X27*X12 + X27*X15 + X27*X17 + X27*X22 + X27*X24 + X27*X25 + X27*X26 + X4 + X9 + X12 + X15 + X16 + X17 + X20 + X21 + X22 + X23 + X24 + X26 + X27 + 1
X15*X11 + X26*X10 + X26*X14 + X26*X15 + X26*X16 + X26*X18 + X26*X19 + X26*X21 + X26*X22 + X26*X24 + X27*X3 + X27*X5 + X27*X7 + X27*X8 + X27*X9 + X27*X11 + X27*X14 + X27*X18 + X27*X21 + X27*X23 + X27*X25 + X27*X26 + X2 + X3 + X4 + X5 + X7 + X9 + X10 + X11 + X13 + X15 + X17 + X18 + X19 + X20 + X22 + X26 + X27 + 1
X15*X10 + X26*X10 + X26*X14 + X26*X15 + X26*X16 + X26*X19 + X26*X22 + X26*X24 + X26*X25 + X27*X1 + X27*X2 + X27*X9 + X27*X10 + X27*X12 + X27*X15 + X27*X18 + X27*X22 + X27*X23 + X27*X24 + X27*X25 + X1 + X2 + X3 + X7 + X9 + X11 + X13 + X14 + X15 + X17 + X19 + X20 + X21 + X23 + X24 + X25 + X26
X15*X9 + X26*X12 + X26*X16 + X26*X17 + X26*X19 + X26*X20 + X26*X21 + X26*X23 + X26*X25 + X27*X3 + X27*X4 + X27*X5 + X27*X6 + X27*X7 + X27*X9 + X27*X10 + X27*X12 + X27*X14 + X27*X17 + X27*X18 + X27*X20 + X27*X21 + X27*X25 + X27*X26 + X5 + X8 + X11 + X12 + X14 + X16 + X22 + X23 + X25 + 1
X15*X8 + X26*X12 + X26*X14 + X26*X16 + X26*X17 + X26*X19 + X26*X20 + X26*X22 + X26*X23 + X27*X1 + X27*X4 + X27*X6 + X27*X9 + X27*X14 + X27*X15 + X27*X16 + X27*X17 + X27*X21 + X27*X22 + X27*X23 + X27*X24 + X27*X25 + X27*X26 + X1 + X3 + X5 + X7 + X13 + X15 + X17 + X18 + X20 + X21 + X26 + 1
X15*X7 + X26*X10 + X26*X17 + X26*X19 + X26*X23 + X26*X24 + X27*X1 + X27*X2 + X27*X3 + X27*X5 + X27*X6 + X27*X11 + X27*X12 + X27*X13 + X27*X14 + X27*X17 + X27*X18 + X27*X23 + X27*X24 + X27*X26 + X3 + X4 + X5 + X6 + X8 + X11 + X12 + X13 + X14 + X15 + X16 + X17 + X18 + X19 + X20 + X24 + X26 + X27 + 1
X15*X6 + X26*X17 + X26*X18 + X26*X22 + X26*X23 + X26*X25 + X27*X1 + X27*X2 + X27*X3 + X27*X10 + X27*X12 + X27*X15 + X27*X18 + X27*X19 + X27*X20 + X27*X23 + X27*X24 + X27*X25 + X27*X26 + X1 + X2 + X3 + X4 + X9 + X10 + X11 + X17 + X19 + X22 + X23 + X24 + X25 + X26 + X27 + 1
X15*X5 + X26*X10 + X26*X12 + X26*X16 + X26*X17 + X26*X18 + X26*X19 + X26*X21 + X26*X22 + X26*X24 + X27*X1 + X27*X2 + X27*X4 + X27*X5 + X27*X7 + X27*X8 + X27*X11 + X27*X15 + X27*X17 + X27*X19 + X27*X22 + X27*X23 + X27*X24 + X27*X25 + X1 + X2 + X4 + X5 + X6 + X13 + X16 + X18 + X20 + X27
X15*X4 + X26*X12 + X26*X14 + X26*X15 + X26*X16 + X26*X18 + X26*X21 + X26*X23 + X26*X24 + X27*X1 + X27*X3 + X27*X7 + X27*X10 + X27*X11 + X27*X14 + X27*X17 + X27*X18 + X27*X19 + X27*X21 + X27*X22 + X27*X26 + X1 + X3 + X4 + X6 + X7 + X8 + X11 + X12 + X13 + X14 + X16 + X18 + X21 + X22 + X24 + X26 + 1
X15*X3 + X26*X12 + X26*X14 + X26*X18 + X26*X19 + X26*X20 + X26*X21 + X26*X23 + X27*X2 + X27*X4 + X27*X6 + X27*X9 + X27*X10 + X27*X13 + X27*X18 + X27*X19 + X27*X24 + X27*X25 + X1 + X3 + X7 + X10 + X16 + X17 + X18 + X19 + X21 + X26 + 1
X15*X2 + X26*X10 + X26*X15 + X26*X16 + X26*X17 + X26*X18 + X26*X19 + X26*X21 + X26*X22 + X26*X23 + X26*X24 + X26*X25 + X27*X1 + X27*X2 + X27*X4 + X27*X6 + X27*X7 + X27*X8 + X27*X9 + X27*X11 + X27*X13 + X27*X14 + X27*X15 + X27*X16 + X27*X17 + X27*X19 + X27*X20 + X27*X22 + X27*X26 + X2 + X3 + X5 + X8 + X10 + X12 + X15 + X16 + X17 + X20 + X22 + X23 + X26 + 1
X15*X1 + X26*X10 + X26*X12 + X26*X17 + X26*X19 + X26*X21 + X26*X23 + X27*X3 + X27*X4 + X27*X8 + X27*X9 + X27*X10 + X27*X12 + X27*X15 + X27*X19 + X27*X23 + X27*X24 + X27*X25 + X27*X26 + X4 + X7 + X8 + X10 + X12 + X14 + X18 + X19 + X20 + X21 + X24 + X25 + X26 + X27 + 1
X14^2 + X14
X14*X13 + X26*X15 + X26*X19 + X26*X21 + X26*X22 + X26*X24 + X27*X2 + X27*X3 + X27*X4 + X27*X6 + X27*X9 + X27*X10 + X27*X11 + X27*X12 + X27*X17 + X27*X19 + X27*X20 + X27*X22 + X27*X24 + X2 + X3 + X4 + X6 + X8 + X10 + X11 + X16 + X17 + X18 + X23 + X26 + 1
X14*X12 + X26*X10 + X26*X12 + X26*X15 + X26*X18 + X26*X21 + X26*X25 + X27*X1 + X27*X4 + X27*X5 + X27*X7 + X27*X11 + X27*X14 + X27*X15 + X27*X17 + X27*X20 + X27*X21 + X27*X25 + X2 + X3 + X6 + X8 + X13 + X16 + X18 + X19 + X20 + X23 + X24 + X26 + X27
X14*X11 + X26*X10 + X26*X12 + X26*X15 + X26*X18 + X26*X21 + X26*X25 + X27*X3 + X27*X7 + X27*X8 + X27*X10 + X27*X11 + X27*X13 + X27*X19 + X27*X22 + X27*X23 + X27*X24 + X27*X25 + X27*X26 + X2 + X3 + X6 + X8 + X13 + X14 + X16 + X18 + X19 + X20 + X23 + X24 + X26 + X27
X14*X10 + X26*X10 + X26*X12 + X26*X14 + X26*X16 + X26*X17 + X26*X20 + X26*X21 + X26*X23 + X26*X24 + X27*X1 + X27*X6 + X27*X7 + X27*X8 + X27*X12 + X27*X13 + X27*X17 + X27*X18 + X27*X19 + X27*X20 + X27*X21 + X27*X22 + X27*X23 + X27*X24 + X27*X25 + X27*X26 + X1 + X3 + X5 + X9 + X10 + X11 + X12 + X13 + X14 + X16 + X17 + X21 + X22 + X24 + X27 + 1
X14*X9 + X26*X15 + X26*X16 + X26*X19 + X26*X20 + X26*X21 + X26*X23 + X26*X24 + X26*X25 + X27*X1 + X27*X2 + X27*X3 + X27*X4 + X27*X5 + X27*X7 + X27*X10 + X27*X14 + X27*X17 + X27*X18 + X27*X19 + X27*X21 + X27*X22 + X27*X24 + X27*X25 + X1 + X2 + X3 + X5 + X8 + X9 + X12 + X16 + X18 + X22 + X27 + 1
X14*X8 + X26*X10 + X26*X17 + X26*X18 + X26*X20 + X26*X23 + X26*X24 + X26*X25 + X27*X1 + X27*X2 + X27*X7 + X27*X8 + X27*X10 + X27*X13 + X27*X14 + X27*X17 + X27*X22 + X27*X23 + X27*X25 + X3 + X8 + X11 + X12 + X14 + X16 + X17 + X18 + X22 + X25 + X27
X14*X7 + X26*X12 + X26*X14 + X26*X15 + X26*X17 + X26*X21 + X26*X24 + X26*X25 + X27*X1 + X27*X3 + X27*X4 + X27*X5 + X27*X6 + X27*X8 + X27*X9 + X27*X10 + X27*X12 + X27*X13 + X27*X14 + X27*X15 + X27*X17 + X27*X19 + X27*X21 + X27*X24 + X27*X25 + X3 + X5 + X9 + X10 + X14 + X15 + X16 + X21 + X22 + X23 + X24 + X25 + X27
X14*X6 + X26*X14 + X26*X16 + X26*X19 + X26*X20 + X26*X22 + X27*X4 + X27*X6 + X27*X7 + X27*X8 + X27*X9 + X27*X13 + X27*X14 + X27*X15 + X27*X20 + X27*X23 + X27*X25 + X27*X26 + X2 + X4 + X7 + X11 + X16 + X18 + X20 + X22 + X23 + X24 + X26 + X27 + 1
X14*X5 + X26*X10 + X26*X12 + X26*X15 + X26*X17 + X26*X18 + X26*X21 + X26*X24 + X27*X1 + X27*X2 + X27*X4 + X27*X5 + X27*X6 + X27*X7 + X27*X8 + X27*X11 + X27*X12 + X27*X16 + X27*X20 + X27*X23 + X27*X24 + X27*X25 + X27*X26 + X1 + X4 + X6 + X7 + X8 + X10 + X12 + X13 + X14 + X23 + X26 + X27
X14*X4 + X26*X10 + X26*X14 + X26*X15 + X26*X16 + X26*X19 + X26*X21 + X26*X22 + X26*X23 + X26*X24 + X27*X1 + X27*X2 + X27*X3 + X27*X5 + X27*X6 + X27*X12 + X27*X13 + X27*X15 + X27*X16 + X27*X17 + X27*X18 + X27*X20 + X27*X23 + X27*X24 + X27*X25 + X27*X26 + X1 + X4 + X8 + X9 + X10 + X15 + X19 + X20 + X21 + X24 + 1
X14*X3 + X26*X12 + X26*X15 + X26*X16 + X26*X18 + X26*X20 + X26*X23 + X26*X24 + X26*X25 + X27*X3 + X27*X4 + X27*X8 + X27*X9 + X27*X10 + X27*X11 + X27*X14 + X27*X17 + X27*X18 + X27*X19 + X27*X21 + X27*X23 + X27*X24 + X27*X25 + X27*X26 + X2 + X3 + X4 + X6 + X9 + X10 + X20 + X26 + X27
X14*X2 + X26*X10 + X26*X12 + X26*X14 + X26*X15 + X26*X16 + X26*X17 + X26*X18 + X26*X20 + X26*X22 + X26*X23 + X27*X2 + X27*X3 + X27*X5 + X27*X6 + X27*X7 + X27*X12 + X27*X13 + X27*X18 + X27*X19 + X27*X21 + X27*X22 + X27*X25 + X27*X26 + X1 + X3 + X4 + X10 + X12 + X13 + X14 + X15 + X17 + X21 + X22 + X25 + 1
X14*X1 + X26*X10 + X26*X12 + X26*X16 + X26*X17 + X26*X18 + X26*X20 + X26*X22 + X26*X23 + X26*X24 + X26*X25 + X27*X3 + X27*X4 + X27*X6 + X27*X8 + X27*X9 + X27*X11 + X27*X13 + X27*X15 + X27*X17 + X27*X18 + X27*X22 + X27*X24 + X27*X26 + X1 + X2 + X7 + X9 + X13 + X16 + X17 + X19 + X20 + X22 + X23 + X27
X13^2 + X13
X13*X12 + X26*X12 + X26*X18 + X26*X19 + X26*X20 + X26*X22 + X26*X24 + X27*X1 + X27*X4 + X27*X5 + X27*X6 + X27*X10 + X27*X11 + X27*X14 + X27*X15 + X27*X16 + X27*X19 + X27*X20 + X27*X21 + X27*X22 + X27*X25 + X27*X26 + X7 + X9 + X12 + X16 + X22 + X24 + X25 + X26 + 1
X13*X11 + X26*X15 + X26*X16 + X26*X20 + X26*X22 + X26*X23 + X27*X2 + X27*X3 + X27*X8 + X27*X9 + X27*X11 + X27*X12 + X27*X14 + X27*X15 + X27*X18 + X27*X19 + X27*X20 + X27*X21 + X27*X22 + X27*X25 + X3 + X4 + X5 + X12 + X16 + X17 + X18 + X19 + X22 + X23 + X25 + X27 + 1
X13*X10 + X26*X14 + X26*X17 + X26*X19 + X26*X20 + X26*X21 + X26*X23 + X27*X2 + X27*X3 + X27*X4 + X27*X9 + X27*X10 + X27*X12 + X27*X16 + X27*X19 + X27*X20 + X27*X22 + X27*X23 + X27*X24 + X1 + X2 + X4 + X5 + X8 + X15 + X18 + X20 + X24
X13*X9 + X26*X10 + X26*X12 + X26*X14 + X26*X17 + X26*X18 + X26*X19 + X26*X20 + X26*X21 + X26*X22 + X26*X23 + X26*X24 + X26*X25 + X27*X1 + X27*X2 + X27*X4 + X27*X6 + X27*X7 + X27*X9 + X27*X10 + X27*X11 + X27*X13 + X27*X17 + X27*X22 + X27*X23 + X27*X25 + X27*X26 + X2 + X3 + X4 + X5 + X7 + X8 + X9 + X11 + X12 + X18 + X21 + X22 + X24 + X25 + X26
X13*X8 + X26*X10 + X26*X15 + X26*X17 + X26*X21 + X26*X22 + X26*X23 + X26*X24 + X26*X25 + X27*X1 + X27*X2 + X27*X3 + X27*X7 + X27*X8 + X27*X9 + X27*X10 + X27*X13 + X27*X14 + X27*X15 + X27*X16 + X27*X17 + X27*X22 + X27*X24 + X27*X25 + X27*X26 + X1 + X4 + X5 + X7 + X8 + X9 + X10 + X12 + X14 + X17 + X24 + X25 + X26
X13*X7 + X26*X14 + X26*X16 + X26*X17 + X26*X18 + X26*X21 + X26*X23 + X26*X24 + X27*X4 + X27*X5 + X27*X7 + X27*X8 + X27*X9 + X27*X11 + X27*X15 + X27*X16 + X27*X17 + X27*X18 + X27*X22 + X27*X25 + X3 + X4 + X5 + X7 + X10 + X11 + X12 + X13 + X14 + X15 + X16 + X19 + X22 + X23 + X26 + 1
X13*X6 + X26*X10 + X26*X14 + X26*X15 + X26*X16 + X26*X17 + X26*X21 + X26*X22 + X26*X23 + X26*X24 + X26*X25 + X27*X1 + X27*X2 + X27*X6 + X27*X8 + X27*X9 + X27*X10 + X27*X12 + X27*X14 + X27*X15 + X27*X17 + X27*X19 + X27*X20 + X27*X21 + X27*X22 + X27*X23 + X27*X25 + X3 + X4 + X5 + X12 + X13 + X15 + X16 + X19 + X21 + X22 + X25 + X26
X13*X5 + X26*X10 + X26*X12 + X26*X14 + X26*X16 + X26*X18 + X26*X19 + X26*X22 + X26*X24 + X27*X3 + X27*X4 + X27*X6 + X27*X7 + X27*X9 + X27*X13 + X27*X14 + X27*X16 + X27*X17 + X27*X18 + X27*X22 + X27*X23 + X27*X24 + X27*X25 + X27*X26 + X2 + X3 + X6 + X7 + X9 + X11 + X13 + X14 + X15 + X16 + X23 + X25
X13*X4 + X26*X12 + X26*X15 + X26*X16 + X26*X18 + X26*X20 + X26*X21 + X26*X23 + X26*X24 + X27*X3 + X27*X5 + X27*X10 + X27*X12 + X27*X13 + X27*X16 + X27*X17 + X27*X18 + X27*X22 + X27*X23 + X27*X24 + X27*X25 + X27*X26 + X2 + X3 + X4 + X6 + X9 + X10 + X13 + X14 + X19 + X21 + X22 + X23 + X24 + X25 + X26 + 1
X13*X3 + X26*X10 + X26*X12 + X26*X15 + X26*X16 + X26*X17 + X26*X19 + X26*X22 + X26*X24 + X27*X5 + X27*X6 + X27*X8 + X27*X9 + X27*X11 + X27*X14 + X27*X17 + X27*X18 + X27*X19 + X27*X21 + X27*X22 + X27*X23 + X27*X24 + X2 + X4 + X5 + X10 + X13 + X15 + X16 + X17 + X18 + X21 + X22 + X23 + X25 + X27 + 1
X13*X2 + X26*X10 + X26*X16 + X26*X17 + X26*X19 + X26*X20 + X26*X21 + X26*X22 + X26*X23 + X26*X25 + X27*X1 + X27*X2 + X27*X3 + X27*X4 + X27*X5 + X27*X6 + X27*X8 + X27*X12 + X27*X13 + X27*X14 + X27*X15 + X27*X17 + X27*X20 + X1 + X2 + X5 + X6 + X7 + X11 + X12 + X14 + X18 + X19 + X20 + X24 + X25 + X27 + 1
X13*X1 + X26*X10 + X26*X14 + X26*X16 + X26*X20 + X26*X21 + X26*X23 + X27*X2 + X27*X5 + X27*X14 + X27*X16 + X27*X18 + X27*X21 + X27*X24 + X27*X25 + X2 + X3 + X6 + X9 + X10 + X12 + X13 + X14 + X15 + X16 + X20 + X21 + X22 + X24 + X26 + 1
X12^2 + X12
X12*X11 + X26*X10 + X26*X16 + X26*X18 + X26*X21 + X26*X22 + X26*X23 + X26*X25 + X27*X1 + X27*X4 + X27*X6 + X27*X8 + X27*X9 + X27*X10 + X27*X11 + X27*X12 + X27*X13 + X27*X15 + X27*X16 + X27*X19 + X27*X21 + X27*X24 + X27*X25 + X27*X26 + X2 + X4 + X5 + X9 + X10 + X11 + X15 + X17 + X19 + X20 + X22 + X23 + X24 + X26
X12*X10 + X26*X10 + X26*X12 + X26*X17 + X26*X18 + X26*X19 + X26*X20 + X26*X21 + X26*X22 + X26*X25 + X27*X1 + X27*X2 + X27*X12 + X27*X13 + X27*X14 + X27*X19 + X27*X20 + X27*X21 + X27*X23 + X27*X24 + X27*X26 + X1 + X2 + X3 + X5 + X7 + X8 + X11 + X12 + X19 + X22 + X24 + 1
X12*X9 + X26*X10 + X26*X14 + X26*X17 + X26*X19 + X26*X20 + X26*X21 + X26*X25 + X27*X1 + X27*X2 + X27*X3 + X27*X5 + X27*X6 + X27*X9 + X27*X10 + X27*X11 + X27*X16 + X27*X23 + X27*X25 + X1 + X4 + X8 + X10 + X12 + X19 + X24 + X25 + X27
X12*X8 + X26*X14 + X26*X16 + X26*X18 + X26*X20 + X26*X21 + X26*X24 + X27*X2 + X27*X5 + X27*X7 + X27*X11 + X27*X13 + X27*X14 + X27*X16 + X27*X18 + X27*X22 + X27*X23 + X27*X24 + X1 + X2 + X3 + X8 + X13 + X17 + X18 + X19 + X21 + X22 + X23 + X24 + 1
X12*X7 + X26*X14 + X26*X16 + X26*X18 + X26*X19 + X26*X21 + X26*X22 + X26*X23 + X26*X25 + X27*X3 + X27*X4 + X27*X5 + X27*X6 + X27*X9 + X27*X10 + X27*X12 + X27*X13 + X27*X20 + X27*X22 + X27*X26 + X7 + X10 + X11 + X12 + X14 + X17 + X20 + X21 + X22 + X23 + X25 + X26 + X27 + 1
X12*X6 + X26*X12 + X26*X15 + X26*X19 + X26*X20 + X26*X21 + X26*X22 + X26*X23 + X26*X24 + X27*X2 + X27*X3 + X27*X5 + X27*X6 + X27*X11 + X27*X13 + X27*X14 + X27*X15 + X27*X16 + X27*X19 + X27*X20 + X27*X22 + X27*X23 + X27*X24 + X27*X26 + X1 + X4 + X6 + X7 + X9 + X12 + X16 + X17 + X19 + X21 + X22 + X24 + X25
X12*X5 + X26*X15 + X26*X17 + X26*X21 + X26*X23 + X26*X25 + X27*X4 + X27*X5 + X27*X7 + X27*X8 + X27*X13 + X27*X14 + X27*X15 + X27*X16 + X27*X17 + X27*X20 + X27*X26 + X4 + X7 + X10 + X13 + X15 + X16 + X17 + X18 + X21 + X25 + X26 + X27
X12*X4 + X26*X12 + X26*X15 + X26*X18 + X26*X19 + X26*X20 + X26*X21 + X26*X23 + X26*X24 + X27*X2 + X27*X11 + X27*X12 + X27*X14 + X27*X15 + X27*X17 + X27*X19 + X27*X20 + X27*X21 + X27*X25 + X1 + X2 + X3 + X4 + X7 + X10 + X12 + X17 + X21 + X24 + X25
X12*X3 + X26*X15 + X26*X16 + X26*X17 + X26*X24 + X27*X1 + X27*X4 + X27*X5 + X27*X7 + X27*X11 + X27*X12 + X27*X14 + X27*X15 + X27*X16 + X27*X17 + X27*X18 + X27*X19 + X27*X20 + X27*X21 + X27*X25 + X27*X26 + X1 + X2 + X4 + X5 + X7 + X8 + X9 + X10 + X11 + X12 + X13 + X14 + X18 + X20 + X22 + X24 + X25
X12*X2 + X26*X10 + X26*X14 + X26*X16 + X26*X17 + X26*X19 + X26*X21 + X26*X22 + X26*X25 + X27*X2 + X27*X4 + X27*X6 + X27*X7 + X27*X9 + X27*X10 + X27*X11 + X27*X14 + X27*X15 + X27*X16 + X27*X17 + X27*X19 + X27*X20 + X27*X22 + X27*X23 + X27*X25 + X1 + X6 + X8 + X10 + X11 + X16 + X17 + X19 + X20 + X24 + X25 + 1
X12*X1 + X26*X10 + X26*X12 + X26*X14 + X26*X15 + X26*X17 + X26*X19 + X26*X20 + X26*X21 + X26*X23 + X26*X24 + X26*X25 + X27*X1 + X27*X3 + X27*X4 + X27*X6 + X27*X7 + X27*X9 + X27*X11 + X27*X12 + X27*X15 + X27*X21 + X27*X22 + X27*X25 + X1 + X2 + X5 + X8 + X10 + X11 + X12 + X13 + X16 + X18 + X19 + X21 + X22 + X23 + X24 + X25 + X27 + 1
X11^2 + X11
X11*X10 + X26*X10 + X26*X12 + X26*X15 + X26*X16 + X26*X17 + X26*X23 + X27*X2 + X27*X3 + X27*X4 + X27*X6 + X27*X7 + X27*X9 + X27*X10 + X27*X12 + X27*X13 + X27*X14 + X27*X15 + X27*X18 + X27*X20 + X27*X24 + X27*X26 + X1 + X2 + X3 + X6 + X8 + X9 + X10 + X11 + X12 + X13 + X14 + X16 + X17 + X18 + X20 + X21 + X22 + X26 + X27 + 1
X11*X9 + X26*X10 + X26*X12 + X26*X14 + X26*X15 + X26*X18 + X26*X20 + X26*X22 + X26*X23 + X26*X24 + X27*X2 + X27*X4 + X27*X6 + X27*X7 + X27*X9 + X27*X10 + X27*X11 + X27*X13 + X27*X14 + X27*X16 + X27*X17 + X27*X20 + X27*X23 + X27*X26 + X1 + X2 + X3 + X5 + X6 + X10 + X13 + X14 + X15 + X17 + X19 + X20 + X21 + X23 + X27 + 1
X11*X8 + X26*X10 + X26*X15 + X26*X18 + X26*X19 + X26*X20 + X26*X22 + X27*X1 + X27*X3 + X27*X5 + X27*X8 + X27*X9 + X27*X13 + X27*X14 + X27*X15 + X27*X22 + X27*X25 + X27*X26 + X2 + X3 + X4 + X5 + X8 + X9 + X14 + X15 + X18 + X19 + X20 + X23 + 1
X11*X7 + X26*X15 + X26*X16 + X26*X17 + X26*X21 + X27*X2 + X27*X3 + X27*X4 + X27*X5 + X27*X7 + X27*X9 + X27*X11 + X27*X12 + X27*X15 + X27*X16 + X27*X19 + X27*X21 + X27*X25 + X27*X26 + X1 + X3 + X5 + X6 + X12 + X13 + X14 + X17 + X19 + X21 + X22 + X24 + X27 + 1
X11*X6 + X26*X20 + X26*X22 + X26*X24 + X27*X2 + X27*X3 + X27*X5 + X27*X10 + X27*X14 + X27*X15 + X27*X16 + X27*X18 + X27*X19 + X27*X20 + X27*X21 + X27*X23 + X27*X24 + X27*X26 + X4 + X7 + X8 + X9 + X10 + X15 + X22 + X24 + X25 + X26 + X27 + 1
X11*X5 + X26*X10 + X26*X19 + X26*X21 + X26*X22 + X26*X24 + X27*X1 + X27*X4 + X27*X6 + X27*X7 + X27*X8 + X27*X9 + X27*X12 + X27*X13 + X27*X14 + X27*X15 + X27*X19 + X27*X22 + X1 + X2 + X3 + X5 + X6 + X8 + X9 + X10 + X12 + X15 + X16 + X18 + X19 + X20 + X21 + X23 + X24 + X27 + 1
X11*X4 + X26*X10 + X26*X14 + X26*X16 + X26*X17 + X26*X18 + X26*X20 + X26*X22 + X26*X23 + X26*X24 + X27*X2 + X27*X4 + X27*X6 + X27*X8 + X27*X9 + X27*X10 + X27*X12 + X27*X13 + X27*X16 + X27*X19 + X27*X20 + X27*X21 + X27*X22 + X27*X23 + X27*X25 + X27*X26 + X3 + X5 + X6 + X7 + X8 + X11 + X13 + X15 + X16 + X17 + X18 + X19 + X20 + X21 + X22 + X23 + X24 + X25
X11*X3 + X26*X10 + X26*X12 + X26*X14 + X26*X15 + X26*X16 + X26*X17 + X26*X20 + X26*X22 + X26*X23 + X26*X24 + X26*X25 + X27*X4 + X27*X7 + X27*X8 + X27*X12 + X27*X13 + X27*X14 + X27*X15 + X27*X16 + X27*X17 + X27*X18 + X27*X19 + X27*X20 + X27*X23 + X27*X24 + X27*X26 + X1 + X2 + X4 + X6 + X7 + X9 + X11 + X15 + X16 + X17 + X19 + X20 + X21 + X25 + X27 + 1
X11*X2 + X26*X12 + X26*X14 + X26*X15 + X26*X18 + X26*X20 + X26*X22 + X26*X25 + X27*X2 + X27*X10 + X27*X12 + X27*X13 + X27*X17 + X27*X18 + X27*X19 + X27*X22 + X27*X23 + X27*X24 + X1 + X2 + X5 + X7 + X13 + X14 + X15 + X16 + X17 + X18 + X19 + X20 + X21 + X22 + X26 + 1
X11*X1 + X26*X10 + X26*X19 + X26*X20 + X26*X22 + X26*X24 + X27*X4 + X27*X11 + X27*X12 + X27*X14 + X27*X16 + X27*X17 + X27*X19 + X27*X21 + X27*X22 + X27*X25 + X27*X26 + X2 + X3 + X5 + X6 + X11 + X12 + X13 + X17 + X18 + X19 + X21 + X22 + X24 + X25 + X26 + X27 + 1
X10^2 + X10
X10*X9 + X26*X12 + X26*X14 + X26*X15 + X26*X17 + X26*X18 + X26*X19 + X26*X20 + X26*X23 + X26*X24 + X27*X4 + X27*X5 + X27*X6 + X27*X13 + X27*X15 + X27*X17 + X27*X20 + X27*X23 + X27*X25 + X4 + X5 + X7 + X10 + X12 + X14 + X15 + X16 + X23 + X24 + X25 + X27
X10*X8 + X26*X10 + X26*X12 + X26*X16 + X26*X21 + X26*X24 + X27*X5 + X27*X6 + X27*X13 + X27*X14 + X27*X15 + X27*X20 + X27*X22 + X27*X25 + X27*X26 + X1 + X2 + X5 + X7 + X10 + X15 + X16 + X19 + X24
X10*X7 + X26*X12 + X26*X17 + X26*X18 + X26*X19 + X26*X21 + X26*X24 + X27*X1 + X27*X2 + X27*X3 + X27*X4 + X27*X7 + X27*X8 + X27*X9 + X27*X11 + X27*X12 + X27*X13 + X27*X14 + X27*X16 + X27*X17 + X27*X18 + X27*X19 + X27*X22 + X27*X23 + X27*X24 + X27*X25 + X3 + X4 + X8 + X9 + X11 + X13 + X14 + X15 + X17 + X19 + X20 + X22 + X24 + X25 + X26
X10*X6 + X26*X12 + X26*X18 + X26*X19 + X26*X20 + X26*X21 + X26*X22 + X27*X2 + X27*X3 + X27*X4 + X27*X6 + X27*X7 + X27*X8 + X27*X10 + X27*X14 + X27*X17 + X27*X18 + X27*X20 + X27*X23 + X27*X24 + X27*X25 + X27*X26 + X2 + X4 + X9 + X11 + X12 + X14 + X17 + X18 + X19 + X24 + X26
X10*X5 + X26*X10 + X26*X14 + X26*X16 + X26*X17 + X26*X20 + X26*X21 + X26*X23 + X26*X24 + X27*X1 + X27*X4 + X27*X6 + X27*X8 + X27*X10 + X27*X11 + X27*X12 + X27*X16 + X27*X18 + X27*X19 + X27*X22 + X27*X23 + X27*X24 + X27*X25 + X1 + X4 + X6 + X9 + X10 + X11 + X12 + X19 + X20 + X21 + X22 + X25 + X26
X10*X4 + X26*X12 + X26*X15 + X26*X18 + X26*X20 + X26*X22 + X26*X23 + X26*X25 + X27*X4 + X27*X5 + X27*X6 + X27*X7 + X27*X8 + X27*X9 + X27*X10 + X27*X11 + X27*X12 + X27*X15 + X27*X16 + X27*X21 + X27*X22 + X27*X23 + X27*X24 + X2 + X3 + X5 + X7 + X11 + X12 + X14 + X19 + X20 + X21 + X23 + X24 + 1
X10*X3 + X26*X14 + X26*X17 + X26*X20 + X26*X23 + X26*X24 + X27*X1 + X27*X2 + X27*X3 + X27*X5 + X27*X6 + X27*X7 + X27*X8 + X27*X10 + X27*X11 + X27*X12 + X27*X13 + X27*X15 + X27*X17 + X27*X18 + X27*X20 + X27*X22 + X27*X23 + X27*X26 + X2 + X4 + X10 + X11 + X12 + X13 + X14 + X21 + X22 + X27 + 1
X10*X2 + X26*X10 + X26*X14 + X26*X15 + X26*X19 + X26*X21 + X26*X23 + X26*X25 + X27*X2 + X27*X4 + X27*X7 + X27*X11 + X27*X12 + X27*X14 + X27*X15 + X27*X19 + X27*X20 + X27*X21 + X27*X22 + X27*X23 + X27*X24 + X27*X25 + X1 + X2 + X3 + X8 + X10 + X13 + X14 + X15 + X17 + X19 + X20 + X26 + X27 + 1
X10*X1 + X26*X15 + X26*X16 + X26*X20 + X26*X24 + X27*X2 + X27*X3 + X27*X6 + X27*X9 + X27*X10 + X27*X14 + X27*X15 + X27*X18 + X27*X20 + X27*X22 + X27*X23 + X27*X24 + X27*X26 + X1 + X2 + X4 + X7 + X8 + X10 + X12 + X13 + X15 + X18 + X21 + X22 + 1
X9^2 + X9
X9*X8 + X26*X10 + X26*X14 + X26*X16 + X26*X17 + X26*X20 + X26*X22 + X27*X3 + X27*X4 + X27*X6 + X27*X7 + X27*X8 + X27*X10 + X27*X12 + X27*X13 + X27*X14 + X27*X15 + X27*X16 + X27*X18 + X27*X19 + X27*X22 + X27*X23 + X5 + X10 + X11 + X12 + X13 + X16 + X19 + X21 + X23 + X24 + X26
X9*X7 + X26*X14 + X26*X15 + X26*X18 + X26*X19 + X26*X21 + X26*X22 + X27*X1 + X27*X2 + X27*X3 + X27*X4 + X27*X5 + X27*X6 + X27*X7 + X27*X10 + X27*X11 + X27*X13 + X27*X15 + X27*X20 + X27*X21 + X27*X23 + X27*X25 + X27*X26 + X3 + X4 + X5 + X6 + X7 + X10 + X13 + X14 + X15 + X18 + X19 + X22 + X25 + X26 + X27 + 1
X9*X6 + X26*X10 + X26*X12 + X26*X14 + X26*X15 + X26*X16 + X26*X20 + X26*X23 + X27*X3 + X27*X6 + X27*X9 + X27*X12 + X27*X13 + X27*X15 + X27*X16 + X27*X17 + X27*X18 + X27*X19 + X27*X22 + X27*X23 + X27*X25 + X2 + X5 + X7 + X15 + X16 + X20 + X21 + X22 + X26 + X27
X9*X5 + X26*X10 + X26*X12 + X26*X15 + X26*X17 + X26*X19 + X26*X20 + X26*X22 + X26*X23 + X26*X24 + X27*X2 + X27*X4 + X27*X5 + X27*X6 + X27*X9 + X27*X11 + X27*X14 + X27*X18 + X27*X20 + X27*X21 + X27*X22 + X1 + X3 + X5 + X8 + X11 + X12 + X16 + X18 + X19 + X20 + X21 + X22 + X23 + X25
X9*X4 + X26*X15 + X26*X16 + X26*X24 + X26*X25 + X27*X1 + X27*X2 + X27*X6 + X27*X13 + X27*X15 + X27*X17 + X27*X18 + X27*X19 + X27*X20 + X27*X22 + X27*X23 + X27*X24 + X27*X25 + X3 + X5 + X6 + X7 + X8 + X10 + X11 + X13 + X14 + X16 + X18 + X19 + X24 + X26 + X27 + 1
X9*X3 + X26*X12 + X26*X14 + X26*X15 + X26*X16 + X26*X20 + X26*X22 + X26*X23 + X26*X25 + X27*X1 + X27*X5 + X27*X6 + X27*X7 + X27*X8 + X27*X9 + X27*X10 + X27*X11 + X27*X17 + X27*X18 + X27*X21 + X27*X22 + X1 + X3 + X7 + X8 + X11 + X13 + X14 + X17 + X20 + X21 + X22 + X23 + X25 + X26 + X27 + 1
X9*X2 + X26*X14 + X26*X19 + X26*X20 + X26*X21 + X26*X25 + X27*X2 + X27*X3 + X27*X4 + X27*X5 + X27*X10 + X27*X13 + X27*X15 + X27*X16 + X27*X19 + X27*X20 + X27*X23 + X27*X24 + X1 + X2 + X3 + X4 + X5 + X6 + X7 + X8 + X10 + X12 + X13 + X14 + X17 + X18 + X20 + X21 + X25 + X26 + X27 + 1
X9*X1 + X26*X12 + X26*X14 + X26*X15 + X26*X16 + X26*X17 + X26*X18 + X26*X19 + X26*X21 + X26*X23 + X27*X2 + X27*X3 + X27*X7 + X27*X8 + X27*X9 + X27*X11 + X27*X13 + X27*X15 + X27*X16 + X27*X18 + X27*X19 + X27*X21 + X27*X24 + X27*X26 + X2 + X4 + X5 + X6 + X7 + X9 + X15 + X16 + X17 + X20 + X21 + X24 + X25 + X27 + 1
X8^2 + X8
X8*X7 + X26*X15 + X26*X16 + X26*X21 + X27*X3 + X27*X4 + X27*X8 + X27*X9 + X27*X10 + X27*X11 + X27*X12 + X27*X13 + X27*X14 + X27*X19 + X27*X20 + X27*X22 + X27*X25 + X1 + X3 + X8 + X9 + X10 + X13 + X15 + X16 + X17 + X21 + X24
X8*X6 + X26*X12 + X26*X15 + X26*X17 + X26*X18 + X26*X19 + X26*X20 + X26*X22 + X26*X24 + X27*X2 + X27*X4 + X27*X7 + X27*X8 + X27*X14 + X27*X16 + X27*X17 + X27*X19 + X27*X21 + X27*X22 + X27*X26 + X2 + X4 + X5 + X8 + X9 + X10 + X13 + X16 + X18 + X23 + X25 + X26
X8*X5 + X26*X15 + X26*X16 + X26*X17 + X26*X23 + X27*X1 + X27*X2 + X27*X3 + X27*X4 + X27*X6 + X27*X11 + X27*X12 + X27*X18 + X27*X19 + X27*X21 + X27*X22 + X27*X24 + X27*X25 + X27*X26 + X1 + X2 + X3 + X6 + X8 + X10 + X13 + X15 + X16 + X18 + X19 + X21 + X26 + 1
X8*X4 + X26*X10 + X26*X12 + X26*X14 + X26*X15 + X26*X18 + X26*X19 + X26*X20 + X26*X25 + X27*X1 + X27*X3 + X27*X5 + X27*X6 + X27*X7 + X27*X9 + X27*X11 + X27*X12 + X27*X16 + X27*X20 + X27*X22 + X27*X24 + X27*X25 + X27*X26 + X1 + X2 + X7 + X8 + X9 + X10 + X16 + X20 + X21 + X25 + X26 + X27 + 1
X8*X3 + X26*X14 + X26*X16 + X26*X19 + X26*X21 + X26*X24 + X26*X25 + X27*X1 + X27*X2 + X27*X8 + X27*X9 + X27*X11 + X27*X13 + X27*X14 + X27*X15 + X27*X16 + X27*X17 + X27*X19 + X27*X21 + X27*X23 + X27*X26 + X1 + X3 + X5 + X8 + X10 + X11 + X12 + X16 + X17 + X18 + X20 + X22 + X23 + X24 + X25 + X27 + 1
X8*X2 + X26*X10 + X26*X14 + X26*X15 + X26*X18 + X26*X19 + X26*X21 + X26*X22 + X26*X23 + X26*X25 + X27*X4 + X27*X6 + X27*X8 + X27*X10 + X27*X11 + X27*X13 + X27*X17 + X27*X18 + X27*X20 + X27*X26 + X1 + X2 + X3 + X4 + X5 + X8 + X9 + X10 + X14 + X17 + X19 + X20 + X22 + X23 + 1
X8*X1 + X26*X12 + X26*X14 + X26*X16 + X26*X17 + X26*X21 + X26*X22 + X26*X23 + X26*X24 + X27*X1 + X27*X2 + X27*X3 + X27*X4 + X27*X6 + X27*X7 + X27*X8 + X27*X11 + X27*X13 + X27*X16 + X27*X17 + X27*X18 + X27*X19 + X27*X21 + X27*X26 + X4 + X5 + X6 + X8 + X13 + X18 + X19 + X20 + X21 + X22 + X24 + X26 + X27 + 1
X7^2 + X7
X7*X6 + X26*X12 + X26*X17 + X26*X18 + X26*X19 + X26*X20 + X26*X23 + X26*X25 + X27*X2 + X27*X3 + X27*X4 + X27*X7 + X27*X10 + X27*X11 + X27*X12 + X27*X14 + X27*X16 + X27*X18 + X27*X20 + X27*X21 + X27*X22 + X27*X25 + X1 + X2 + X6 + X7 + X8 + X11 + X12 + X15 + X16 + X21 + X22 + X24 + X26
X7*X5 + X26*X10 + X26*X15 + X26*X17 + X26*X20 + X26*X22 + X26*X23 + X26*X24 + X27*X2 + X27*X4 + X27*X5 + X27*X6 + X27*X7 + X27*X8 + X27*X9 + X27*X12 + X27*X15 + X27*X18 + X27*X22 + X27*X23 + X27*X24 + X1 + X8 + X9 + X10 + X11 + X14 + X15 + X17 + X18 + X20 + X21 + X22 + X25 + 1
X7*X4 + X26*X10 + X26*X12 + X26*X14 + X26*X16 + X26*X18 + X26*X19 + X26*X22 + X26*X23 + X26*X24 + X27*X3 + X27*X7 + X27*X8 + X27*X10 + X27*X11 + X27*X13 + X27*X15 + X27*X19 + X27*X20 + X27*X21 + X27*X22 + X27*X25 + X1 + X2 + X3 + X4 + X5 + X6 + X7 + X10 + X12 + X13 + X14 + X16 + X17 + X18 + X19 + X21 + X22 + X26 + X27 + 1
X7*X3 + X26*X10 + X26*X12 + X26*X17 + X26*X18 + X26*X20 + X26*X21 + X26*X22 + X26*X24 + X26*X25 + X27*X2 + X27*X3 + X27*X4 + X27*X5 + X27*X10 + X27*X12 + X27*X14 + X27*X15 + X27*X16 + X27*X17 + X27*X19 + X27*X20 + X27*X22 + X27*X23 + X27*X24 + X27*X26 + X3 + X4 + X6 + X7 + X9 + X11 + X12 + X13 + X15 + X16 + X18 + X19 + X20 + X23 + X24 + X27
X7*X2 + X26*X10 + X26*X12 + X26*X19 + X26*X21 + X26*X22 + X26*X23 + X26*X25 + X27*X2 + X27*X4 + X27*X7 + X27*X11 + X27*X12 + X27*X15 + X27*X16 + X27*X19 + X27*X20 + X27*X21 + X27*X23 + X27*X24 + X27*X25 + X27*X26 + X2 + X9 + X10 + X14 + X15 + X16 + X17 + X19 + X21 + X23 + X26 + X27
X7*X1 + X26*X10 + X26*X12 + X26*X17 + X26*X20 + X26*X22 + X26*X23 + X26*X25 + X27*X1 + X27*X2 + X27*X4 + X27*X5 + X27*X6 + X27*X7 + X27*X8 + X27*X10 + X27*X11 + X27*X12 + X27*X13 + X27*X14 + X27*X16 + X27*X18 + X27*X19 + X27*X22 + X27*X24 + X27*X25 + X2 + X4 + X7 + X12 + X14 + X18 + X20 + X25 + X26 + X27
X6^2 + X6
X6*X5 + X26*X10 + X26*X12 + X26*X18 + X26*X19 + X26*X20 + X26*X23 + X27*X1 + X27*X4 + X27*X5 + X27*X7 + X27*X8 + X27*X9 + X27*X10 + X27*X17 + X27*X18 + X27*X20 + X27*X23 + X27*X25 + X27*X26 + X1 + X3 + X5 + X7 + X9 + X12 + X13 + X14 + X16 + X18 + X26 + X27
X6*X4 + X26*X10 + X26*X12 + X26*X14 + X26*X16 + X26*X17 + X26*X19 + X26*X20 + X26*X24 + X26*X25 + X27*X5 + X27*X6 + X27*X11 + X27*X17 + X27*X18 + X27*X22 + X27*X23 + X27*X25 + X2 + X3 + X4 + X5 + X6 + X7 + X8 + X10 + X12 + X13 + X15 + X16 + X17 + X18 + X22 + X23 + X25
X6*X3 + X26*X15 + X26*X16 + X26*X17 + X26*X20 + X26*X21 + X27*X3 + X27*X4 + X27*X5 + X27*X6 + X27*X10 + X27*X14 + X27*X15 + X27*X16 + X27*X17 + X27*X20 + X27*X22 + X27*X26 + X1 + X2 + X3 + X4 + X5 + X6 + X7 + X8 + X10 + X11 + X12 + X17 + X18 + X19 + X20 + X21 + X22 + 1
X6*X2 + X26*X10 + X26*X14 + X26*X17 + X26*X18 + X26*X20 + X26*X21 + X26*X23 + X26*X24 + X27*X2 + X27*X3 + X27*X5 + X27*X6 + X27*X9 + X27*X10 + X27*X12 + X27*X16 + X27*X17 + X27*X18 + X27*X21 + X27*X24 + X27*X26 + X1 + X4 + X5 + X6 + X10 + X15 + X17 + X20 + X21 + X22 + X23 + 1
X6*X1 + X26*X10 + X26*X14 + X26*X16 + X26*X17 + X26*X18 + X26*X19 + X26*X20 + X26*X21 + X26*X22 + X26*X25 + X27*X2 + X27*X4 + X27*X6 + X27*X7 + X27*X8 + X27*X9 + X27*X10 + X27*X11 + X27*X14 + X27*X15 + X27*X18 + X27*X19 + X27*X20 + X27*X23 + X27*X24 + X27*X26 + X1 + X2 + X4 + X11 + X12 + X13 + X15 + X16 + X17 + X19 + X21 + X22 + X24 + X25 + X27 + 1
X5^2 + X5
X5*X4 + X26*X10 + X26*X15 + X26*X16 + X26*X22 + X26*X23 + X26*X25 + X27*X1 + X27*X2 + X27*X3 + X27*X4 + X27*X5 + X27*X11 + X27*X13 + X27*X14 + X27*X15 + X27*X16 + X27*X17 + X27*X19 + X27*X21 + X27*X22 + X27*X24 + X1 + X5 + X9 + X11 + X15 + X19 + X21 + X23 + X24 + 1
X5*X3 + X26*X10 + X26*X14 + X26*X19 + X26*X21 + X26*X24 + X26*X25 + X27*X2 + X27*X4 + X27*X6 + X27*X7 + X27*X8 + X27*X17 + X27*X19 + X27*X20 + X27*X23 + X27*X26 + X1 + X2 + X3 + X4 + X5 + X8 + X10 + X11 + X13 + X15 + X16 + X20 + X23 + X24 + X25 + X27
X5*X2 + X26*X15 + X26*X16 + X26*X17 + X26*X18 + X26*X19 + X26*X20 + X26*X22 + X26*X24 + X26*X25 + X27*X1 + X27*X5 + X27*X7 + X27*X8 + X27*X11 + X27*X14 + X27*X17 + X27*X18 + X27*X21 + X27*X23 + X27*X24 + X1 + X3 + X4 + X5 + X6 + X10 + X11 + X12 + X13 + X14 + X15 + X16 + X17 + X18 + X20 + X21 + X22 + X24 + X26 + X27 + 1
X5*X1 + X26*X10 + X26*X22 + X26*X25 + X27*X1 + X27*X5 + X27*X6 + X27*X8 + X27*X9 + X27*X11 + X27*X15 + X27*X18 + X27*X20 + X27*X21 + X27*X22 + X27*X23 + X27*X24 + X27*X26 + X3 + X4 + X6 + X7 + X8 + X9 + X10 + X11 + X13 + X16 + X17 + X18 + X20 + X21 + X23 + X24 + X25 + X26 + X27
X4^2 + X4
X4*X3 + X26*X14 + X26*X15 + X26*X16 + X26*X17 + X26*X18 + X26*X20 + X26*X22 + X26*X25 + X27*X1 + X27*X7 + X27*X8 + X27*X9 + X27*X16 + X27*X17 + X27*X18 + X27*X20 + X27*X22 + X27*X24 + X27*X25 + X1 + X3 + X4 + X6 + X7 + X8 + X14 + X15 + X19 + X21 + X23 + X25 + X26 + X27
X4*X2 + X26*X10 + X26*X15 + X26*X16 + X26*X19 + X26*X22 + X27*X2 + X27*X3 + X27*X9 + X27*X11 + X27*X12 + X27*X15 + X27*X17 + X27*X18 + X27*X20 + X27*X24 + X1 + X2 + X3 + X5 + X6 + X7 + X11 + X12 + X13 + X14 + X15 + X17 + X18 + X20 + X21 + X22 + X23 + X24 + X25 + X26 + X27
X4*X1 + X26*X14 + X26*X15 + X26*X18 + X26*X19 + X26*X21 + X26*X24 + X27*X1 + X27*X3 + X27*X5 + X27*X9 + X27*X10 + X27*X12 + X27*X14 + X27*X16 + X27*X17 + X27*X24 + X27*X25 + X1 + X2 + X3 + X4 + X5 + X6 + X8 + X11 + X12 + X14 + X15 + X17 + X19 + X22 + X27 + 1
X3^2 + X3
X3*X2 + X26*X10 + X26*X12 + X26*X14 + X26*X20 + X26*X21 + X27*X6 + X27*X7 + X27*X8 + X27*X10 + X27*X13 + X27*X15 + X27*X16 + X27*X17 + X27*X19 + X27*X20 + X27*X23 + X1 + X4 + X5 + X6 + X7 + X8 + X9 + X10 + X14 + X18 + X21 + X23 + X25
X3*X1 + X26*X10 + X26*X12 + X26*X15 + X26*X17 + X26*X18 + X26*X21 + X26*X22 + X26*X23 + X26*X24 + X26*X25 + X27*X2 + X27*X4 + X27*X7 + X27*X8 + X27*X10 + X27*X12 + X27*X13 + X27*X15 + X27*X16 + X27*X18 + X27*X19 + X27*X22 + X27*X23 + X27*X24 + X27*X25 + X1 + X2 + X3 + X12 + X15 + X16 + X17 + X18 + X19 + X21 + X24 + X25 + X26 + X27 + 1
X2^2 + X2
X2*X1 + X26*X10 + X26*X14 + X26*X16 + X26*X18 + X26*X21 + X26*X22 + X26*X25 + X27*X2 + X27*X3 + X27*X6 + X27*X8 + X27*X11 + X27*X13 + X27*X14 + X27*X15 + X27*X20 + X27*X21 + X27*X24 + X27*X26 + X4 + X9 + X11 + X12 + X14 + X15 + X16 + X18 + X19 + X20 + X22 + X23 + X24 + X25 + X27 + 1
X1^2 + X1
X27*X26*X25 + X26*X10 + X26*X12 + X26*X14 + X26*X15 + X26*X16 + X26*X17 + X26*X18 + X26*X19 + X26*X22 + X26*X23 + X26*X24 + X27*X1 + X27*X3 + X27*X4 + X27*X6 + X27*X10 + X27*X11 + X27*X12 + X27*X16 + X27*X17 + X27*X18 + X27*X19 + X2 + X5 + X8 + X9 + X10 + X13 + X14 + X15 + X16 + X17 + X18 + X19 + X20 + X22 + X23 + X24
X27*X26*X24 + X26*X17 + X26*X18 + X26*X21 + X26*X22 + X26*X24 + X26*X25 + X27*X2 + X27*X3 + X27*X9 + X27*X10 + X27*X11 + X27*X13 + X27*X15 + X27*X16 + X27*X17 + X27*X18 + X27*X21 + X2 + X4 + X5 + X7 + X8 + X9 + X14 + X19 + X20 + X21 + X22 + X23 + X24 + X25
X27*X26*X23 + X27*X1 + X27*X2 + X27*X3 + X27*X7 + X27*X8 + X27*X10 + X27*X12 + X27*X15 + X27*X16 + X27*X18 + X27*X20 + X27*X21 + X27*X22 + X27*X25 + X27*X26 + X27
X27*X26*X22 + X26*X10 + X26*X12 + X26*X14 + X26*X15 + X26*X18 + X27*X1 + X27*X2 + X27*X4 + X27*X6 + X27*X7 + X27*X8 + X27*X10 + X27*X12 + X27*X13 + X27*X14 + X27*X16 + X27*X20 + X27*X23 + X27*X24 + X2 + X6 + X8 + X9 + X13 + X14 + X17 + X18 + X20 + X21 + X22 + X24 + X25 + X26 + 1
X27*X26*X21 + X26*X16 + X26*X18 + X26*X19 + X26*X21 + X26*X23 + X26*X25 + X27*X3 + X27*X4 + X27*X5 + X27*X6 + X27*X8 + X27*X9 + X27*X11 + X27*X12 + X27*X13 + X27*X14 + X27*X15 + X27*X17 + X27*X18 + X27*X21 + X27*X22 + X27*X25 + X2 + X4 + X6 + X7 + X8 + X9 + X10 + X14 + X15 + X16 + X20 + X22 + X24 + X26 + X27 + 1
X27*X26*X20 + X26*X10 + X26*X12 + X26*X14 + X26*X15 + X26*X18 + X27*X1 + X27*X3 + X27*X7 + X27*X8 + X27*X9 + X27*X10 + X27*X11 + X27*X12 + X27*X13 + X27*X14 + X27*X15 + X27*X18 + X27*X21 + X27*X22 + X27*X23 + X27*X25 + X2 + X6 + X8 + X9 + X13 + X14 + X17 + X18 + X20 + X21 + X22 + X24 + X25 + X26 + 1
X27*X26*X19 + X26*X10 + X26*X14 + X26*X16 + X26*X19 + X26*X21 + X26*X24 + X26*X25 + X27*X2 + X27*X4 + X27*X5 + X27*X9 + X27*X11 + X27*X12 + X27*X13 + X27*X15 + X27*X19 + X27*X21 + X27*X22 + X27*X25 + X1 + X4 + X7 + X9 + X10 + X11 + X13 + X16 + X17 + X18 + X19 + X23 + X24 + X25 + 1
X27*X26*X18 + X26*X16 + X26*X18 + X26*X19 + X26*X21 + X26*X23 + X26*X25 + X27*X1 + X27*X4 + X27*X6 + X27*X9 + X27*X11 + X27*X12 + X27*X14 + X27*X15 + X27*X18 + X27*X21 + X27*X22 + X27*X23 + X27*X26 + X2 + X4 + X6 + X7 + X8 + X9 + X10 + X14 + X15 + X16 + X20 + X22 + X24 + X26 + 1
X27*X26*X17 + X26*X16 + X26*X17 + X26*X19 + X26*X22 + X26*X23 + X26*X24 + X27*X1 + X27*X2 + X27*X3 + X27*X4 + X27*X8 + X27*X10 + X27*X13 + X27*X15 + X27*X16 + X27*X17 + X27*X22 + X27*X23 + X27*X26 + X5 + X6 + X10 + X15 + X16 + X19 + X21 + X23 + X25 + X26 + X27 + 1
X27*X26*X16 + X26*X12 + X26*X15 + X26*X16 + X26*X17 + X26*X19 + X26*X22 + X27*X1 + X27*X2 + X27*X3 + X27*X4 + X27*X8 + X27*X10 + X27*X12 + X27*X14 + X27*X15 + X27*X16 + X27*X22 + X27*X23 + X27*X24 + X27*X25 + X27*X26 + X1 + X5 + X6 + X9 + X10 + X11 + X16 + X24 + X25 + X26 + X27
X27*X26*X15 + X26*X10 + X26*X14 + X26*X17 + X26*X21 + X26*X22 + X26*X23 + X26*X25 + X27*X4 + X27*X5 + X27*X6 + X27*X7 + X27*X9 + X27*X10 + X27*X12 + X27*X13 + X27*X15 + X27*X16 + X27*X21 + X27*X23 + X27*X26 + X1 + X4 + X5 + X6 + X7 + X9 + X11 + X13 + X15 + X17 + X18 + X21 + X24 + X26
X27*X26*X14 + X26*X10 + X26*X12 + X26*X14 + X26*X15 + X26*X16 + X26*X17 + X26*X18 + X26*X19 + X26*X22 + X26*X23 + X26*X24 + X27*X3 + X27*X4 + X27*X5 + X27*X6 + X27*X8 + X27*X11 + X27*X12 + X27*X13 + X27*X14 + X27*X15 + X27*X16 + X27*X18 + X27*X20 + X27*X21 + X27*X24 + X27*X25 + X2 + X5 + X8 + X9 + X10 + X13 + X14 + X15 + X16 + X17 + X18 + X19 + X20 + X22 + X23 + X24
X27*X26*X12 + X26*X10 + X26*X12 + X26*X14 + X26*X15 + X26*X18 + X27*X4 + X27*X5 + X27*X6 + X27*X8 + X27*X9 + X27*X10 + X27*X16 + X27*X17 + X27*X19 + X27*X20 + X27*X22 + X27*X24 + X27*X25 + X2 + X6 + X8 + X9 + X13 + X14 + X17 + X18 + X20 + X21 + X22 + X24 + X25 + X26 + 1
X27*X26*X10 + X26*X12 + X26*X15 + X26*X23 + X26*X24 + X27*X1 + X27*X2 + X27*X3 + X27*X5 + X27*X6 + X27*X7 + X27*X8 + X27*X12 + X27*X13 + X27*X14 + X27*X15 + X27*X16 + X27*X18 + X27*X19 + X27*X20 + X27*X22 + X27*X24 + X27*X25 + X27*X26 + X1 + X9 + X11 + X15 + X19 + X21 + X23 + X24 + X27 + 1
Total CPU time : 439.938 s
Peak memory    : 985 MiB
Resource index : 433338 s*MiB
