[parser] loading polynomials from 'scan5/wd_N30_n24.in' (format: default)
[m4gb]  I 0 0 63 0
[m4gb]  U #b:  63 #cp:   187 #mr:  103 #mc:  861 s=0.0027344
[m4gb]  M #b:  63 #cp:   187 #mr:  103 #mc:  758 s=0.0002507
[m4gb]  P lcmdegree=3
[m4gb]  P #b:  63 #cp:     0 #mr: 3154 #mc: 9187 s=0.0563368
[m4gb]  P #n:187
[m4gb]  U #b: 250 #cp:  2725 #mr: 3918 #mc: 9187 s=0.0852889
[m4gb]  M #b: 250 #cp:  2725 #mr: 3918 #mc: 8423 s=0.002001
[m4gb]  P lcmdegree=3
[m4gb]  P #b: 250 #cp:  2561 #mr: 3918 #mc: 8423 s=0.0517381
[m4gb]  P #n:164
[m4gb]  U #b: 414 #cp:  5182 #mr: 4082 #mc: 8423 s=0.124623
[m4gb]  M #b: 414 #cp:  5182 #mr: 4082 #mc: 8259 s=0.0006319
[m4gb]  P lcmdegree=4
[m4gb]  P #b: 414 #cp:  4670 #mr:72381 #mc:63370 s=4.9472
[m4gb]  P #n:503
[m4gb]  U #b: 917 #cp: 14916 #mr:77450 #mc:63370 s=2.12292
[m4gb]  M #b: 917 #cp: 14916 #mr:77450 #mc:58301 s=0.0231293
[m4gb]  P lcmdegree=4
[m4gb]  P #b: 917 #cp: 14404 #mr:77450 #mc:58301 s=1.95445
[m4gb]  P #n:0
[m4gb]  U #b: 917 #cp: 14404 #mr:77450 #mc:58301 s=1.2e-06
[m4gb]  M #b: 917 #cp: 14404 #mr:77450 #mc:58301 s=0.0020804
[m4gb]  P lcmdegree=4
[m4gb]  P #b: 917 #cp: 13892 #mr:77450 #mc:58301 s=1.79363
[m4gb]  P #n:130
[m4gb]  U #b:1047 #cp: 16855 #mr:77580 #mc:58301 s=0.578708
[m4gb]  M #b:1047 #cp: 16855 #mr:77580 #mc:58171 s=0.0022009
[m4gb]  P lcmdegree=4
[m4gb]  P #b:1047 #cp: 16343 #mr:77580 #mc:58171 s=4.51104
[m4gb]  P #n:382
[m4gb]  U #b:1429 #cp: 25153 #mr:77962 #mc:58171 s=2.61335
[m4gb]  M #b:1429 #cp: 25153 #mr:77962 #mc:57789 s=0.004307
[m4gb]  P lcmdegree=4
[m4gb]  P #b:1429 #cp: 24641 #mr:77962 #mc:57789 s=5.22586
[m4gb]  P #n:471
[m4gb]  U #b:1900 #cp: 35548 #mr:78433 #mc:57789 s=6.01488
[m4gb]  M #b:1900 #cp: 35548 #mr:78433 #mc:57318 s=0.0155718
[m4gb]  P lcmdegree=4
[m4gb]  P #b:1900 #cp: 35036 #mr:78433 #mc:57318 s=6.02629
[m4gb]  P #n:513
[m4gb]  U #b:2413 #cp: 47191 #mr:78946 #mc:57318 s=8.29416
[m4gb]  M #b:2413 #cp: 47191 #mr:78946 #mc:56805 s=0.0033995
[m4gb]  P lcmdegree=4
[m4gb]  P #b:2413 #cp: 46679 #mr:78946 #mc:56805 s=6.20778
[m4gb]  P #n:492
[m4gb]  U #b:2905 #cp: 58804 #mr:79438 #mc:56805 s=10.4772
[m4gb]  M #b:2905 #cp: 58804 #mr:79438 #mc:56313 s=0.0032
[m4gb]  P lcmdegree=4
[m4gb]  P #b:2905 #cp: 58292 #mr:79438 #mc:56313 s=12.9795
[m4gb]  P #n:713
[m4gb]  U #b:3159 #cp: 70906 #mr:81971 #mc:56313 s=40.5641
[m4gb]  M #b:3159 #cp: 70906 #mr:81971 #mc:53780 s=0.0146959
[m4gb]  P lcmdegree=4
[m4gb]  P #b:3159 #cp: 70394 #mr:81971 #mc:53780 s=17.7391
[m4gb]  P #n:537
[m4gb]  U #b:3408 #cp: 77576 #mr:83446 #mc:53780 s=20.809
[m4gb]  M #b:3408 #cp: 77576 #mr:83446 #mc:52305 s=0.0132238
[m4gb]  P lcmdegree=4
[m4gb]  P #b:3408 #cp: 77064 #mr:83446 #mc:52305 s=16.2143
[m4gb]  P #n:622
[m4gb]  U #b:3898 #cp: 91119 #mr:84356 #mc:52305 s=18.5514
[m4gb]  M #b:3898 #cp: 91119 #mr:84356 #mc:51395 s=0.0147567
[m4gb]  P lcmdegree=4
[m4gb]  P #b:3898 #cp: 90607 #mr:84356 #mc:51395 s=11.827
[m4gb]  P #n:368
[m4gb]  U #b:4266 #cp:100481 #mr:84724 #mc:51395 s=10.4221
[m4gb]  M #b:4266 #cp:100481 #mr:84724 #mc:51027 s=0.0029795
[m4gb]  P lcmdegree=4
[m4gb]  P #b:4266 #cp: 99969 #mr:84724 #mc:51027 s=7.59454
[m4gb]  P #n:339
[m4gb]  U #b:4605 #cp:109461 #mr:85063 #mc:51027 s=14.668
[m4gb]  M #b:4605 #cp:109461 #mr:85063 #mc:50688 s=0.0030811
[m4gb]  P lcmdegree=4
[m4gb]  P #b:4605 #cp:108949 #mr:85063 #mc:50688 s=9.34299
[m4gb]  P #n:388
[m4gb]  U #b:4993 #cp:119813 #mr:85451 #mc:50688 s=18.8801
[m4gb]  M #b:4993 #cp:119813 #mr:85451 #mc:50300 s=0.0023483
[m4gb]  P lcmdegree=4
[m4gb]  P #b:4993 #cp:119301 #mr:85451 #mc:50300 s=10.2046
[m4gb]  P #n:354
[m4gb]  U #b:5347 #cp:129213 #mr:85805 #mc:50300 s=19.9577
[m4gb]  M #b:5347 #cp:129213 #mr:85805 #mc:49946 s=0.0058329
[m4gb]  P lcmdegree=4
[m4gb]  P #b:5347 #cp:128701 #mr:85805 #mc:49946 s=14.2149
[m4gb]  P #n:537
[m4gb]  U #b:5277 #cp:132473 #mr:87771 #mc:49946 s=45.0597
[m4gb]  M #b:5277 #cp:132473 #mr:87771 #mc:47980 s=0.0262805
[m4gb]  P lcmdegree=4
[m4gb]  P #b:5277 #cp:131961 #mr:87771 #mc:47980 s=12.6536
[m4gb]  P #n:100
[m4gb]  U #b:5377 #cp:134861 #mr:87871 #mc:47980 s=5.89783
[m4gb]  M #b:5377 #cp:134861 #mr:87871 #mc:47880 s=0.0014082
[m4gb]  P lcmdegree=4
[m4gb]  P #b:5377 #cp:134349 #mr:87871 #mc:47880 s=5.16471
[m4gb]  P #n:24
[m4gb]  U #b:5401 #cp:135045 #mr:87895 #mc:47880 s=1.46208
[m4gb]  M #b:5401 #cp:135045 #mr:87895 #mc:47856 s=0.0015818
[m4gb]  P lcmdegree=4
[m4gb]  P #b:5401 #cp:134533 #mr:87895 #mc:47856 s=7.23687
[m4gb]  P #n:0
[m4gb]  U #b:5401 #cp:134533 #mr:87895 #mc:47856 s=1.1e-06
[m4gb]  M #b:5401 #cp:134533 #mr:87895 #mc:47856 s=0.0006558
[m4gb]  P lcmdegree=4
[m4gb]  P #b:5401 #cp:134021 #mr:87895 #mc:47856 s=4.22539
[m4gb]  P #n:0
[m4gb]  U #b:5401 #cp:134021 #mr:87895 #mc:47856 s=7e-07
[m4gb]  M #b:5401 #cp:134021 #mr:87895 #mc:47856 s=0.0006892
[m4gb]  P lcmdegree=4
[m4gb]  P #b:5401 #cp:133509 #mr:87895 #mc:47856 s=2.98023
[m4gb]  P #n:0
[m4gb]  U #b:5401 #cp:133509 #mr:87895 #mc:47856 s=8e-07
[m4gb]  M #b:5401 #cp:133509 #mr:87895 #mc:47856 s=0.0009208
[m4gb]  P lcmdegree=4
[m4gb]  P #b:5401 #cp:132997 #mr:87895 #mc:47856 s=4.08161
[m4gb]  P #n:0
[m4gb]  U #b:5401 #cp:132997 #mr:87895 #mc:47856 s=6e-07
[m4gb]  M #b:5401 #cp:132997 #mr:87895 #mc:47856 s=0.0007059
[m4gb]  P lcmdegree=4
[m4gb]  P #b:5401 #cp:132485 #mr:87895 #mc:47856 s=2.35693
[m4gb]  P #n:0
[m4gb]  U #b:5401 #cp:132485 #mr:87895 #mc:47856 s=8e-07
[m4gb]  M #b:5401 #cp:132485 #mr:87895 #mc:47856 s=0.000452
[m4gb]  P lcmdegree=4
[m4gb]  P #b:5401 #cp:131973 #mr:87895 #mc:47856 s=1.67383
[m4gb]  P #n:0
[m4gb]  U #b:5401 #cp:131973 #mr:87895 #mc:47856 s=8e-07
[m4gb]  M #b:5401 #cp:131973 #mr:87895 #mc:47856 s=0.0004523
[m4gb]  P lcmdegree=4
[m4gb]  P #b:5401 #cp:131461 #mr:87895 #mc:47856 s=1.61838
[m4gb]  P #n:0
[m4gb]  U #b:5401 #cp:131461 #mr:87895 #mc:47856 s=7e-07
[m4gb]  M #b:5401 #cp:131461 #mr:87895 #mc:47856 s=0.0004928
[m4gb]  P lcmdegree=4
[m4gb]  P #b:5401 #cp:130949 #mr:87895 #mc:47856 s=2.2171
[m4gb]  P #n:0
[m4gb]  U #b:5401 #cp:130949 #mr:87895 #mc:47856 s=6e-07
[m4gb]  M #b:5401 #cp:130949 #mr:87895 #mc:47856 s=0.0004196
[m4gb]  P lcmdegree=4
[m4gb]  P #b:5401 #cp:130437 #mr:87895 #mc:47856 s=1.73067
[m4gb]  P #n:0
[m4gb]  U #b:5401 #cp:130437 #mr:87895 #mc:47856 s=6e-07
[m4gb]  M #b:5401 #cp:130437 #mr:87895 #mc:47856 s=0.0004683
[m4gb]  P lcmdegree=4
[m4gb]  P #b:5401 #cp:129925 #mr:87895 #mc:47856 s=1.62252
[m4gb]  P #n:0
[m4gb]  U #b:5401 #cp:129925 #mr:87895 #mc:47856 s=6e-07
[m4gb]  M #b:5401 #cp:129925 #mr:87895 #mc:47856 s=0.0004296
[m4gb]  P lcmdegree=4
[m4gb]  P #b:5401 #cp:129413 #mr:87895 #mc:47856 s=3.50592
[m4gb]  P #n:0
[m4gb]  U #b:5401 #cp:129413 #mr:87895 #mc:47856 s=5e-07
[m4gb]  M #b:5401 #cp:129413 #mr:87895 #mc:47856 s=0.0005186
[m4gb]  P lcmdegree=4
[m4gb]  P #b:5401 #cp:128901 #mr:87895 #mc:47856 s=5.17645
[m4gb]  P #n:0
[m4gb]  U #b:5401 #cp:128901 #mr:87895 #mc:47856 s=6e-07
[m4gb]  M #b:5401 #cp:128901 #mr:87895 #mc:47856 s=0.0004929
[m4gb]  P lcmdegree=4
[m4gb]  P #b:5401 #cp:128389 #mr:87895 #mc:47856 s=2.88091
[m4gb]  P #n:238
[m4gb]  U #b:5639 #cp:135269 #mr:88133 #mc:47856 s=14.4296
[m4gb]  M #b:5639 #cp:135269 #mr:88133 #mc:47618 s=0.0016758
[m4gb]  P lcmdegree=4
[m4gb]  P #b:5639 #cp:134757 #mr:88133 #mc:47618 s=3.96532
[m4gb]  P #n:43
[m4gb]  U #b:5682 #cp:136004 #mr:88176 #mc:47618 s=2.74353
[m4gb]  M #b:5682 #cp:136004 #mr:88176 #mc:47575 s=0.0008388
[m4gb]  P lcmdegree=4
[m4gb]  P #b:5682 #cp:135576 #mr:88176 #mc:47575 s=2.42576
[m4gb]  P #n:0
[m4gb]  U #b:5682 #cp:135576 #mr:88176 #mc:47575 s=7e-07
[m4gb]  M #b:5682 #cp:135576 #mr:88176 #mc:47575 s=0.0004553
[m4gb]  P lcmdegree=5
[m4gb]  P #b:5682 #cp:135064 #mr:1030652 #mc:191107 s=4.99625
[m4gb]  P #n:512
[m4gb]  U #b:6194 #cp:149912 #mr:1028551 #mc:191107 s=33.3983
[m4gb]  M #b:6194 #cp:149912 #mr:1028551 #mc:185475 s=0.075971
[m4gb]  P lcmdegree=5
[m4gb]  P #b:6194 #cp:149400 #mr:1036284 #mc:185475 s=2.8334
[m4gb]  P #n:253
[m4gb]  U #b:6447 #cp:156737 #mr:1031334 #mc:185475 s=17.8059
[m4gb]  M #b:6447 #cp:156737 #mr:1031334 #mc:182692 s=0.0786308
[m4gb]  P lcmdegree=5
[m4gb]  P #b:6447 #cp:156225 #mr:1039067 #mc:182692 s=1.8875
[m4gb]  P #n:0
[m4gb]  U #b:6447 #cp:156225 #mr:1031334 #mc:182692 s=0.0777619
[m4gb]  M #b:6447 #cp:156225 #mr:1031334 #mc:182692 s=0.0034198
[m4gb]  P lcmdegree=5
[m4gb]  P #b:6447 #cp:155713 #mr:1039067 #mc:182692 s=51.6518
[m4gb]  P #n:336
[m4gb]  U #b: 418 #cp: 13973 #mr:95510 #mc:46810 s=141.157
[m4gb]  M #b: 418 #cp: 13973 #mr:95510 #mc: 7618 s=0.0228835
[m4gb]  P lcmdegree=3
[m4gb]  P #b: 418 #cp: 13461 #mr:95510 #mc: 7618 s=0.0286958
[m4gb]  P #n:0
[m4gb]  U #b: 418 #cp: 13461 #mr:95510 #mc: 7618 s=0.0157542
[m4gb]  M #b: 418 #cp: 13461 #mr:95510 #mc: 7618 s=0.0001535
[m4gb]  P lcmdegree=3
[m4gb]  P #b: 418 #cp: 12949 #mr:95510 #mc: 7618 s=0.0380266
[m4gb]  P #n:0
[m4gb]  U #b: 418 #cp: 12949 #mr:95510 #mc: 7618 s=0.0150074
[m4gb]  M #b: 418 #cp: 12949 #mr:95510 #mc: 7618 s=0.000155
[m4gb]  P lcmdegree=3
[m4gb]  P #b: 418 #cp: 12437 #mr:95510 #mc: 7618 s=0.0196505
[m4gb]  P #n:0
[m4gb]  U #b: 418 #cp: 12437 #mr:95510 #mc: 7618 s=0.0155494
[m4gb]  M #b: 418 #cp: 12437 #mr:95510 #mc: 7618 s=0.0001568
[m4gb]  P lcmdegree=3
[m4gb]  P #b: 418 #cp: 11925 #mr:95510 #mc: 7618 s=0.0350838
[m4gb]  P #n:0
[m4gb]  U #b: 418 #cp: 11925 #mr:95510 #mc: 7618 s=0.012694
[m4gb]  M #b: 418 #cp: 11925 #mr:95510 #mc: 7618 s=0.0001531
[m4gb]  P lcmdegree=3
[m4gb]  P #b: 418 #cp: 11413 #mr:95510 #mc: 7618 s=0.041075
[m4gb]  P #n:0
[m4gb]  U #b: 418 #cp: 11413 #mr:95510 #mc: 7618 s=0.012771
[m4gb]  M #b: 418 #cp: 11413 #mr:95510 #mc: 7618 s=0.0019916
[m4gb]  P lcmdegree=3
[m4gb]  P #b: 418 #cp: 10901 #mr:95510 #mc: 7618 s=0.0339691
[m4gb]  P #n:0
[m4gb]  U #b: 418 #cp: 10901 #mr:95510 #mc: 7618 s=0.0192209
[m4gb]  M #b: 418 #cp: 10901 #mr:95510 #mc: 7618 s=0.0001476
[m4gb]  P lcmdegree=3
[m4gb]  P #b: 418 #cp: 10389 #mr:95510 #mc: 7618 s=0.0323659
[m4gb]  P #n:0
[m4gb]  U #b: 418 #cp: 10389 #mr:95510 #mc: 7618 s=0.014118
[m4gb]  M #b: 418 #cp: 10389 #mr:95510 #mc: 7618 s=0.0001524
[m4gb]  P lcmdegree=3
[m4gb]  P #b: 418 #cp:  9877 #mr:95510 #mc: 7618 s=0.0309023
[m4gb]  P #n:0
[m4gb]  U #b: 418 #cp:  9877 #mr:95510 #mc: 7618 s=0.0129751
[m4gb]  M #b: 418 #cp:  9877 #mr:95510 #mc: 7618 s=0.0001636
[m4gb]  P lcmdegree=3
[m4gb]  P #b: 418 #cp:  9365 #mr:95510 #mc: 7618 s=0.0416124
[m4gb]  P #n:0
[m4gb]  U #b: 418 #cp:  9365 #mr:95510 #mc: 7618 s=0.0129836
[m4gb]  M #b: 418 #cp:  9365 #mr:95510 #mc: 7618 s=0.00015
[m4gb]  P lcmdegree=3
[m4gb]  P #b: 418 #cp:  8853 #mr:95510 #mc: 7618 s=0.0446147
[m4gb]  P #n:0
[m4gb]  U #b: 418 #cp:  8853 #mr:95510 #mc: 7618 s=0.016146
[m4gb]  M #b: 418 #cp:  8853 #mr:95510 #mc: 7618 s=0.0001592
[m4gb]  P lcmdegree=3
[m4gb]  P #b: 418 #cp:  8341 #mr:95510 #mc: 7618 s=0.0456886
[m4gb]  P #n:0
[m4gb]  U #b: 418 #cp:  8341 #mr:95510 #mc: 7618 s=0.0126334
[m4gb]  M #b: 418 #cp:  8341 #mr:95510 #mc: 7618 s=0.0001441
[m4gb]  P lcmdegree=3
[m4gb]  P #b: 418 #cp:  7829 #mr:95510 #mc: 7618 s=0.0377267
[m4gb]  P #n:0
[m4gb]  U #b: 418 #cp:  7829 #mr:95510 #mc: 7618 s=0.016931
[m4gb]  M #b: 418 #cp:  7829 #mr:95510 #mc: 7618 s=0.0001541
[m4gb]  P lcmdegree=3
[m4gb]  P #b: 418 #cp:  7317 #mr:95510 #mc: 7618 s=0.025797
[m4gb]  P #n:0
[m4gb]  U #b: 418 #cp:  7317 #mr:95510 #mc: 7618 s=0.0125161
[m4gb]  M #b: 418 #cp:  7317 #mr:95510 #mc: 7618 s=0.0001514
[m4gb]  P lcmdegree=3
[m4gb]  P #b: 418 #cp:  7296 #mr:95510 #mc: 7618 s=0.0036149
[m4gb]  P #n:0
[m4gb]  U #b: 418 #cp:  7296 #mr:95510 #mc: 7618 s=0.0129711
[m4gb]  M #b: 418 #cp:  7296 #mr:95510 #mc: 7618 s=0.0001517
[m4gb]  P lcmdegree=4
[m4gb]  P #b: 418 #cp:  6784 #mr:128133 #mc: 7618 s=0.0857659
[m4gb]  P #n:0
[m4gb]  U #b: 418 #cp:  6784 #mr:95510 #mc: 7618 s=0.0221394
[m4gb]  M #b: 418 #cp:  6784 #mr:95510 #mc: 7618 s=0.0001513
[m4gb]  P lcmdegree=4
[m4gb]  P #b: 418 #cp:  6272 #mr:128133 #mc: 7618 s=0.109724
[m4gb]  P #n:0
[m4gb]  U #b: 418 #cp:  6272 #mr:95510 #mc: 7618 s=0.0202866
[m4gb]  M #b: 418 #cp:  6272 #mr:95510 #mc: 7618 s=0.0001595
[m4gb]  P lcmdegree=4
[m4gb]  P #b: 418 #cp:  5760 #mr:128133 #mc: 7618 s=0.0913449
[m4gb]  P #n:0
[m4gb]  U #b: 418 #cp:  5760 #mr:95510 #mc: 7618 s=0.0234893
[m4gb]  M #b: 418 #cp:  5760 #mr:95510 #mc: 7618 s=0.0001489
[m4gb]  P lcmdegree=4
[m4gb]  P #b: 418 #cp:  5248 #mr:128133 #mc: 7618 s=0.111211
[m4gb]  P #n:0
[m4gb]  U #b: 418 #cp:  5248 #mr:95510 #mc: 7618 s=0.0328254
[m4gb]  M #b: 418 #cp:  5248 #mr:95510 #mc: 7618 s=0.0001612
[m4gb]  P lcmdegree=4
[m4gb]  P #b: 418 #cp:  4736 #mr:128133 #mc: 7618 s=0.0994512
[m4gb]  P #n:0
[m4gb]  U #b: 418 #cp:  4736 #mr:95510 #mc: 7618 s=0.0320224
[m4gb]  M #b: 418 #cp:  4736 #mr:95510 #mc: 7618 s=0.0001524
[m4gb]  P lcmdegree=4
[m4gb]  P #b: 418 #cp:  4224 #mr:128133 #mc: 7618 s=0.0915272
[m4gb]  P #n:0
[m4gb]  U #b: 418 #cp:  4224 #mr:95510 #mc: 7618 s=0.0220244
[m4gb]  M #b: 418 #cp:  4224 #mr:95510 #mc: 7618 s=0.0001645
[m4gb]  P lcmdegree=4
[m4gb]  P #b: 418 #cp:  3712 #mr:128133 #mc: 7618 s=0.09864
[m4gb]  P #n:0
[m4gb]  U #b: 418 #cp:  3712 #mr:95510 #mc: 7618 s=0.0221086
[m4gb]  M #b: 418 #cp:  3712 #mr:95510 #mc: 7618 s=0.0001515
[m4gb]  P lcmdegree=4
[m4gb]  P #b: 418 #cp:  3200 #mr:128133 #mc: 7618 s=0.100866
[m4gb]  P #n:0
[m4gb]  U #b: 418 #cp:  3200 #mr:95510 #mc: 7618 s=0.0201235
[m4gb]  M #b: 418 #cp:  3200 #mr:95510 #mc: 7618 s=0.000172
[m4gb]  P lcmdegree=4
[m4gb]  P #b: 418 #cp:  2688 #mr:128133 #mc: 7618 s=0.110827
[m4gb]  P #n:0
[m4gb]  U #b: 418 #cp:  2688 #mr:95510 #mc: 7618 s=0.0289369
[m4gb]  M #b: 418 #cp:  2688 #mr:95510 #mc: 7618 s=0.0001566
[m4gb]  P lcmdegree=4
[m4gb]  P #b: 418 #cp:  2176 #mr:128133 #mc: 7618 s=0.0865919
[m4gb]  P #n:0
[m4gb]  U #b: 418 #cp:  2176 #mr:95510 #mc: 7618 s=0.0241654
[m4gb]  M #b: 418 #cp:  2176 #mr:95510 #mc: 7618 s=0.0001583
[m4gb]  P lcmdegree=4
[m4gb]  P #b: 418 #cp:  1664 #mr:128133 #mc: 7618 s=0.121197
[m4gb]  P #n:0
[m4gb]  U #b: 418 #cp:  1664 #mr:95510 #mc: 7618 s=0.0276972
[m4gb]  M #b: 418 #cp:  1664 #mr:95510 #mc: 7618 s=0.0001568
[m4gb]  P lcmdegree=4
[m4gb]  P #b: 418 #cp:  1152 #mr:128133 #mc: 7618 s=0.123162
[m4gb]  P #n:0
[m4gb]  U #b: 418 #cp:  1152 #mr:95510 #mc: 7618 s=0.0207191
[m4gb]  M #b: 418 #cp:  1152 #mr:95510 #mc: 7618 s=0.0001569
[m4gb]  P lcmdegree=4
[m4gb]  P #b: 418 #cp:   640 #mr:128133 #mc: 7618 s=0.110337
[m4gb]  P #n:0
[m4gb]  U #b: 418 #cp:   640 #mr:95510 #mc: 7618 s=0.0292578
[m4gb]  M #b: 418 #cp:   640 #mr:95510 #mc: 7618 s=0.0001694
[m4gb]  P lcmdegree=4
[m4gb]  P #b: 418 #cp:   128 #mr:128133 #mc: 7618 s=0.123795
[m4gb]  P #n:0
[m4gb]  U #b: 418 #cp:   128 #mr:95510 #mc: 7618 s=0.0189347
[m4gb]  M #b: 418 #cp:   128 #mr:95510 #mc: 7618 s=0.0001644
[m4gb]  P lcmdegree=4
[m4gb]  P #b: 418 #cp:     0 #mr:128133 #mc: 7618 s=0.0647243
[m4gb]  P #n:0
[m4gb]  upper_bound = 135751 = X39^5
[m4gb]  total update time   : 436.745s
[m4gb]  total matrix time   : 0.339742s
[m4gb]  total selection time: 259.765s
[m4gb]  total time          : 696.85s
X1 + X2 + X4 + X7 + X8 + X10 + X11 + X12 + X14 + X15 + X17 + X18 + X20 + X23 + X26 + X27 + X29
^2 + 
^2 + 
^2 + 
^2 + 
^2 + 
^2 + 
^2 + 
^2 + 
^2 + 
^2 + 
X29^2 + X29
X28^2 + X28
X28*X17 + X28*X18 + X28*X19 + X28*X24 + X28*X26 + X28*X27 + X29*X0 + X29*X2 + X29*X3 + X29*X4 + X29*X5 + X29*X6 + X29*X7 + X29*X9 + X29*X11 + X29*X14 + X29*X17 + X29*X19 + X29*X20 + X29*X21 + X29*X22 + X29*X23 + X29*X26 + X29*X27 + X2 + X3 + X4 + X5 + X8 + X11 + X14 + X18 + X21 + X22 + X23 + X25 + X26 + X27 + 1
X28*X16 + X28*X20 + X28*X21 + X28*X23 + X28*X26 + X29*X0 + X29*X3 + X29*X4 + X29*X7 + X29*X9 + X29*X10 + X29*X12 + X29*X13 + X29*X15 + X29*X16 + X29*X17 + X29*X18 + X29*X19 + X29*X20 + X29*X27 + X29*X28 + X0 + X4 + X5 + X7 + X8 + X9 + X14 + X16 + X17 + X18 + X23 + X24 + X25 + X27 + X29
X28*X15 + X28*X19 + X28*X20 + X28*X22 + X28*X24 + X28*X26 + X28*X27 + X29*X0 + X29*X2 + X29*X3 + X29*X4 + X29*X6 + X29*X8 + X29*X11 + X29*X12 + X29*X13 + X29*X18 + X29*X21 + X29*X22 + X29*X24 + X29*X26 + X29*X27 + X0 + X2 + X4 + X5 + X6 + X7 + X10 + X11 + X13 + X14 + X15 + X16 + X18 + X19 + X23 + X24 + X27 + X29 + 1
X28*X14 + X28*X20 + X28*X21 + X28*X22 + X28*X24 + X28*X25 + X28*X26 + X28*X27 + X29*X0 + X29*X3 + X29*X5 + X29*X6 + X29*X7 + X29*X8 + X29*X11 + X29*X13 + X29*X14 + X29*X15 + X29*X17 + X29*X18 + X29*X19 + X29*X20 + X29*X21 + X29*X22 + X29*X28 + X2 + X3 + X8 + X9 + X11 + X12 + X15 + X16 + X19 + X21 + X24 + X26
X28*X13 + X28*X18 + X28*X23 + X28*X24 + X28*X25 + X28*X26 + X28*X27 + X29*X2 + X29*X3 + X29*X5 + X29*X6 + X29*X8 + X29*X11 + X29*X13 + X29*X14 + X29*X16 + X29*X19 + X29*X21 + X29*X23 + X29*X28 + X0 + X2 + X3 + X6 + X9 + X10 + X20 + X25 + X26 + X27 + X28 + X29 + 1
X28*X12 + X28*X21 + X28*X24 + X29*X0 + X29*X2 + X29*X3 + X29*X5 + X29*X6 + X29*X11 + X29*X16 + X29*X17 + X29*X18 + X29*X19 + X29*X20 + X29*X23 + X29*X25 + X29*X27 + X29*X28 + X2 + X3 + X6 + X7 + X8 + X11 + X14 + X15 + X18 + X19 + X21 + X23 + X25 + X26 + X27 + X28 + 1
X28*X11 + X28*X18 + X28*X20 + X28*X22 + X28*X23 + X28*X25 + X28*X26 + X29*X2 + X29*X3 + X29*X7 + X29*X8 + X29*X10 + X29*X14 + X29*X16 + X29*X17 + X29*X19 + X29*X20 + X29*X21 + X29*X22 + X29*X24 + X29*X26 + X29*X27 + X29*X28 + X0 + X5 + X16 + X19 + X20 + X23 + X24 + X26 + X27 + X28 + 1
X28*X10 + X28*X18 + X28*X20 + X28*X21 + X28*X22 + X28*X23 + X28*X24 + X28*X26 + X29*X0 + X29*X2 + X29*X3 + X29*X4 + X29*X5 + X29*X6 + X29*X8 + X29*X9 + X29*X11 + X29*X12 + X29*X14 + X29*X19 + X29*X21 + X29*X22 + X29*X25 + X29*X26 + X29*X27 + X29*X28 + X0 + X3 + X5 + X6 + X7 + X8 + X11 + X12 + X14 + X15 + X16 + X17 + X20 + X21 + X27 + 1
X28*X9 + X28*X19 + X28*X23 + X29*X5 + X29*X6 + X29*X7 + X29*X9 + X29*X12 + X29*X14 + X29*X16 + X29*X17 + X29*X18 + X29*X19 + X29*X21 + X29*X24 + X29*X25 + X29*X26 + X29*X28 + X2 + X4 + X5 + X10 + X11 + X12 + X15 + X16 + X18 + X19 + X20 + X21 + X28 + X29 + 1
X28*X8 + X28*X18 + X28*X19 + X28*X20 + X28*X21 + X28*X24 + X28*X26 + X28*X27 + X29*X0 + X29*X3 + X29*X4 + X29*X5 + X29*X6 + X29*X7 + X29*X11 + X29*X13 + X29*X15 + X29*X22 + X29*X23 + X29*X24 + X29*X25 + X29*X26 + X29*X27 + X29*X28 + X0 + X2 + X3 + X5 + X7 + X8 + X10 + X11 + X12 + X14 + X15 + X16 + X18 + X23 + X24 + X25 + 1
X28*X7 + X28*X18 + X28*X19 + X28*X20 + X28*X24 + X28*X25 + X28*X27 + X29*X0 + X29*X7 + X29*X9 + X29*X11 + X29*X12 + X29*X13 + X29*X14 + X29*X18 + X29*X20 + X29*X21 + X29*X23 + X29*X25 + X29*X26 + X29*X27 + X2 + X3 + X5 + X7 + X9 + X11 + X17 + X19 + X20 + X21 + X22 + X23 + X27 + X28
X28*X6 + X28*X19 + X28*X23 + X28*X27 + X29*X2 + X29*X5 + X29*X6 + X29*X7 + X29*X10 + X29*X12 + X29*X15 + X29*X17 + X29*X18 + X29*X19 + X29*X20 + X29*X21 + X29*X22 + X29*X23 + X29*X24 + X29*X26 + X29*X27 + X29*X28 + X5 + X8 + X11 + X15 + X20 + X25 + X26 + X29 + 1
X28*X5 + X28*X18 + X28*X20 + X28*X21 + X28*X25 + X28*X26 + X28*X27 + X29*X2 + X29*X3 + X29*X4 + X29*X6 + X29*X7 + X29*X8 + X29*X12 + X29*X18 + X29*X19 + X29*X25 + X0 + X2 + X4 + X8 + X11 + X13 + X14 + X17 + X18 + X19 + X21 + X22 + X23 + X26 + X29
X28*X4 + X28*X18 + X28*X21 + X28*X25 + X28*X26 + X28*X27 + X29*X3 + X29*X9 + X29*X10 + X29*X15 + X29*X16 + X29*X17 + X29*X19 + X29*X22 + X29*X24 + X29*X27 + X29*X28 + X4 + X6 + X7 + X8 + X9 + X10 + X12 + X14 + X17 + X18 + X19 + X21 + X23 + X25 + X26 + X28
X28*X3 + X28*X20 + X28*X22 + X28*X23 + X28*X24 + X28*X25 + X29*X2 + X29*X3 + X29*X6 + X29*X7 + X29*X8 + X29*X9 + X29*X11 + X29*X12 + X29*X15 + X29*X16 + X29*X17 + X29*X18 + X29*X22 + X29*X24 + X29*X27 + X0 + X6 + X7 + X12 + X13 + X14 + X20 + X21 + X23 + X24 + X27 + X28 + X29
X28*X2 + X28*X19 + X28*X21 + X28*X24 + X28*X25 + X28*X26 + X29*X0 + X29*X4 + X29*X7 + X29*X9 + X29*X14 + X29*X15 + X29*X19 + X29*X21 + X29*X22 + X29*X24 + X29*X27 + X2 + X4 + X5 + X6 + X7 + X12 + X15 + X17 + X18 + X19 + X22 + X24 + X25 + X27 + 1
X28*X0 + X28*X20 + X28*X21 + X28*X22 + X28*X23 + X28*X24 + X28*X25 + X28*X27 + X29*X6 + X29*X8 + X29*X11 + X29*X16 + X29*X18 + X29*X22 + X29*X27 + X29*X28 + X6 + X7 + X8 + X9 + X10 + X13 + X15 + X16 + X17 + X18 + X19 + X22 + X23 + X25 + X28 + 1
X27^2 + X27
X27*X26 + X28*X18 + X28*X20 + X28*X21 + X28*X24 + X29*X0 + X29*X2 + X29*X3 + X29*X4 + X29*X6 + X29*X8 + X29*X11 + X29*X17 + X29*X18 + X29*X19 + X29*X22 + X29*X27 + X29*X28 + X0 + X2 + X7 + X12 + X13 + X16 + X18 + X20 + X21 + X22 + X25 + X26 + 1
X27*X25 + X28*X18 + X28*X19 + X28*X20 + X28*X22 + X28*X24 + X28*X25 + X28*X27 + X29*X0 + X29*X2 + X29*X3 + X29*X6 + X29*X7 + X29*X10 + X29*X12 + X29*X15 + X29*X16 + X29*X19 + X29*X21 + X29*X22 + X29*X28 + X0 + X2 + X4 + X5 + X7 + X11 + X12 + X14 + X15 + X17 + X18 + X20 + X21 + X27 + X28 + 1
X27*X24 + X28*X18 + X28*X19 + X28*X20 + X28*X25 + X28*X26 + X29*X7 + X29*X9 + X29*X10 + X29*X11 + X29*X12 + X29*X13 + X29*X18 + X29*X19 + X29*X23 + X29*X25 + X29*X26 + X29*X28 + X0 + X4 + X6 + X10 + X11 + X12 + X13 + X17 + X20 + X21 + X25 + X26 + X29
X27*X23 + X28*X19 + X28*X21 + X28*X25 + X28*X27 + X29*X0 + X29*X3 + X29*X4 + X29*X6 + X29*X7 + X29*X8 + X29*X9 + X29*X10 + X29*X13 + X29*X15 + X29*X16 + X29*X20 + X29*X22 + X29*X23 + X29*X26 + X29*X27 + X29*X28 + X3 + X7 + X11 + X14 + X15 + X16 + X18 + X20 + X21 + X22 + X23 + X25 + X26 + X29
X27*X22 + X28*X22 + X28*X27 + X29*X2 + X29*X5 + X29*X6 + X29*X9 + X29*X11 + X29*X15 + X29*X17 + X29*X19 + X29*X20 + X29*X21 + X29*X22 + X29*X25 + X7 + X8 + X11 + X14 + X15 + X19 + X21 + X24 + X27 + X28 + X29 + 1
X27*X21 + X28*X18 + X28*X19 + X28*X21 + X28*X22 + X28*X23 + X28*X25 + X28*X26 + X28*X27 + X29*X3 + X29*X4 + X29*X6 + X29*X7 + X29*X9 + X29*X10 + X29*X11 + X29*X12 + X29*X16 + X29*X18 + X29*X22 + X29*X24 + X29*X26 + X29*X28 + X0 + X2 + X6 + X7 + X8 + X9 + X11 + X14 + X15 + X16 + X19 + X20 + X24 + X25 + X29 + 1
X27*X20 + X28*X19 + X28*X20 + X28*X22 + X28*X23 + X28*X24 + X28*X27 + X29*X2 + X29*X3 + X29*X4 + X29*X5 + X29*X6 + X29*X7 + X29*X9 + X29*X10 + X29*X11 + X29*X12 + X29*X14 + X29*X16 + X29*X25 + X29*X27 + X0 + X6 + X8 + X11 + X12 + X13 + X16 + X19 + X25 + X27 + X28 + 1
X27*X19 + X28*X18 + X28*X19 + X28*X21 + X28*X22 + X29*X0 + X29*X2 + X29*X3 + X29*X5 + X29*X6 + X29*X7 + X29*X8 + X29*X9 + X29*X10 + X29*X11 + X29*X12 + X29*X15 + X29*X18 + X29*X19 + X29*X20 + X29*X22 + X29*X23 + X29*X25 + X29*X26 + X29*X27 + X2 + X13 + X15 + X16 + X23 + X24 + X27 + X28 + X29
X27*X18 + X28*X18 + X28*X20 + X28*X21 + X28*X22 + X28*X25 + X28*X26 + X29*X2 + X29*X4 + X29*X5 + X29*X8 + X29*X11 + X29*X15 + X29*X16 + X29*X21 + X29*X22 + X29*X23 + X29*X24 + X29*X25 + X29*X26 + X29*X27 + X29*X28 + X0 + X2 + X5 + X7 + X8 + X11 + X12 + X13 + X15 + X17 + X20 + X22 + X26 + X28
X27*X17 + X28*X18 + X28*X20 + X28*X21 + X28*X23 + X28*X24 + X28*X25 + X29*X0 + X29*X4 + X29*X6 + X29*X7 + X29*X9 + X29*X10 + X29*X12 + X29*X13 + X29*X17 + X29*X18 + X29*X21 + X29*X22 + X29*X23 + X29*X25 + X29*X27 + X2 + X3 + X5 + X8 + X10 + X11 + X12 + X16 + X17 + X18 + X21 + X23 + X24 + X25 + X27
X27*X16 + X28*X18 + X28*X20 + X28*X22 + X28*X23 + X28*X24 + X28*X26 + X28*X27 + X29*X0 + X29*X2 + X29*X3 + X29*X4 + X29*X7 + X29*X8 + X29*X10 + X29*X11 + X29*X13 + X29*X14 + X29*X15 + X29*X16 + X29*X17 + X29*X18 + X29*X20 + X29*X21 + X29*X22 + X2 + X3 + X4 + X7 + X9 + X10 + X15 + X22 + X23 + X24 + X25 + X27 + X28 + X29 + 1
X27*X15 + X28*X19 + X28*X20 + X28*X25 + X28*X26 + X29*X2 + X29*X3 + X29*X5 + X29*X7 + X29*X8 + X29*X9 + X29*X10 + X29*X13 + X29*X16 + X29*X18 + X29*X21 + X29*X25 + X29*X26 + X0 + X2 + X4 + X7 + X12 + X13 + X14 + X16 + X19 + X21 + X22 + X25 + X26 + X29
X27*X14 + X28*X18 + X28*X22 + X29*X2 + X29*X4 + X29*X5 + X29*X8 + X29*X12 + X29*X15 + X29*X17 + X29*X19 + X29*X21 + X29*X24 + X29*X25 + X29*X26 + X0 + X3 + X4 + X5 + X6 + X7 + X8 + X9 + X12 + X15 + X16 + X17 + X18 + X20 + X21 + X23 + X24 + X26 + X28
X27*X13 + X28*X20 + X28*X21 + X28*X23 + X28*X25 + X29*X2 + X29*X7 + X29*X8 + X29*X11 + X29*X13 + X29*X15 + X29*X17 + X29*X18 + X29*X19 + X29*X20 + X29*X21 + X29*X22 + X29*X24 + X2 + X4 + X8 + X10 + X15 + X17 + X21 + X23 + X26 + X28 + 1
X27*X12 + X28*X20 + X28*X24 + X29*X0 + X29*X3 + X29*X5 + X29*X6 + X29*X7 + X29*X10 + X29*X11 + X29*X12 + X29*X13 + X29*X14 + X29*X16 + X29*X18 + X29*X19 + X29*X21 + X29*X25 + X29*X26 + X29*X27 + X29*X28 + X3 + X10 + X14 + X15 + X18 + X19 + X20 + X22 + X24 + X26 + X27 + X28 + X29 + 1
X27*X11 + X28*X18 + X28*X20 + X28*X23 + X28*X24 + X28*X26 + X29*X2 + X29*X5 + X29*X8 + X29*X9 + X29*X11 + X29*X12 + X29*X13 + X29*X14 + X29*X15 + X29*X17 + X29*X18 + X29*X20 + X29*X23 + X29*X25 + X29*X26 + X29*X28 + X0 + X3 + X4 + X7 + X10 + X11 + X13 + X17 + X18 + X20 + X21 + X22 + X24 + X25 + X27 + X28 + X29
X27*X10 + X28*X18 + X28*X20 + X28*X21 + X28*X23 + X28*X24 + X28*X25 + X28*X26 + X28*X27 + X29*X4 + X29*X5 + X29*X7 + X29*X8 + X29*X11 + X29*X15 + X29*X20 + X29*X21 + X29*X22 + X2 + X3 + X5 + X10 + X11 + X15 + X16 + X18 + X19 + X20 + X21 + X22 + X24 + X27 + X28 + X29 + 1
X27*X9 + X28*X20 + X28*X24 + X28*X27 + X29*X3 + X29*X7 + X29*X8 + X29*X10 + X29*X11 + X29*X13 + X29*X14 + X29*X15 + X29*X16 + X29*X18 + X29*X19 + X29*X21 + X29*X23 + X29*X25 + X29*X27 + X29*X28 + X4 + X8 + X9 + X12 + X15 + X17 + X18 + X20 + X21 + X22 + X26 + X29
X27*X8 + X28*X18 + X28*X20 + X28*X22 + X28*X23 + X29*X0 + X29*X2 + X29*X3 + X29*X4 + X29*X6 + X29*X8 + X29*X11 + X29*X13 + X29*X15 + X29*X17 + X29*X20 + X29*X22 + X29*X23 + X29*X25 + X29*X26 + X29*X27 + X3 + X5 + X6 + X7 + X8 + X10 + X12 + X15 + X16 + X17 + X19 + X20 + X21 + X24 + X28 + X29 + 1
X27*X7 + X28*X18 + X28*X19 + X28*X25 + X29*X6 + X29*X7 + X29*X12 + X29*X15 + X29*X16 + X29*X17 + X29*X18 + X29*X23 + X29*X25 + X0 + X2 + X3 + X4 + X6 + X7 + X11 + X12 + X13 + X16 + X17 + X24 + X25 + X28
X27*X6 + X28*X19 + X28*X20 + X28*X21 + X28*X22 + X28*X23 + X28*X26 + X28*X27 + X29*X7 + X29*X11 + X29*X14 + X29*X15 + X29*X17 + X29*X23 + X29*X25 + X29*X28 + X0 + X2 + X7 + X8 + X9 + X10 + X11 + X13 + X15 + X16 + X22 + X29 + 1
X27*X5 + X28*X21 + X28*X22 + X28*X23 + X28*X24 + X28*X26 + X29*X2 + X29*X4 + X29*X9 + X29*X10 + X29*X11 + X29*X13 + X29*X14 + X29*X16 + X29*X17 + X29*X18 + X29*X20 + X29*X23 + X29*X25 + X29*X26 + X29*X27 + X0 + X2 + X5 + X7 + X8 + X9 + X10 + X11 + X12 + X13 + X16 + X19 + X21 + X22 + X23 + X25 + X28 + 1
X27*X4 + X28*X19 + X28*X23 + X28*X25 + X28*X27 + X29*X3 + X29*X4 + X29*X5 + X29*X6 + X29*X7 + X29*X9 + X29*X11 + X29*X13 + X29*X15 + X29*X16 + X29*X17 + X29*X25 + X29*X26 + X0 + X2 + X3 + X5 + X6 + X8 + X9 + X11 + X15 + X16 + X18 + X19 + X20 + X23 + X25 + X26 + X27 + X29 + 1
X27*X3 + X28*X20 + X29*X2 + X29*X4 + X29*X5 + X29*X6 + X29*X11 + X29*X12 + X29*X17 + X29*X18 + X29*X19 + X29*X20 + X29*X22 + X5 + X7 + X9 + X11 + X12 + X15 + X17 + X18 + X19 + X24 + X29
X27*X2 + X28*X18 + X28*X20 + X28*X21 + X28*X23 + X28*X24 + X28*X25 + X28*X26 + X29*X2 + X29*X3 + X29*X4 + X29*X12 + X29*X14 + X29*X16 + X29*X19 + X29*X20 + X29*X24 + X29*X25 + X29*X27 + X29*X28 + X0 + X2 + X5 + X6 + X7 + X10 + X11 + X12 + X15 + X17 + X18 + X19 + X21 + X22 + X24 + X25 + X26 + 1
X27*X0 + X28*X18 + X28*X21 + X28*X25 + X28*X27 + X29*X2 + X29*X4 + X29*X7 + X29*X8 + X29*X9 + X29*X14 + X29*X15 + X29*X19 + X29*X20 + X29*X22 + X29*X24 + X29*X25 + X29*X26 + X29*X27 + X29*X28 + X3 + X4 + X5 + X6 + X7 + X8 + X9 + X12 + X15 + X17 + X18 + X19 + X21 + X24 + X26 + X27 + X29
X26^2 + X26
X26*X25 + X28*X18 + X28*X20 + X28*X21 + X28*X22 + X28*X25 + X28*X27 + X29*X0 + X29*X3 + X29*X4 + X29*X7 + X29*X8 + X29*X9 + X29*X18 + X29*X21 + X29*X22 + X29*X24 + X29*X25 + X0 + X3 + X5 + X6 + X9 + X17 + X18 + X20 + X23 + X24 + X25 + X26 + X28
X26*X24 + X28*X18 + X28*X23 + X28*X26 + X29*X0 + X29*X2 + X29*X5 + X29*X6 + X29*X7 + X29*X8 + X29*X9 + X29*X10 + X29*X13 + X29*X14 + X29*X19 + X29*X20 + X29*X21 + X29*X22 + X29*X23 + X29*X24 + X29*X25 + X29*X26 + X29*X28 + X0 + X3 + X4 + X5 + X9 + X11 + X17 + X19 + X20 + X23 + X27
X26*X23 + X28*X18 + X28*X20 + X28*X23 + X28*X26 + X28*X27 + X29*X0 + X29*X3 + X29*X4 + X29*X6 + X29*X10 + X29*X11 + X29*X13 + X29*X16 + X29*X17 + X29*X18 + X29*X20 + X29*X21 + X29*X23 + X29*X24 + X29*X25 + X29*X27 + X29*X28 + X2 + X7 + X8 + X11 + X12 + X13 + X14 + X15 + X16 + X17 + X25 + X29
X26*X22 + X28*X18 + X28*X19 + X28*X20 + X29*X0 + X29*X3 + X29*X5 + X29*X12 + X29*X14 + X29*X20 + X29*X22 + X29*X23 + X29*X24 + X29*X27 + X29*X28 + X2 + X4 + X5 + X6 + X8 + X10 + X11 + X14 + X16 + X17 + X19 + X22 + X23 + X25 + X26 + X28 + X29
X26*X21 + X28*X18 + X28*X19 + X28*X21 + X28*X24 + X28*X26 + X29*X4 + X29*X5 + X29*X6 + X29*X9 + X29*X10 + X29*X11 + X29*X13 + X29*X15 + X29*X18 + X29*X19 + X29*X22 + X29*X24 + X29*X25 + X29*X27 + X2 + X3 + X7 + X8 + X9 + X10 + X11 + X15 + X16 + X18 + X20 + X21 + X22 + X26 + X27 + X29 + 1
X26*X20 + X28*X18 + X28*X19 + X28*X20 + X28*X21 + X28*X22 + X28*X23 + X28*X24 + X28*X25 + X29*X0 + X29*X4 + X29*X5 + X29*X6 + X29*X7 + X29*X10 + X29*X11 + X29*X13 + X29*X15 + X29*X16 + X29*X17 + X29*X18 + X29*X20 + X29*X22 + X29*X23 + X29*X28 + X2 + X5 + X9 + X10 + X13 + X15 + X16 + X17 + X18 + X20 + X23 + X25 + X26
X26*X19 + X28*X18 + X28*X19 + X28*X20 + X28*X27 + X29*X4 + X29*X5 + X29*X11 + X29*X12 + X29*X15 + X29*X16 + X29*X19 + X29*X20 + X29*X22 + X29*X23 + X29*X25 + X29*X26 + X29*X27 + X29*X28 + X2 + X4 + X10 + X12 + X16 + X17 + X20 + X23 + X24 + X26 + X27 + X28
X26*X18 + X28*X19 + X28*X23 + X28*X25 + X29*X0 + X29*X3 + X29*X4 + X29*X7 + X29*X10 + X29*X11 + X29*X12 + X29*X15 + X29*X17 + X29*X18 + X29*X21 + X29*X23 + X29*X28 + X2 + X3 + X4 + X5 + X7 + X8 + X11 + X12 + X16 + X17 + X18 + X19 + X21 + X22 + X23 + X24 + X25 + X26 + X27
X26*X17 + X28*X20 + X28*X27 + X29*X0 + X29*X5 + X29*X7 + X29*X13 + X29*X14 + X29*X18 + X29*X22 + X29*X24 + X29*X27 + X29*X28 + X2 + X4 + X5 + X8 + X9 + X11 + X12 + X14 + X15 + X18 + X19 + X20 + X22 + X25 + X29
X26*X16 + X28*X18 + X28*X20 + X28*X22 + X28*X23 + X28*X25 + X28*X26 + X29*X2 + X29*X3 + X29*X4 + X29*X7 + X29*X9 + X29*X11 + X29*X12 + X29*X13 + X29*X15 + X29*X16 + X29*X17 + X29*X18 + X29*X24 + X0 + X3 + X8 + X11 + X13 + X14 + X15 + X16 + X22 + X23 + X24 + X25 + X26 + X27 + X28
X26*X15 + X28*X19 + X28*X20 + X28*X23 + X28*X26 + X28*X27 + X29*X0 + X29*X2 + X29*X5 + X29*X6 + X29*X9 + X29*X11 + X29*X13 + X29*X15 + X29*X16 + X29*X17 + X29*X19 + X29*X20 + X29*X23 + X29*X26 + X29*X28 + X2 + X3 + X6 + X9 + X10 + X13 + X14 + X17 + X20 + X22 + X25
X26*X14 + X28*X19 + X28*X21 + X28*X27 + X29*X6 + X29*X9 + X29*X12 + X29*X13 + X29*X14 + X29*X15 + X29*X18 + X29*X22 + X29*X23 + X29*X24 + X29*X27 + X0 + X2 + X3 + X5 + X6 + X12 + X13 + X14 + X16 + X18 + X20 + X21 + X22 + X23 + X24 + X26 + X28 + X29
X26*X13 + X28*X19 + X28*X21 + X28*X22 + X28*X25 + X28*X27 + X29*X0 + X29*X4 + X29*X6 + X29*X9 + X29*X11 + X29*X12 + X29*X13 + X29*X14 + X29*X15 + X29*X17 + X29*X18 + X29*X19 + X29*X21 + X29*X23 + X29*X27 + X7 + X8 + X11 + X12 + X14 + X17 + X18 + X21 + X23 + X24 + X25 + X26 + 1
X26*X12 + X28*X19 + X28*X20 + X28*X22 + X28*X23 + X28*X25 + X28*X26 + X28*X27 + X29*X0 + X29*X2 + X29*X3 + X29*X6 + X29*X12 + X29*X15 + X29*X19 + X29*X20 + X29*X22 + X29*X23 + X29*X25 + X29*X26 + X2 + X3 + X5 + X6 + X9 + X10 + X12 + X15 + X19 + X20 + X21 + X25 + X27 + X28 + 1
X26*X11 + X28*X18 + X28*X19 + X28*X23 + X28*X26 + X29*X8 + X29*X12 + X29*X13 + X29*X14 + X29*X18 + X29*X19 + X29*X21 + X29*X22 + X29*X23 + X29*X28 + X0 + X6 + X9 + X10 + X14 + X15 + X16 + X19 + X20 + X22 + X23 + X24 + X25 + X29 + 1
X26*X10 + X28*X18 + X28*X20 + X28*X21 + X29*X0 + X29*X3 + X29*X6 + X29*X9 + X29*X10 + X29*X24 + X29*X26 + X29*X27 + X0 + X2 + X4 + X5 + X6 + X7 + X8 + X10 + X11 + X16 + X18 + X20 + X22 + X24 + X25 + X26 + X28
X26*X9 + X28*X18 + X28*X24 + X29*X3 + X29*X4 + X29*X6 + X29*X7 + X29*X10 + X29*X11 + X29*X16 + X29*X17 + X29*X18 + X29*X22 + X29*X23 + X29*X24 + X29*X26 + X29*X27 + X29*X28 + X2 + X7 + X8 + X10 + X12 + X14 + X15 + X17 + X18 + X19 + X23 + X24 + X25 + X28 + 1
X26*X8 + X28*X18 + X28*X19 + X28*X21 + X28*X22 + X28*X24 + X28*X26 + X28*X27 + X29*X2 + X29*X4 + X29*X5 + X29*X6 + X29*X8 + X29*X9 + X29*X11 + X29*X13 + X29*X19 + X29*X21 + X29*X22 + X29*X24 + X29*X25 + X29*X26 + X29*X28 + X2 + X3 + X5 + X6 + X7 + X8 + X9 + X11 + X12 + X13 + X14 + X16 + X18 + X20 + X23 + X26 + 1
X26*X7 + X28*X18 + X28*X21 + X28*X24 + X28*X25 + X28*X26 + X28*X27 + X29*X6 + X29*X8 + X29*X10 + X29*X13 + X29*X16 + X29*X17 + X29*X27 + X2 + X4 + X7 + X8 + X9 + X16 + X18 + X19 + X20 + X22 + X23 + X25 + X28 + X29 + 1
X26*X6 + X28*X19 + X28*X21 + X28*X25 + X28*X27 + X29*X2 + X29*X4 + X29*X7 + X29*X10 + X29*X11 + X29*X12 + X29*X13 + X29*X14 + X29*X16 + X29*X17 + X29*X18 + X29*X19 + X29*X21 + X29*X23 + X29*X25 + X29*X26 + X29*X27 + X6 + X7 + X8 + X13 + X14 + X15 + X18 + X20 + X21 + X24 + X25 + X29 + 1
X26*X5 + X28*X19 + X28*X21 + X28*X22 + X28*X23 + X28*X24 + X29*X0 + X29*X3 + X29*X4 + X29*X5 + X29*X6 + X29*X7 + X29*X8 + X29*X11 + X29*X14 + X29*X18 + X29*X19 + X29*X20 + X29*X21 + X29*X22 + X29*X23 + X29*X25 + X29*X26 + X29*X27 + X29*X28 + X2 + X3 + X4 + X5 + X8 + X11 + X14 + X15 + X16 + X17 + X19 + X22 + X24 + X25 + X27 + X29 + 1
X26*X4 + X28*X19 + X28*X24 + X28*X25 + X28*X26 + X28*X27 + X29*X4 + X29*X5 + X29*X6 + X29*X11 + X29*X14 + X29*X18 + X29*X19 + X29*X21 + X29*X24 + X29*X25 + X29*X26 + X29*X27 + X29*X28 + X0 + X3 + X5 + X6 + X8 + X9 + X10 + X11 + X15 + X19 + X20 + X24 + X25 + X27
X26*X3 + X28*X18 + X28*X22 + X28*X25 + X28*X26 + X29*X2 + X29*X3 + X29*X7 + X29*X8 + X29*X9 + X29*X11 + X29*X12 + X29*X13 + X29*X15 + X29*X17 + X29*X19 + X29*X21 + X29*X22 + X29*X23 + X29*X26 + X0 + X5 + X6 + X12 + X13 + X14 + X18 + X19 + X21 + X22 + X25 + X26 + X29 + 1
X26*X2 + X28*X18 + X28*X23 + X28*X24 + X28*X25 + X28*X26 + X28*X27 + X29*X0 + X29*X3 + X29*X4 + X29*X5 + X29*X6 + X29*X7 + X29*X8 + X29*X9 + X29*X10 + X29*X11 + X29*X16 + X29*X17 + X29*X19 + X29*X20 + X29*X21 + X29*X24 + X29*X25 + X29*X26 + X29*X27 + X0 + X2 + X4 + X5 + X10 + X11 + X12 + X13 + X14 + X18 + X20 + X21 + X22 + X23 + X24 + X28 + X29 + 1
X26*X0 + X28*X20 + X28*X21 + X28*X22 + X28*X23 + X29*X2 + X29*X3 + X29*X5 + X29*X7 + X29*X9 + X29*X10 + X29*X14 + X29*X16 + X29*X17 + X29*X21 + X29*X23 + X29*X24 + X29*X25 + X29*X26 + X0 + X4 + X5 + X8 + X13 + X14 + X16 + X17 + X18 + X20 + X21 + X22 + X23 + X24 + X25 + X26 + X27 + X28 + 1
X25^2 + X25
X25*X24 + X28*X18 + X28*X19 + X28*X20 + X28*X24 + X28*X25 + X28*X27 + X29*X0 + X29*X3 + X29*X5 + X29*X6 + X29*X9 + X29*X10 + X29*X12 + X29*X13 + X29*X16 + X29*X20 + X29*X21 + X29*X22 + X29*X26 + X29*X27 + X0 + X3 + X5 + X6 + X9 + X10 + X15 + X16 + X20 + X23 + X25 + X26 + X29
X25*X23 + X28*X18 + X28*X19 + X28*X20 + X28*X22 + X28*X25 + X28*X26 + X29*X0 + X29*X5 + X29*X9 + X29*X12 + X29*X14 + X29*X16 + X29*X17 + X29*X18 + X29*X23 + X29*X24 + X29*X25 + X29*X27 + X29*X28 + X0 + X3 + X6 + X9 + X10 + X11 + X12 + X14 + X17 + X20 + X25 + X26 + X28 + X29 + 1
X25*X22 + X28*X18 + X28*X19 + X28*X22 + X29*X3 + X29*X4 + X29*X6 + X29*X8 + X29*X11 + X29*X12 + X29*X13 + X29*X16 + X29*X19 + X29*X20 + X29*X21 + X29*X22 + X29*X23 + X29*X25 + X29*X27 + X29*X28 + X0 + X2 + X4 + X5 + X12 + X13 + X15 + X17 + X21 + X22 + X24 + X25 + X29
X25*X21 + X28*X18 + X28*X19 + X28*X21 + X28*X23 + X28*X25 + X28*X27 + X29*X0 + X29*X4 + X29*X5 + X29*X6 + X29*X8 + X29*X12 + X29*X13 + X29*X14 + X29*X16 + X29*X17 + X29*X18 + X29*X21 + X29*X24 + X29*X25 + X29*X26 + X0 + X2 + X4 + X5 + X8 + X9 + X10 + X11 + X12 + X13 + X18 + X19 + X21 + X22 + X24 + X27 + X29
X25*X20 + X28*X19 + X28*X20 + X28*X21 + X28*X22 + X28*X23 + X28*X24 + X28*X25 + X28*X26 + X29*X0 + X29*X2 + X29*X3 + X29*X5 + X29*X10 + X29*X13 + X29*X16 + X29*X17 + X29*X19 + X29*X22 + X29*X24 + X29*X26 + X29*X27 + X3 + X4 + X6 + X10 + X17 + X18 + X21 + X24 + X25 + X26 + 1
X25*X19 + X28*X19 + X28*X21 + X28*X22 + X28*X23 + X28*X27 + X29*X5 + X29*X8 + X29*X9 + X29*X10 + X29*X12 + X29*X13 + X29*X17 + X29*X20 + X29*X25 + X29*X26 + X2 + X4 + X5 + X6 + X7 + X8 + X10 + X11 + X12 + X13 + X14 + X15 + X17 + X19 + X23 + X25 + X26 + X27 + X28 + 1
X25*X18 + X28*X19 + X28*X23 + X29*X0 + X29*X3 + X29*X4 + X29*X6 + X29*X8 + X29*X18 + X29*X19 + X29*X21 + X29*X22 + X29*X23 + X29*X24 + X29*X25 + X0 + X2 + X3 + X4 + X5 + X6 + X8 + X9 + X10 + X11 + X13 + X18 + X19 + X21 + X22 + X23 + X25 + X26 + X27 + X28 + X29 + 1
X25*X17 + X28*X21 + X28*X23 + X29*X4 + X29*X11 + X29*X14 + X29*X16 + X29*X17 + X29*X18 + X29*X19 + X29*X21 + X29*X22 + X29*X23 + X29*X24 + X29*X25 + X29*X27 + X3 + X10 + X11 + X14 + X15 + X18 + X19 + X22 + X25 + X27 + 1
X25*X16 + X28*X18 + X28*X21 + X28*X22 + X28*X23 + X28*X26 + X29*X4 + X29*X6 + X29*X8 + X29*X10 + X29*X16 + X29*X17 + X29*X18 + X29*X19 + X29*X20 + X29*X21 + X29*X22 + X29*X23 + X29*X24 + X29*X28 + X0 + X2 + X3 + X4 + X6 + X9 + X11 + X12 + X14 + X15 + X16 + X19 + X20 + X22 + X23 + X24 + X28 + X29 + 1
X25*X15 + X28*X24 + X28*X25 + X28*X27 + X29*X2 + X29*X3 + X29*X4 + X29*X5 + X29*X6 + X29*X9 + X29*X12 + X29*X15 + X29*X17 + X29*X18 + X29*X21 + X29*X23 + X29*X24 + X29*X25 + X2 + X3 + X5 + X11 + X12 + X13 + X14 + X15 + X17 + X18 + X19 + X20 + X21 + X27 + X28 + X29
X25*X14 + X28*X19 + X28*X21 + X28*X22 + X28*X24 + X28*X25 + X28*X26 + X29*X0 + X29*X2 + X29*X3 + X29*X5 + X29*X9 + X29*X10 + X29*X12 + X29*X14 + X29*X19 + X29*X20 + X29*X22 + X29*X24 + X29*X25 + X29*X26 + X29*X27 + X0 + X4 + X9 + X11 + X12 + X13 + X15 + X18 + X21 + X24 + X25 + X26 + 1
X25*X13 + X28*X18 + X28*X19 + X28*X23 + X28*X24 + X29*X0 + X29*X2 + X29*X3 + X29*X5 + X29*X6 + X29*X7 + X29*X8 + X29*X12 + X29*X16 + X29*X17 + X29*X20 + X29*X23 + X29*X25 + X29*X26 + X0 + X2 + X3 + X4 + X5 + X6 + X9 + X10 + X11 + X12 + X18 + X28 + 1
X25*X12 + X28*X19 + X28*X24 + X28*X25 + X28*X26 + X28*X27 + X29*X3 + X29*X4 + X29*X9 + X29*X11 + X29*X13 + X29*X14 + X29*X15 + X29*X16 + X29*X20 + X29*X21 + X29*X22 + X29*X27 + X3 + X4 + X5 + X6 + X7 + X9 + X11 + X13 + X14 + X16 + X17 + X18 + X19 + X20 + X21 + X22 + X29
X25*X11 + X28*X18 + X28*X19 + X28*X26 + X29*X4 + X29*X7 + X29*X8 + X29*X9 + X29*X10 + X29*X12 + X29*X13 + X29*X14 + X29*X16 + X29*X17 + X29*X18 + X29*X19 + X29*X20 + X29*X21 + X29*X23 + X29*X24 + X29*X27 + X29*X28 + X0 + X4 + X5 + X6 + X8 + X9 + X12 + X14 + X15 + X20 + X22 + X23 + X26 + X27 + X28 + 1
X25*X10 + X28*X18 + X28*X19 + X28*X21 + X28*X23 + X28*X24 + X28*X25 + X28*X26 + X29*X6 + X29*X8 + X29*X9 + X29*X10 + X29*X11 + X29*X12 + X29*X14 + X29*X16 + X29*X17 + X29*X22 + X29*X23 + X29*X24 + X29*X25 + X29*X27 + X29*X28 + X0 + X7 + X9 + X10 + X12 + X13 + X14 + X16 + X17 + X18 + X21 + X24 + X25 + X27 + 1
X25*X9 + X28*X19 + X28*X21 + X28*X22 + X28*X25 + X28*X26 + X28*X27 + X29*X0 + X29*X4 + X29*X8 + X29*X15 + X29*X19 + X29*X25 + X29*X26 + X29*X28 + X3 + X5 + X6 + X8 + X15 + X18 + X21 + X22 + X28
X25*X8 + X28*X20 + X28*X21 + X28*X22 + X28*X24 + X29*X3 + X29*X5 + X29*X6 + X29*X8 + X29*X9 + X29*X10 + X29*X12 + X29*X16 + X29*X18 + X29*X22 + X29*X26 + X29*X27 + X29*X28 + X8 + X10 + X11 + X15 + X18 + X19 + X20 + X21 + X22 + X25 + X26 + X27 + X29 + 1
X25*X7 + X28*X18 + X28*X20 + X28*X21 + X29*X0 + X29*X2 + X29*X3 + X29*X4 + X29*X5 + X29*X6 + X29*X8 + X29*X9 + X29*X10 + X29*X11 + X29*X12 + X29*X13 + X29*X15 + X29*X19 + X29*X20 + X29*X21 + X29*X24 + X29*X26 + X29*X27 + X29*X28 + X0 + X2 + X3 + X5 + X6 + X8 + X10 + X11 + X14 + X15 + X16 + X19 + X20 + X21 + X23 + X25 + X27 + 1
X25*X6 + X28*X19 + X28*X20 + X28*X23 + X28*X25 + X28*X27 + X29*X0 + X29*X7 + X29*X9 + X29*X10 + X29*X11 + X29*X14 + X29*X15 + X29*X16 + X29*X18 + X29*X19 + X29*X20 + X29*X21 + X29*X23 + X29*X24 + X29*X25 + X0 + X2 + X3 + X5 + X6 + X8 + X9 + X11 + X13 + X15 + X16 + X18 + X19 + X22 + X23 + X25 + X27 + X29
X25*X5 + X28*X18 + X28*X21 + X28*X23 + X28*X27 + X29*X0 + X29*X4 + X29*X6 + X29*X8 + X29*X13 + X29*X14 + X29*X20 + X29*X21 + X29*X22 + X29*X24 + X0 + X3 + X4 + X7 + X9 + X12 + X16 + X19 + X20 + X22 + X24 + X25 + X28 + 1
X25*X4 + X28*X18 + X28*X20 + X28*X21 + X28*X23 + X28*X24 + X28*X25 + X29*X0 + X29*X3 + X29*X4 + X29*X5 + X29*X7 + X29*X8 + X29*X10 + X29*X13 + X29*X18 + X29*X19 + X29*X21 + X29*X22 + X29*X26 + X29*X28 + X0 + X2 + X3 + X5 + X8 + X9 + X10 + X13 + X18 + X19 + X23 + X24 + X25 + X26
X25*X3 + X28*X19 + X28*X22 + X28*X24 + X29*X2 + X29*X4 + X29*X8 + X29*X10 + X29*X14 + X29*X15 + X29*X18 + X29*X19 + X29*X20 + X29*X21 + X29*X25 + X29*X27 + X29*X28 + X0 + X2 + X6 + X7 + X8 + X9 + X12 + X15 + X16 + X18 + X20 + X21 + X26 + X27
X25*X2 + X28*X22 + X28*X23 + X28*X24 + X28*X26 + X29*X2 + X29*X3 + X29*X5 + X29*X10 + X29*X11 + X29*X12 + X29*X14 + X29*X15 + X29*X16 + X29*X17 + X29*X18 + X29*X19 + X29*X20 + X29*X22 + X29*X23 + X29*X24 + X0 + X2 + X3 + X4 + X5 + X6 + X8 + X10 + X14 + X15 + X16 + X22 + X24 + X27 + X29
X25*X0 + X28*X18 + X28*X19 + X28*X20 + X28*X23 + X28*X26 + X28*X27 + X29*X0 + X29*X2 + X29*X5 + X29*X6 + X29*X7 + X29*X8 + X29*X11 + X29*X12 + X29*X15 + X29*X16 + X29*X17 + X29*X20 + X29*X21 + X29*X22 + X29*X23 + X29*X24 + X29*X25 + X29*X26 + X29*X27 + X2 + X4 + X15 + X20 + X21 + X22 + X26 + X29
X24^2 + X24
X24*X23 + X28*X18 + X28*X19 + X28*X22 + X28*X26 + X28*X27 + X29*X0 + X29*X3 + X29*X5 + X29*X7 + X29*X8 + X29*X9 + X29*X11 + X29*X14 + X29*X16 + X29*X20 + X29*X22 + X29*X24 + X29*X26 + X29*X27 + X29*X28 + X3 + X4 + X7 + X8 + X10 + X11 + X14 + X18 + X19 + X21 + X24 + X27
X24*X22 + X28*X19 + X28*X20 + X28*X23 + X28*X24 + X28*X26 + X29*X0 + X29*X2 + X29*X4 + X29*X5 + X29*X6 + X29*X11 + X29*X14 + X29*X15 + X29*X16 + X29*X19 + X29*X22 + X29*X24 + X29*X27 + X5 + X8 + X12 + X13 + X14 + X17 + X19 + X20 + X22 + X23 + X25 + X28 + 1
X24*X21 + X28*X18 + X28*X20 + X28*X24 + X28*X25 + X29*X0 + X29*X4 + X29*X5 + X29*X6 + X29*X7 + X29*X9 + X29*X10 + X29*X11 + X29*X12 + X29*X14 + X29*X16 + X29*X21 + X29*X22 + X29*X23 + X29*X26 + X29*X27 + X29*X28 + X2 + X4 + X7 + X10 + X11 + X12 + X13 + X16 + X18 + X19 + X20 + X23 + X24 + X26 + X27 + X28 + 1
X24*X20 + X28*X18 + X28*X19 + X28*X20 + X28*X21 + X28*X22 + X28*X23 + X28*X25 + X28*X26 + X28*X27 + X29*X0 + X29*X8 + X29*X9 + X29*X12 + X29*X13 + X29*X15 + X29*X18 + X29*X21 + X29*X22 + X29*X23 + X29*X24 + X29*X25 + X29*X27 + X29*X28 + X0 + X3 + X4 + X5 + X6 + X9 + X10 + X12 + X15 + X17 + X18 + X20 + X21 + X22 + X28 + 1
X24*X19 + X28*X19 + X28*X21 + X28*X23 + X28*X26 + X29*X2 + X29*X4 + X29*X5 + X29*X6 + X29*X8 + X29*X10 + X29*X15 + X29*X16 + X29*X17 + X29*X19 + X29*X22 + X29*X23 + X29*X26 + X29*X28 + X0 + X2 + X4 + X10 + X11 + X12 + X16 + X17 + X26 + X27 + X29
X24*X18 + X28*X19 + X28*X20 + X28*X23 + X28*X24 + X28*X25 + X28*X26 + X28*X27 + X29*X0 + X29*X5 + X29*X6 + X29*X7 + X29*X9 + X29*X11 + X29*X12 + X29*X15 + X29*X16 + X29*X20 + X29*X21 + X29*X24 + X29*X25 + X2 + X3 + X4 + X9 + X11 + X15 + X22 + X24 + X25 + 1
X24*X17 + X28*X19 + X28*X20 + X28*X24 + X28*X26 + X29*X6 + X29*X10 + X29*X11 + X29*X13 + X29*X16 + X29*X17 + X29*X21 + X29*X23 + X29*X25 + X29*X26 + X29*X28 + X0 + X2 + X4 + X6 + X10 + X11 + X14 + X17 + X18 + X19 + X20 + X26 + 1
X24*X16 + X28*X19 + X28*X26 + X29*X8 + X29*X14 + X29*X15 + X29*X16 + X29*X17 + X29*X18 + X29*X24 + X29*X25 + X29*X28 + X0 + X2 + X3 + X8 + X10 + X12 + X13 + X15 + X16 + X17 + X18 + X22 + X24 + X27 + X28
X24*X15 + X28*X20 + X28*X21 + X28*X22 + X28*X26 + X29*X0 + X29*X3 + X29*X4 + X29*X6 + X29*X7 + X29*X8 + X29*X10 + X29*X11 + X29*X13 + X29*X15 + X29*X16 + X29*X18 + X29*X19 + X29*X22 + X29*X23 + X29*X27 + X0 + X2 + X5 + X6 + X7 + X10 + X12 + X13 + X14 + X15 + X17 + X18 + X20 + X21 + 1
X24*X14 + X28*X19 + X28*X21 + X29*X0 + X29*X4 + X29*X6 + X29*X9 + X29*X10 + X29*X11 + X29*X15 + X29*X16 + X29*X18 + X29*X20 + X29*X24 + X29*X26 + X29*X27 + X0 + X3 + X4 + X5 + X7 + X8 + X9 + X10 + X12 + X13 + X14 + X16 + X18 + X19 + X20 + X22 + X24 + X26 + X27
X24*X13 + X28*X18 + X28*X19 + X28*X20 + X28*X22 + X28*X24 + X29*X0 + X29*X2 + X29*X3 + X29*X4 + X29*X6 + X29*X7 + X29*X8 + X29*X9 + X29*X12 + X29*X13 + X29*X14 + X29*X20 + X29*X21 + X29*X22 + X29*X24 + X29*X25 + X29*X27 + X29*X28 + X0 + X3 + X4 + X5 + X6 + X7 + X9 + X12 + X14 + X15 + X16 + X19 + X20 + X21 + X24 + X26 + X27 + X28 + X29 + 1
X24*X12 + X28*X18 + X28*X20 + X28*X21 + X28*X24 + X28*X25 + X29*X0 + X29*X2 + X29*X5 + X29*X9 + X29*X12 + X29*X13 + X29*X15 + X29*X16 + X29*X17 + X29*X18 + X29*X20 + X29*X21 + X29*X23 + X29*X25 + X29*X26 + X29*X27 + X4 + X5 + X8 + X14 + X15 + X17 + X19 + X20 + X24 + X26 + X28 + X29
X24*X11 + X28*X19 + X28*X21 + X28*X22 + X28*X24 + X28*X25 + X29*X0 + X29*X2 + X29*X5 + X29*X10 + X29*X11 + X29*X14 + X29*X15 + X29*X18 + X29*X21 + X29*X23 + X29*X24 + X29*X26 + X29*X27 + X29*X28 + X0 + X2 + X4 + X5 + X7 + X8 + X9 + X10 + X12 + X13 + X14 + X15 + X16 + X17 + X20 + X22 + X24 + X26 + 1
X24*X10 + X28*X18 + X28*X19 + X28*X21 + X28*X24 + X28*X26 + X29*X2 + X29*X4 + X29*X11 + X29*X14 + X29*X15 + X29*X21 + X29*X22 + X0 + X3 + X5 + X6 + X7 + X8 + X16 + X17 + X18 + X21 + X26 + X28
X24*X9 + X28*X19 + X28*X20 + X28*X21 + X28*X22 + X28*X23 + X28*X24 + X28*X26 + X29*X3 + X29*X5 + X29*X6 + X29*X7 + X29*X9 + X29*X13 + X29*X15 + X29*X17 + X29*X18 + X29*X20 + X29*X21 + X29*X22 + X29*X24 + X29*X25 + X29*X26 + X29*X27 + X2 + X4 + X7 + X8 + X9 + X12 + X16 + X17 + X19 + X22 + X25 + X27 + X28 + X29
X24*X8 + X28*X19 + X28*X20 + X28*X24 + X28*X27 + X29*X0 + X29*X3 + X29*X4 + X29*X6 + X29*X7 + X29*X10 + X29*X12 + X29*X16 + X29*X19 + X29*X21 + X29*X22 + X29*X24 + X29*X25 + X29*X26 + X29*X27 + X0 + X3 + X5 + X9 + X11 + X13 + X15 + X23 + X27 + X28 + X29
X24*X7 + X28*X18 + X28*X20 + X28*X21 + X28*X23 + X28*X25 + X28*X26 + X28*X27 + X29*X3 + X29*X4 + X29*X6 + X29*X7 + X29*X8 + X29*X9 + X29*X10 + X29*X12 + X29*X13 + X29*X15 + X29*X16 + X29*X17 + X29*X19 + X29*X20 + X29*X27 + X29*X28 + X0 + X5 + X6 + X8 + X9 + X11 + X13 + X15 + X16 + X18 + X19 + X20 + X24 + X28 + X29 + 1
X24*X6 + X28*X18 + X28*X24 + X28*X27 + X29*X0 + X29*X5 + X29*X6 + X29*X8 + X29*X9 + X29*X12 + X29*X13 + X29*X14 + X29*X17 + X29*X19 + X29*X20 + X29*X23 + X29*X27 + X0 + X2 + X3 + X4 + X5 + X6 + X10 + X11 + X16 + X17 + X18 + X20 + X23 + X28 + X29
X24*X5 + X28*X19 + X28*X20 + X28*X23 + X28*X24 + X28*X25 + X28*X27 + X29*X0 + X29*X2 + X29*X7 + X29*X9 + X29*X12 + X29*X13 + X29*X17 + X29*X20 + X29*X26 + X29*X28 + X0 + X2 + X4 + X5 + X7 + X8 + X9 + X10 + X11 + X13 + X15 + X18 + X20 + X21 + X22 + X24 + X25 + X26 + X27 + 1
X24*X4 + X28*X19 + X28*X20 + X28*X22 + X28*X23 + X28*X24 + X28*X25 + X28*X26 + X28*X27 + X29*X0 + X29*X2 + X29*X4 + X29*X5 + X29*X10 + X29*X11 + X29*X16 + X29*X19 + X29*X21 + X29*X22 + X29*X24 + X29*X27 + X0 + X4 + X6 + X8 + X10 + X11 + X14 + X15 + X19 + X20 + X22 + X23 + X27 + X28 + 1
X24*X3 + X28*X20 + X28*X23 + X28*X25 + X28*X27 + X29*X2 + X29*X4 + X29*X5 + X29*X8 + X29*X13 + X29*X17 + X29*X21 + X29*X22 + X29*X23 + X29*X25 + X29*X27 + X0 + X5 + X6 + X11 + X12 + X15 + X16 + X19 + X20 + X21 + X22 + X24 + X25 + X26 + X27
X24*X2 + X28*X23 + X28*X24 + X28*X25 + X29*X2 + X29*X3 + X29*X5 + X29*X6 + X29*X8 + X29*X10 + X29*X11 + X29*X13 + X29*X14 + X29*X15 + X29*X18 + X29*X22 + X29*X23 + X29*X24 + X29*X28 + X0 + X5 + X9 + X10 + X11 + X12 + X13 + X14 + X16 + X20 + X21 + X23 + X26 + X28 + 1
X24*X0 + X28*X22 + X28*X24 + X28*X27 + X29*X3 + X29*X4 + X29*X5 + X29*X6 + X29*X8 + X29*X12 + X29*X13 + X29*X15 + X29*X18 + X29*X20 + X29*X21 + X29*X24 + X29*X25 + X29*X26 + X29*X28 + X0 + X4 + X6 + X9 + X11 + X13 + X14 + X15 + X17 + X18 + X22 + X23 + X25 + X26 + X28
X23^2 + X23
X23*X22 + X28*X18 + X28*X24 + X28*X25 + X29*X0 + X29*X3 + X29*X5 + X29*X6 + X29*X8 + X29*X12 + X29*X13 + X29*X15 + X29*X16 + X29*X17 + X29*X18 + X29*X19 + X29*X20 + X29*X22 + X29*X23 + X29*X26 + X29*X27 + X29*X28 + X0 + X6 + X7 + X9 + X10 + X11 + X13 + X16 + X18 + X20 + X21 + X22 + X23 + X24 + X27 + X28 + X29 + 1
X23*X21 + X28*X19 + X28*X21 + X28*X27 + X29*X0 + X29*X3 + X29*X5 + X29*X6 + X29*X12 + X29*X13 + X29*X14 + X29*X15 + X29*X16 + X29*X20 + X29*X22 + X29*X24 + X29*X26 + X29*X28 + X0 + X2 + X3 + X4 + X5 + X6 + X8 + X10 + X11 + X12 + X15 + X18 + X19 + X20 + X22 + X23 + X24 + X26 + X27 + X29 + 1
X23*X20 + X28*X20 + X28*X22 + X28*X24 + X28*X25 + X28*X27 + X29*X3 + X29*X8 + X29*X13 + X29*X16 + X29*X17 + X29*X18 + X29*X22 + X29*X23 + X29*X24 + X29*X27 + X29*X28 + X0 + X4 + X5 + X8 + X11 + X15 + X17 + X21 + X22 + X23 + X25
X23*X19 + X28*X18 + X28*X19 + X28*X20 + X28*X21 + X28*X23 + X28*X27 + X29*X0 + X29*X6 + X29*X7 + X29*X12 + X29*X14 + X29*X15 + X29*X16 + X29*X17 + X29*X19 + X29*X20 + X29*X21 + X29*X22 + X29*X24 + X29*X25 + X4 + X16 + X20 + X24 + X26 + X27 + X28 + X29 + 1
X23*X18 + X28*X20 + X28*X24 + X28*X26 + X29*X0 + X29*X3 + X29*X6 + X29*X10 + X29*X14 + X29*X15 + X29*X16 + X29*X17 + X29*X19 + X29*X21 + X29*X23 + X29*X26 + X29*X28 + X0 + X3 + X4 + X8 + X12 + X16 + X19 + X20 + X23 + X27 + 1
X23*X17 + X28*X18 + X28*X19 + X28*X24 + X28*X25 + X29*X0 + X29*X3 + X29*X4 + X29*X7 + X29*X9 + X29*X14 + X29*X15 + X29*X16 + X29*X20 + X29*X21 + X29*X22 + X29*X24 + X2 + X3 + X4 + X10 + X11 + X16 + X17 + X19 + X20 + X22 + X24 + 1
X23*X16 + X28*X18 + X28*X23 + X28*X24 + X28*X25 + X28*X26 + X29*X0 + X29*X2 + X29*X4 + X29*X5 + X29*X6 + X29*X8 + X29*X10 + X29*X15 + X29*X17 + X29*X19 + X29*X21 + X29*X22 + X29*X24 + X29*X25 + X0 + X3 + X5 + X6 + X8 + X9 + X13 + X14 + X16 + X23 + X24 + X27 + X29 + 1
X23*X15 + X28*X18 + X28*X19 + X28*X21 + X28*X22 + X29*X3 + X29*X7 + X29*X8 + X29*X11 + X29*X12 + X29*X14 + X29*X16 + X29*X18 + X29*X19 + X29*X20 + X29*X26 + X29*X27 + X2 + X3 + X7 + X9 + X14 + X16 + X20 + X22 + X26 + X27 + 1
X23*X14 + X28*X18 + X28*X20 + X28*X21 + X28*X23 + X28*X24 + X28*X25 + X28*X26 + X29*X0 + X29*X4 + X29*X8 + X29*X9 + X29*X11 + X29*X13 + X29*X22 + X29*X24 + X29*X27 + X29*X28 + X0 + X4 + X5 + X8 + X9 + X11 + X13 + X14 + X16 + X17 + X18 + X19 + X20 + X22 + X24 + X25 + X28
X23*X13 + X28*X19 + X28*X20 + X28*X22 + X28*X23 + X28*X24 + X28*X25 + X28*X26 + X28*X27 + X29*X4 + X29*X5 + X29*X7 + X29*X9 + X29*X10 + X29*X13 + X29*X14 + X29*X15 + X29*X16 + X29*X18 + X29*X19 + X29*X21 + X29*X23 + X29*X24 + X29*X27 + X2 + X3 + X5 + X8 + X10 + X12 + X13 + X15 + X17 + X20 + X21 + X22 + X23 + X24 + X27
X23*X12 + X28*X25 + X28*X26 + X28*X27 + X29*X0 + X29*X2 + X29*X3 + X29*X7 + X29*X8 + X29*X9 + X29*X10 + X29*X11 + X29*X14 + X29*X16 + X29*X17 + X29*X18 + X29*X21 + X29*X22 + X29*X25 + X29*X27 + X29*X28 + X0 + X3 + X4 + X5 + X11 + X12 + X15 + X18 + X19 + X20 + X22 + X23 + X24 + X26 + X27 + 1
X23*X11 + X28*X18 + X28*X19 + X28*X20 + X28*X22 + X28*X24 + X28*X25 + X28*X26 + X29*X2 + X29*X3 + X29*X4 + X29*X6 + X29*X7 + X29*X9 + X29*X12 + X29*X20 + X29*X23 + X29*X26 + X29*X28 + X3 + X4 + X5 + X6 + X8 + X9 + X11 + X12 + X17 + X19 + X23 + X25 + X26 + X27 + X29 + 1
X23*X10 + X28*X18 + X28*X19 + X28*X20 + X28*X21 + X28*X27 + X29*X0 + X29*X3 + X29*X4 + X29*X8 + X29*X10 + X29*X12 + X29*X13 + X29*X17 + X29*X19 + X29*X20 + X29*X21 + X29*X24 + X29*X25 + X29*X27 + X0 + X2 + X5 + X7 + X8 + X11 + X15 + X17 + X18 + X19 + X20 + X21 + X22 + X24 + X25 + X26 + X28 + X29 + 1
X23*X9 + X28*X18 + X28*X19 + X28*X23 + X28*X25 + X29*X4 + X29*X7 + X29*X8 + X29*X10 + X29*X12 + X29*X13 + X29*X14 + X29*X16 + X29*X21 + X29*X22 + X29*X24 + X29*X25 + X29*X26 + X29*X28 + X3 + X12 + X15 + X18 + X19 + X20 + X23 + X24 + X26 + 1
X23*X8 + X28*X18 + X28*X19 + X28*X20 + X28*X21 + X28*X22 + X28*X23 + X28*X24 + X28*X26 + X28*X27 + X29*X2 + X29*X4 + X29*X5 + X29*X6 + X29*X7 + X29*X9 + X29*X13 + X29*X14 + X29*X16 + X29*X17 + X29*X18 + X29*X19 + X29*X22 + X29*X24 + X29*X28 + X0 + X4 + X6 + X7 + X11 + X16 + X18 + X19 + X26 + X29 + 1
X23*X7 + X28*X19 + X28*X20 + X28*X22 + X28*X24 + X28*X25 + X29*X0 + X29*X2 + X29*X3 + X29*X4 + X29*X5 + X29*X7 + X29*X8 + X29*X9 + X29*X12 + X29*X14 + X29*X15 + X29*X17 + X29*X18 + X29*X21 + X29*X22 + X29*X25 + X29*X26 + X29*X27 + X29*X28 + X3 + X5 + X6 + X7 + X9 + X10 + X12 + X13 + X15 + X19 + X20 + X21 + X23 + X24 + X27 + 1
X23*X6 + X28*X19 + X28*X21 + X28*X22 + X28*X24 + X28*X25 + X29*X0 + X29*X2 + X29*X4 + X29*X5 + X29*X7 + X29*X8 + X29*X14 + X29*X16 + X29*X22 + X29*X25 + X29*X27 + X3 + X5 + X12 + X14 + X16 + X18 + X19 + X24 + X25 + X27 + X29 + 1
X23*X5 + X28*X19 + X28*X21 + X28*X23 + X28*X24 + X28*X26 + X28*X27 + X29*X2 + X29*X3 + X29*X4 + X29*X5 + X29*X13 + X29*X16 + X29*X18 + X29*X20 + X29*X28 + X4 + X8 + X12 + X13 + X14 + X20 + X21 + X22 + X25 + X26 + X27 + X29 + 1
X23*X4 + X28*X20 + X28*X21 + X28*X24 + X28*X25 + X28*X26 + X28*X27 + X29*X0 + X29*X3 + X29*X4 + X29*X7 + X29*X9 + X29*X10 + X29*X12 + X29*X15 + X29*X16 + X29*X17 + X29*X19 + X29*X26 + X2 + X4 + X5 + X7 + X8 + X9 + X11 + X13 + X16 + X17 + X19 + X20 + X25 + X27 + X28 + X29
X23*X3 + X28*X18 + X28*X19 + X28*X22 + X28*X25 + X28*X26 + X29*X3 + X29*X5 + X29*X12 + X29*X14 + X29*X15 + X29*X16 + X29*X19 + X29*X21 + X29*X22 + X29*X24 + X29*X26 + X29*X27 + X3 + X4 + X6 + X7 + X8 + X10 + X13 + X15 + X16 + X17 + X19 + X20 + X23 + X24 + X25 + 1
X23*X2 + X28*X18 + X28*X22 + X28*X24 + X28*X26 + X28*X27 + X29*X4 + X29*X5 + X29*X6 + X29*X7 + X29*X10 + X29*X13 + X29*X14 + X29*X15 + X29*X17 + X29*X19 + X29*X20 + X29*X21 + X29*X23 + X29*X28 + X0 + X3 + X4 + X5 + X6 + X8 + X10 + X12 + X13 + X16 + X18 + X19 + X20 + X26 + X27 + X28 + 1
X23*X0 + X28*X19 + X28*X20 + X28*X22 + X28*X23 + X28*X26 + X29*X0 + X29*X2 + X29*X4 + X29*X5 + X29*X6 + X29*X8 + X29*X14 + X29*X15 + X29*X16 + X29*X17 + X29*X18 + X29*X19 + X29*X20 + X29*X21 + X29*X22 + X29*X24 + X29*X26 + X29*X27 + X29*X28 + X0 + X5 + X6 + X7 + X8 + X9 + X10 + X12 + X14 + X15 + X18 + X20 + X22 + X23 + X26 + X28 + X29 + 1
X22^2 + X22
X22*X21 + X28*X18 + X28*X19 + X28*X22 + X28*X25 + X28*X26 + X29*X0 + X29*X9 + X29*X10 + X29*X12 + X29*X13 + X29*X19 + X29*X21 + X29*X23 + X29*X24 + X29*X25 + X29*X26 + X29*X27 + X0 + X2 + X4 + X6 + X7 + X9 + X10 + X13 + X14 + X16 + X19 + X20 + 1
X22*X20 + X28*X19 + X28*X20 + X28*X22 + X28*X24 + X28*X26 + X28*X27 + X29*X0 + X29*X3 + X29*X4 + X29*X5 + X29*X7 + X29*X8 + X29*X9 + X29*X11 + X29*X14 + X29*X15 + X29*X16 + X29*X19 + X29*X21 + X29*X22 + X29*X24 + X29*X25 + X29*X26 + X0 + X3 + X7 + X8 + X9 + X10 + X14 + X18 + X20 + X24 + X28 + X29
X22*X19 + X28*X21 + X28*X23 + X28*X26 + X28*X27 + X29*X0 + X29*X3 + X29*X4 + X29*X6 + X29*X7 + X29*X9 + X29*X10 + X29*X11 + X29*X13 + X29*X15 + X29*X16 + X29*X21 + X29*X22 + X29*X23 + X29*X25 + X29*X27 + X2 + X3 + X4 + X6 + X7 + X10 + X11 + X15 + X17 + X18 + X20 + X24 + X25 + X27 + X29
X22*X18 + X28*X18 + X28*X20 + X28*X22 + X28*X24 + X28*X26 + X29*X0 + X29*X2 + X29*X4 + X29*X6 + X29*X10 + X29*X11 + X29*X13 + X29*X14 + X29*X17 + X29*X18 + X29*X19 + X29*X21 + X29*X22 + X29*X23 + X29*X24 + X29*X25 + X29*X28 + X0 + X3 + X6 + X8 + X9 + X10 + X11 + X12 + X14 + X16 + X18 + X19 + X21 + X23 + X25 + X28 + 1
X22*X17 + X28*X19 + X28*X22 + X28*X25 + X29*X2 + X29*X4 + X29*X6 + X29*X8 + X29*X10 + X29*X12 + X29*X13 + X29*X15 + X29*X16 + X29*X17 + X29*X20 + X29*X23 + X29*X26 + X29*X28 + X2 + X3 + X5 + X8 + X10 + X14 + X16 + X18 + X21 + X22 + X23 + X26 + X27 + X28 + 1
X22*X16 + X28*X20 + X28*X21 + X28*X22 + X28*X23 + X28*X25 + X28*X27 + X29*X3 + X29*X6 + X29*X8 + X29*X14 + X29*X16 + X29*X17 + X29*X19 + X29*X21 + X29*X22 + X29*X24 + X29*X25 + X29*X27 + X29*X28 + X0 + X3 + X6 + X9 + X11 + X13 + X14 + X15 + X16 + X18 + X20 + X21 + X22 + X24 + X25 + 1
X22*X15 + X28*X22 + X28*X23 + X28*X24 + X28*X26 + X29*X0 + X29*X2 + X29*X4 + X29*X5 + X29*X7 + X29*X8 + X29*X9 + X29*X11 + X29*X16 + X29*X17 + X29*X18 + X29*X19 + X29*X23 + X29*X24 + X29*X25 + X29*X27 + X0 + X2 + X14 + X19 + X22 + X26 + X27
X22*X14 + X28*X19 + X28*X21 + X28*X22 + X28*X23 + X28*X26 + X29*X0 + X29*X2 + X29*X3 + X29*X4 + X29*X5 + X29*X8 + X29*X10 + X29*X11 + X29*X12 + X29*X13 + X29*X15 + X29*X16 + X29*X17 + X29*X18 + X29*X21 + X29*X22 + X29*X23 + X29*X26 + X29*X28 + X3 + X4 + X5 + X6 + X8 + X10 + X11 + X12 + X13 + X14 + X16 + X19 + X23 + X25 + X26 + X28
X22*X13 + X28*X18 + X28*X21 + X28*X23 + X28*X25 + X29*X0 + X29*X2 + X29*X3 + X29*X4 + X29*X5 + X29*X6 + X29*X7 + X29*X10 + X29*X13 + X29*X15 + X29*X17 + X29*X18 + X29*X19 + X29*X21 + X29*X22 + X29*X23 + X29*X27 + X0 + X5 + X6 + X7 + X8 + X9 + X11 + X12 + X18 + X21 + X22 + X23 + X24 + X28 + 1
X22*X12 + X28*X18 + X28*X20 + X28*X22 + X28*X23 + X28*X26 + X28*X27 + X29*X0 + X29*X2 + X29*X3 + X29*X8 + X29*X9 + X29*X10 + X29*X11 + X29*X12 + X29*X13 + X29*X18 + X29*X20 + X29*X23 + X29*X24 + X29*X26 + X29*X28 + X0 + X2 + X3 + X6 + X9 + X11 + X14 + X15 + X16 + X18 + X20 + X21 + X27 + X28
X22*X11 + X28*X18 + X28*X23 + X28*X24 + X28*X25 + X28*X27 + X29*X0 + X29*X3 + X29*X4 + X29*X8 + X29*X11 + X29*X12 + X29*X14 + X29*X16 + X29*X21 + X29*X22 + X29*X24 + X0 + X4 + X10 + X12 + X15 + X16 + X17 + X18 + X21 + X23 + X24 + X26 + X27 + X28
X22*X10 + X28*X23 + X28*X24 + X28*X25 + X28*X26 + X28*X27 + X29*X0 + X29*X2 + X29*X3 + X29*X5 + X29*X8 + X29*X13 + X29*X14 + X29*X15 + X29*X20 + X29*X21 + X29*X22 + X29*X23 + X29*X26 + X29*X27 + X29*X28 + X0 + X2 + X4 + X5 + X7 + X8 + X10 + X11 + X14 + X16 + X17 + X19 + X20 + X21 + X22 + X24 + X25 + X27 + X28 + X29 + 1
X22*X9 + X28*X27 + X29*X0 + X29*X3 + X29*X4 + X29*X7 + X29*X8 + X29*X10 + X29*X11 + X29*X12 + X29*X15 + X29*X17 + X29*X18 + X29*X19 + X29*X20 + X29*X22 + X29*X25 + X29*X26 + X3 + X5 + X6 + X7 + X10 + X12 + X13 + X15 + X18 + X19 + X21 + X22 + X25 + X26 + X27 + X28 + 1
X22*X8 + X28*X18 + X28*X21 + X28*X22 + X28*X25 + X28*X27 + X29*X0 + X29*X5 + X29*X7 + X29*X8 + X29*X9 + X29*X10 + X29*X14 + X29*X15 + X29*X17 + X29*X19 + X29*X21 + X29*X22 + X29*X24 + X29*X25 + X29*X27 + X0 + X2 + X4 + X5 + X9 + X12 + X13 + X14 + X15 + X16 + X17 + X18 + X19 + X20 + X25 + X26 + X29
X22*X7 + X28*X18 + X28*X19 + X28*X20 + X28*X23 + X28*X25 + X29*X0 + X29*X2 + X29*X8 + X29*X14 + X29*X15 + X29*X17 + X29*X19 + X29*X26 + X29*X27 + X29*X28 + X0 + X2 + X5 + X6 + X7 + X8 + X12 + X13 + X15 + X16 + X22 + X23 + X24 + X25 + X26 + X28 + 1
X22*X6 + X28*X21 + X28*X23 + X28*X24 + X28*X25 + X28*X26 + X29*X0 + X29*X2 + X29*X4 + X29*X5 + X29*X10 + X29*X11 + X29*X12 + X29*X13 + X29*X14 + X29*X18 + X29*X20 + X29*X21 + X29*X27 + X0 + X4 + X7 + X8 + X10 + X11 + X13 + X14 + X15 + X17 + X20 + X21 + X22 + X23 + X24 + X27 + X28
X22*X5 + X28*X22 + X28*X24 + X29*X3 + X29*X4 + X29*X6 + X29*X9 + X29*X10 + X29*X11 + X29*X12 + X29*X17 + X29*X18 + X29*X19 + X29*X20 + X29*X22 + X29*X26 + X29*X27 + X29*X28 + X2 + X3 + X6 + X9 + X11 + X14 + X15 + X16 + X17 + X18 + X21 + X23 + X25 + X26 + X27 + X29
X22*X4 + X28*X19 + X28*X20 + X28*X21 + X28*X24 + X28*X25 + X29*X3 + X29*X4 + X29*X5 + X29*X7 + X29*X8 + X29*X10 + X29*X13 + X29*X14 + X29*X16 + X29*X17 + X29*X21 + X29*X22 + X29*X24 + X29*X27 + X29*X28 + X4 + X5 + X7 + X10 + X11 + X12 + X15 + X17 + X18 + X19 + X21 + X22 + X24 + X29
X22*X3 + X28*X18 + X28*X23 + X28*X25 + X29*X0 + X29*X2 + X29*X8 + X29*X9 + X29*X11 + X29*X12 + X29*X13 + X29*X14 + X29*X15 + X29*X16 + X29*X17 + X29*X19 + X29*X20 + X29*X24 + X29*X26 + X29*X28 + X3 + X4 + X6 + X7 + X9 + X10 + X11 + X18 + X20 + X25 + X27 + X28
X22*X2 + X28*X18 + X28*X20 + X28*X22 + X28*X23 + X28*X26 + X28*X27 + X29*X0 + X29*X2 + X29*X3 + X29*X4 + X29*X6 + X29*X7 + X29*X9 + X29*X10 + X29*X12 + X29*X13 + X29*X14 + X29*X15 + X29*X21 + X29*X23 + X29*X24 + X29*X26 + X3 + X4 + X5 + X6 + X8 + X10 + X11 + X14 + X16 + X20 + X22 + X24 + X26 + X29 + 1
X22*X0 + X28*X18 + X28*X19 + X28*X21 + X28*X22 + X28*X25 + X28*X27 + X29*X0 + X29*X3 + X29*X4 + X29*X6 + X29*X14 + X29*X15 + X29*X16 + X29*X18 + X29*X19 + X29*X20 + X29*X21 + X29*X22 + X29*X23 + X29*X25 + X29*X26 + X0 + X2 + X3 + X4 + X7 + X8 + X9 + X10 + X14 + X16 + X21 + X22 + X25 + X28
X21^2 + X21
X21*X20 + X28*X18 + X28*X19 + X28*X24 + X28*X27 + X29*X4 + X29*X5 + X29*X6 + X29*X7 + X29*X8 + X29*X14 + X29*X15 + X29*X16 + X29*X17 + X29*X21 + X29*X27 + X29*X28 + X4 + X5 + X8 + X10 + X11 + X13 + X14 + X17 + X20 + X22 + X23 + X24 + X26 + 1
X21*X19 + X28*X18 + X28*X19 + X28*X21 + X28*X23 + X28*X25 + X29*X2 + X29*X8 + X29*X12 + X29*X14 + X29*X15 + X29*X19 + X29*X20 + X29*X21 + X29*X22 + X29*X23 + X29*X24 + X29*X27 + X29*X28 + X2 + X4 + X5 + X6 + X9 + X11 + X12 + X13 + X14 + X15 + X19 + X20 + X23 + X25 + X26 + X28 + X29 + 1
X21*X18 + X28*X20 + X28*X21 + X28*X23 + X28*X24 + X28*X25 + X28*X27 + X29*X3 + X29*X4 + X29*X8 + X29*X12 + X29*X15 + X29*X17 + X29*X21 + X29*X22 + X29*X23 + X29*X24 + X29*X25 + X29*X28 + X0 + X2 + X6 + X11 + X12 + X16 + X17 + X18 + X19 + X21 + X23 + X24 + X28
X21*X17 + X28*X21 + X28*X22 + X28*X23 + X28*X24 + X28*X25 + X29*X2 + X29*X4 + X29*X5 + X29*X8 + X29*X12 + X29*X13 + X29*X14 + X29*X20 + X29*X23 + X29*X24 + X29*X25 + X29*X26 + X0 + X2 + X3 + X5 + X7 + X8 + X9 + X11 + X12 + X13 + X15 + X16 + X19 + X20 + X21 + X22 + X24 + X26 + X27 + X29 + 1
X21*X16 + X28*X18 + X28*X23 + X28*X27 + X29*X0 + X29*X3 + X29*X4 + X29*X10 + X29*X15 + X29*X19 + X29*X20 + X29*X21 + X29*X26 + X3 + X5 + X6 + X9 + X11 + X12 + X13 + X17 + X18 + X24 + X29 + 1
X21*X15 + X28*X23 + X29*X2 + X29*X3 + X29*X4 + X29*X5 + X29*X7 + X29*X8 + X29*X11 + X29*X12 + X29*X16 + X29*X17 + X29*X20 + X29*X22 + X29*X27 + X2 + X4 + X5 + X8 + X10 + X13 + X15 + X17 + X22 + X24 + X25 + X26 + X29 + 1
X21*X14 + X28*X18 + X28*X22 + X28*X23 + X28*X24 + X28*X25 + X28*X26 + X28*X27 + X29*X0 + X29*X4 + X29*X6 + X29*X8 + X29*X13 + X29*X14 + X29*X15 + X29*X16 + X29*X17 + X29*X22 + X29*X23 + X29*X24 + X0 + X6 + X9 + X10 + X11 + X12 + X15 + X18 + X20 + X24 + X25 + 1
X21*X13 + X28*X22 + X28*X23 + X28*X26 + X28*X27 + X29*X2 + X29*X3 + X29*X4 + X29*X5 + X29*X7 + X29*X8 + X29*X9 + X29*X12 + X29*X13 + X29*X14 + X29*X16 + X29*X17 + X29*X18 + X29*X20 + X29*X22 + X29*X23 + X0 + X2 + X3 + X4 + X7 + X11 + X12 + X13 + X14 + X16 + X18 + X20 + X23 + X27 + X28
X21*X12 + X28*X18 + X28*X19 + X28*X20 + X28*X24 + X28*X25 + X28*X26 + X29*X2 + X29*X4 + X29*X8 + X29*X10 + X29*X20 + X29*X22 + X29*X24 + X29*X27 + X0 + X2 + X4 + X7 + X8 + X20 + X23 + X27 + X29 + 1
X21*X11 + X28*X24 + X28*X26 + X28*X27 + X29*X7 + X29*X9 + X29*X12 + X29*X14 + X29*X15 + X29*X17 + X29*X18 + X29*X19 + X29*X21 + X29*X22 + X29*X25 + X2 + X4 + X5 + X6 + X7 + X8 + X9 + X14 + X15 + X16 + X17 + X18 + X19 + X22 + X25 + X28
X21*X10 + X28*X20 + X28*X21 + X28*X23 + X28*X24 + X28*X25 + X28*X27 + X29*X0 + X29*X2 + X29*X3 + X29*X5 + X29*X7 + X29*X8 + X29*X10 + X29*X12 + X29*X13 + X29*X14 + X29*X16 + X29*X20 + X29*X21 + X29*X25 + X29*X26 + X29*X27 + X29*X28 + X2 + X4 + X5 + X7 + X9 + X11 + X13 + X15 + X17 + X18 + X20 + X22 + X26 + X28
X21*X9 + X28*X20 + X28*X25 + X28*X26 + X28*X27 + X29*X4 + X29*X6 + X29*X9 + X29*X10 + X29*X12 + X29*X13 + X29*X16 + X29*X20 + X29*X22 + X29*X23 + X29*X24 + X29*X28 + X2 + X3 + X5 + X7 + X9 + X16 + X18 + X20 + X21 + X24 + X25 + X26 + X29 + 1
X21*X8 + X28*X18 + X28*X19 + X28*X20 + X28*X22 + X28*X23 + X28*X26 + X29*X0 + X29*X4 + X29*X6 + X29*X9 + X29*X13 + X29*X14 + X29*X15 + X29*X16 + X29*X18 + X29*X24 + X29*X25 + X29*X26 + X29*X27 + X29*X28 + X0 + X2 + X3 + X6 + X7 + X8 + X10 + X12 + X13 + X14 + X17 + X20 + X21 + X23 + X24 + X26 + X27 + X29
X21*X7 + X28*X18 + X28*X20 + X28*X21 + X28*X23 + X28*X25 + X28*X26 + X29*X2 + X29*X3 + X29*X4 + X29*X9 + X29*X10 + X29*X13 + X29*X14 + X29*X15 + X29*X16 + X29*X18 + X29*X21 + X29*X22 + X29*X24 + X29*X25 + X29*X26 + X29*X28 + X0 + X4 + X5 + X7 + X9 + X10 + X11 + X15 + X16 + X19 + X20 + X25 + X26 + X28 + 1
X21*X6 + X28*X20 + X28*X22 + X28*X23 + X28*X24 + X28*X26 + X28*X27 + X29*X0 + X29*X2 + X29*X10 + X29*X11 + X29*X14 + X29*X18 + X29*X20 + X29*X22 + X29*X23 + X29*X24 + X29*X26 + X29*X27 + X29*X28 + X0 + X3 + X6 + X8 + X10 + X12 + X16 + X21 + X23 + X25 + X29
X21*X5 + X28*X18 + X28*X19 + X28*X20 + X28*X21 + X28*X24 + X29*X0 + X29*X3 + X29*X4 + X29*X6 + X29*X11 + X29*X13 + X29*X14 + X29*X17 + X29*X20 + X29*X23 + X29*X24 + X29*X26 + X29*X27 + X29*X28 + X0 + X2 + X3 + X5 + X6 + X7 + X8 + X12 + X14 + X17 + X20 + X22 + X24 + X25 + X27 + X29
X21*X4 + X28*X19 + X28*X20 + X28*X21 + X28*X23 + X28*X26 + X28*X27 + X29*X4 + X29*X6 + X29*X7 + X29*X9 + X29*X10 + X29*X12 + X29*X14 + X29*X17 + X29*X18 + X29*X20 + X29*X22 + X29*X24 + X29*X25 + X29*X26 + X29*X27 + X29*X28 + X2 + X4 + X6 + X7 + X9 + X12 + X13 + X14 + X15 + X18 + X20 + X21 + X23 + X27 + X28 + 1
X21*X3 + X28*X18 + X28*X19 + X28*X20 + X28*X22 + X28*X23 + X28*X25 + X28*X27 + X29*X0 + X29*X2 + X29*X4 + X29*X6 + X29*X8 + X29*X9 + X29*X10 + X29*X11 + X29*X12 + X29*X14 + X29*X17 + X29*X18 + X29*X21 + X29*X22 + X29*X24 + X29*X26 + X0 + X3 + X4 + X7 + X11 + X13 + X14 + X20 + X21 + X22 + X24 + X25 + X27 + X28 + X29
X21*X2 + X28*X18 + X28*X19 + X28*X20 + X28*X21 + X28*X22 + X28*X23 + X28*X24 + X28*X25 + X28*X27 + X29*X0 + X29*X2 + X29*X3 + X29*X5 + X29*X6 + X29*X8 + X29*X9 + X29*X10 + X29*X11 + X29*X12 + X29*X15 + X29*X16 + X29*X18 + X29*X19 + X29*X20 + X29*X21 + X29*X24 + X29*X25 + X29*X26 + X29*X27 + X29*X28 + X0 + X7 + X8 + X11 + X16 + X17 + X25 + X29 + 1
X21*X0 + X28*X22 + X28*X25 + X28*X26 + X29*X2 + X29*X5 + X29*X7 + X29*X8 + X29*X12 + X29*X13 + X29*X15 + X29*X16 + X29*X17 + X29*X18 + X29*X19 + X29*X20 + X29*X21 + X29*X22 + X29*X23 + X29*X24 + X29*X27 + X4 + X5 + X6 + X13 + X14 + X16 + X17 + X19 + X20 + X21 + X22 + X23 + X24 + X27 + X28
X20^2 + X20
X20*X19 + X28*X18 + X28*X19 + X28*X20 + X28*X23 + X28*X24 + X28*X25 + X28*X26 + X29*X3 + X29*X4 + X29*X5 + X29*X7 + X29*X8 + X29*X9 + X29*X11 + X29*X15 + X29*X19 + X29*X21 + X29*X23 + X29*X24 + X29*X25 + X29*X27 + X0 + X2 + X3 + X4 + X5 + X12 + X13 + X14 + X15 + X16 + X18 + X19 + X22 + X25 + X26 + X28 + X29
X20*X18 + X28*X22 + X28*X24 + X28*X26 + X28*X27 + X29*X3 + X29*X4 + X29*X7 + X29*X8 + X29*X9 + X29*X10 + X29*X14 + X29*X17 + X29*X21 + X29*X22 + X29*X24 + X29*X25 + X29*X26 + X29*X28 + X2 + X4 + X6 + X8 + X9 + X11 + X15 + X16 + X18 + X19 + X21 + X23 + X24 + X25 + X27 + X28 + X29
X20*X17 + X28*X18 + X28*X19 + X28*X20 + X28*X22 + X28*X23 + X28*X24 + X28*X26 + X28*X27 + X29*X0 + X29*X3 + X29*X4 + X29*X5 + X29*X6 + X29*X7 + X29*X9 + X29*X10 + X29*X11 + X29*X12 + X29*X13 + X29*X14 + X29*X15 + X29*X17 + X29*X20 + X29*X22 + X29*X23 + X29*X24 + X29*X25 + X29*X28 + X0 + X3 + X4 + X6 + X7 + X8 + X12 + X13 + X15 + X21 + X22 + X23 + X24 + X26 + X27 + X28 + X29
X20*X16 + X28*X18 + X28*X19 + X28*X20 + X28*X23 + X28*X24 + X28*X26 + X28*X27 + X29*X2 + X29*X6 + X29*X11 + X29*X14 + X29*X16 + X29*X19 + X29*X21 + X29*X22 + X29*X23 + X29*X25 + X29*X27 + X0 + X3 + X4 + X10 + X11 + X12 + X14 + X16 + X19 + X20 + X22 + X27 + X28 + 1
X20*X15 + X28*X18 + X28*X20 + X28*X23 + X28*X24 + X28*X25 + X28*X26 + X29*X2 + X29*X5 + X29*X6 + X29*X7 + X29*X8 + X29*X9 + X29*X11 + X29*X18 + X29*X19 + X29*X22 + X29*X23 + X29*X24 + X29*X25 + X29*X26 + X29*X27 + X2 + X5 + X11 + X12 + X13 + X14 + X15 + X17 + X19 + X21 + X22 + X23 + X24 + X25 + X26 + X27 + X28 + X29
X20*X14 + X28*X18 + X28*X21 + X28*X22 + X28*X24 + X28*X26 + X29*X0 + X29*X2 + X29*X3 + X29*X5 + X29*X6 + X29*X7 + X29*X8 + X29*X9 + X29*X10 + X29*X15 + X29*X16 + X29*X19 + X29*X21 + X29*X22 + X29*X25 + X29*X27 + X29*X28 + X0 + X6 + X7 + X11 + X12 + X14 + X15 + X16 + X20 + X27 + X29 + 1
X20*X13 + X28*X21 + X28*X22 + X28*X23 + X28*X26 + X29*X3 + X29*X8 + X29*X9 + X29*X11 + X29*X12 + X29*X14 + X29*X18 + X29*X21 + X29*X22 + X29*X23 + X29*X27 + X29*X28 + X2 + X3 + X4 + X6 + X7 + X8 + X10 + X13 + X17 + X18 + X19 + X20 + X21 + X23 + X25 + X26 + X29
X20*X12 + X28*X19 + X28*X22 + X28*X23 + X28*X27 + X29*X3 + X29*X4 + X29*X6 + X29*X14 + X29*X16 + X29*X19 + X29*X21 + X29*X22 + X29*X26 + X29*X27 + X0 + X2 + X3 + X5 + X6 + X7 + X9 + X10 + X12 + X15 + X17 + X18 + X20 + X22 + X27 + X28 + X29 + 1
X20*X11 + X28*X23 + X28*X25 + X28*X26 + X29*X0 + X29*X3 + X29*X6 + X29*X8 + X29*X11 + X29*X12 + X29*X13 + X29*X14 + X29*X17 + X29*X19 + X29*X23 + X29*X25 + X29*X26 + X29*X27 + X0 + X3 + X6 + X7 + X10 + X12 + X16 + X17 + X18 + X20 + X23 + X25 + X27 + X28 + X29 + 1
X20*X10 + X28*X19 + X28*X22 + X28*X23 + X28*X24 + X28*X25 + X29*X3 + X29*X4 + X29*X8 + X29*X9 + X29*X11 + X29*X12 + X29*X14 + X29*X16 + X29*X17 + X29*X18 + X29*X20 + X29*X22 + X29*X27 + X29*X28 + X2 + X3 + X4 + X5 + X7 + X9 + X10 + X11 + X14 + X15 + X17 + X18 + X23 + X24 + X25 + X28 + 1
X20*X9 + X28*X19 + X28*X20 + X28*X22 + X28*X24 + X28*X25 + X28*X27 + X29*X0 + X29*X2 + X29*X7 + X29*X10 + X29*X12 + X29*X14 + X29*X17 + X29*X20 + X29*X21 + X29*X22 + X29*X23 + X29*X24 + X29*X27 + X2 + X4 + X6 + X9 + X10 + X15 + X20 + X24 + X25 + X26 + X28 + X29
X20*X8 + X28*X18 + X28*X22 + X28*X23 + X28*X24 + X28*X25 + X28*X26 + X29*X2 + X29*X6 + X29*X7 + X29*X8 + X29*X9 + X29*X11 + X29*X13 + X29*X17 + X29*X18 + X29*X27 + X2 + X3 + X4 + X5 + X6 + X8 + X9 + X10 + X12 + X13 + X18 + X19 + X20 + X23 + X24 + X28 + X29 + 1
X20*X7 + X28*X21 + X28*X22 + X28*X23 + X28*X24 + X28*X25 + X28*X27 + X29*X0 + X29*X5 + X29*X6 + X29*X8 + X29*X10 + X29*X11 + X29*X14 + X29*X16 + X29*X17 + X29*X18 + X29*X19 + X29*X20 + X29*X22 + X29*X24 + X0 + X3 + X5 + X6 + X8 + X11 + X13 + X16 + X17 + X18 + X19 + X21 + X22 + X24 + X26 + X27 + X28 + X29
X20*X6 + X28*X18 + X28*X20 + X28*X21 + X28*X23 + X28*X26 + X28*X27 + X29*X2 + X29*X3 + X29*X5 + X29*X8 + X29*X9 + X29*X13 + X29*X15 + X29*X17 + X29*X20 + X29*X21 + X29*X23 + X29*X25 + X29*X26 + X2 + X3 + X4 + X5 + X6 + X8 + X9 + X11 + X12 + X14 + X16 + X17 + X20 + X23 + X25 + X26 + X28 + X29
X20*X5 + X28*X18 + X28*X22 + X28*X23 + X28*X27 + X29*X0 + X29*X3 + X29*X5 + X29*X6 + X29*X7 + X29*X12 + X29*X14 + X29*X15 + X29*X16 + X29*X17 + X29*X18 + X29*X20 + X29*X24 + X29*X25 + X29*X27 + X0 + X5 + X6 + X9 + X11 + X12 + X13 + X14 + X15 + X17 + X19 + X20 + X21 + X23 + X24 + X25 + X27
X20*X4 + X28*X18 + X28*X19 + X28*X21 + X28*X22 + X28*X26 + X28*X27 + X29*X2 + X29*X3 + X29*X4 + X29*X5 + X29*X7 + X29*X8 + X29*X9 + X29*X10 + X29*X11 + X29*X13 + X29*X15 + X29*X17 + X29*X18 + X29*X20 + X29*X22 + X29*X24 + X29*X26 + X29*X28 + X3 + X4 + X10 + X11 + X12 + X14 + X15 + X18 + X20 + X23 + X24 + X26 + X27 + X28 + X29
X20*X3 + X28*X18 + X28*X19 + X28*X20 + X28*X21 + X28*X22 + X28*X26 + X29*X5 + X29*X6 + X29*X10 + X29*X11 + X29*X12 + X29*X13 + X29*X15 + X29*X16 + X29*X18 + X29*X19 + X29*X22 + X29*X25 + X29*X28 + X4 + X8 + X9 + X10 + X15 + X18 + X19 + X21 + X22 + X26 + X27
X20*X2 + X28*X18 + X28*X23 + X28*X26 + X29*X0 + X29*X2 + X29*X3 + X29*X4 + X29*X5 + X29*X6 + X29*X7 + X29*X8 + X29*X9 + X29*X12 + X29*X14 + X29*X15 + X29*X16 + X29*X18 + X29*X19 + X29*X20 + X29*X28 + X2 + X3 + X4 + X6 + X8 + X10 + X11 + X15 + X21 + X22 + X23 + X24 + X25 + X27 + X29
X20*X0 + X28*X18 + X28*X19 + X28*X21 + X28*X22 + X28*X25 + X29*X3 + X29*X7 + X29*X12 + X29*X13 + X29*X15 + X29*X16 + X29*X18 + X29*X20 + X29*X22 + X29*X27 + X0 + X2 + X7 + X10 + X12 + X13 + X15 + X16 + X18 + X19 + X21 + X24 + X28
X19^2 + X19
X19*X18 + X28*X18 + X28*X19 + X28*X20 + X28*X21 + X28*X22 + X28*X26 + X29*X3 + X29*X4 + X29*X7 + X29*X9 + X29*X11 + X29*X12 + X29*X13 + X29*X16 + X29*X19 + X29*X20 + X29*X21 + X29*X23 + X29*X24 + X29*X25 + X29*X26 + X29*X28 + X2 + X5 + X6 + X8 + X9 + X11 + X14 + X20 + X21 + X23 + X25 + 1
X19*X17 + X28*X18 + X28*X23 + X28*X24 + X28*X26 + X29*X4 + X29*X5 + X29*X8 + X29*X9 + X29*X12 + X29*X14 + X29*X15 + X29*X19 + X29*X20 + X29*X21 + X29*X23 + X29*X25 + X2 + X5 + X6 + X8 + X9 + X10 + X11 + X12 + X13 + X16 + X18 + X23 + X25
X19*X16 + X28*X18 + X28*X19 + X28*X21 + X28*X22 + X28*X23 + X28*X26 + X28*X27 + X29*X0 + X29*X2 + X29*X4 + X29*X6 + X29*X7 + X29*X9 + X29*X11 + X29*X12 + X29*X14 + X29*X17 + X29*X18 + X29*X19 + X29*X21 + X29*X23 + X29*X25 + X29*X26 + X29*X28 + X0 + X6 + X11 + X12 + X14 + X15 + X18 + X19 + X20 + X21 + X22 + X23 + X28
X19*X15 + X28*X19 + X28*X21 + X28*X24 + X28*X25 + X28*X26 + X28*X27 + X29*X2 + X29*X3 + X29*X5 + X29*X12 + X29*X20 + X29*X25 + X29*X27 + X4 + X6 + X7 + X9 + X11 + X12 + X13 + X15 + X16 + X18 + X19 + X22 + X23 + X25
X19*X14 + X28*X19 + X28*X20 + X28*X24 + X28*X25 + X28*X27 + X29*X9 + X29*X11 + X29*X15 + X29*X20 + X29*X21 + X29*X25 + X29*X27 + X0 + X2 + X4 + X8 + X11 + X13 + X14 + X15 + X16 + X17 + X18 + X21 + X25 + X26 + 1
X19*X13 + X28*X18 + X28*X25 + X28*X26 + X29*X5 + X29*X6 + X29*X7 + X29*X10 + X29*X11 + X29*X15 + X29*X16 + X29*X17 + X29*X18 + X29*X20 + X29*X21 + X29*X22 + X29*X25 + X29*X26 + X2 + X3 + X5 + X7 + X8 + X12 + X16 + X19 + X22 + X23 + X24 + X25 + X28 + X29
X19*X12 + X28*X18 + X28*X22 + X28*X26 + X29*X3 + X29*X5 + X29*X6 + X29*X12 + X29*X13 + X29*X14 + X29*X17 + X29*X18 + X29*X19 + X29*X24 + X29*X25 + X29*X26 + X29*X27 + X29*X28 + X2 + X3 + X4 + X5 + X6 + X9 + X14 + X16 + X18 + X23 + X24 + X26 + X27 + X28 + 1
X19*X11 + X28*X18 + X28*X26 + X28*X27 + X29*X2 + X29*X3 + X29*X6 + X29*X7 + X29*X9 + X29*X11 + X29*X15 + X29*X21 + X29*X22 + X29*X23 + X29*X24 + X29*X26 + X29*X27 + X29*X28 + X0 + X3 + X4 + X5 + X6 + X7 + X11 + X13 + X18 + X19 + X21 + X22 + X23 + X24 + X25 + X26 + X28
X19*X10 + X28*X18 + X28*X19 + X28*X20 + X28*X24 + X28*X26 + X28*X27 + X29*X2 + X29*X3 + X29*X4 + X29*X5 + X29*X6 + X29*X7 + X29*X8 + X29*X13 + X29*X16 + X29*X18 + X29*X19 + X29*X21 + X29*X22 + X29*X23 + X29*X26 + X29*X28 + X0 + X2 + X3 + X8 + X10 + X11 + X12 + X13 + X14 + X17 + X18 + X21 + X23 + X24 + X26 + X28 + X29 + 1
X19*X9 + X28*X19 + X28*X20 + X28*X21 + X28*X23 + X28*X25 + X28*X26 + X28*X27 + X29*X0 + X29*X2 + X29*X3 + X29*X7 + X29*X8 + X29*X9 + X29*X10 + X29*X11 + X29*X13 + X29*X15 + X29*X16 + X29*X17 + X29*X20 + X29*X21 + X29*X22 + X29*X23 + X29*X24 + X29*X25 + X29*X26 + X29*X27 + X0 + X2 + X3 + X4 + X5 + X7 + X9 + X11 + X12 + X14 + X16 + X18 + X19 + X21 + X23 + X25 + X28
X19*X8 + X28*X20 + X28*X23 + X28*X24 + X28*X26 + X29*X2 + X29*X5 + X29*X6 + X29*X7 + X29*X8 + X29*X9 + X29*X11 + X29*X12 + X29*X15 + X29*X19 + X29*X20 + X29*X24 + X29*X25 + X29*X26 + X0 + X2 + X4 + X7 + X8 + X9 + X11 + X13 + X14 + X15 + X16 + X17 + X18 + X19 + X25 + X26 + X27 + 1
X19*X7 + X28*X19 + X28*X21 + X28*X23 + X28*X24 + X28*X25 + X28*X27 + X29*X2 + X29*X4 + X29*X5 + X29*X6 + X29*X7 + X29*X8 + X29*X13 + X29*X14 + X29*X16 + X29*X19 + X29*X20 + X29*X21 + X29*X23 + X29*X25 + X29*X26 + X29*X28 + X3 + X6 + X7 + X9 + X10 + X12 + X13 + X14 + X17 + X20 + X23 + X24 + X25 + X26 + 1
X19*X6 + X28*X23 + X28*X24 + X28*X26 + X29*X0 + X29*X2 + X29*X3 + X29*X4 + X29*X6 + X29*X8 + X29*X11 + X29*X16 + X29*X17 + X29*X20 + X29*X22 + X29*X27 + X29*X28 + X0 + X4 + X5 + X7 + X9 + X11 + X13 + X16 + X21 + X23 + X25 + X26 + X29 + 1
X19*X5 + X28*X18 + X28*X20 + X28*X26 + X29*X0 + X29*X3 + X29*X7 + X29*X9 + X29*X11 + X29*X12 + X29*X13 + X29*X15 + X29*X16 + X29*X17 + X29*X20 + X29*X26 + X29*X27 + X3 + X4 + X5 + X6 + X7 + X9 + X11 + X15 + X17 + X18 + X20 + X21 + X22 + X26 + 1
X19*X4 + X28*X18 + X28*X20 + X28*X25 + X28*X26 + X28*X27 + X29*X3 + X29*X5 + X29*X6 + X29*X9 + X29*X10 + X29*X14 + X29*X15 + X29*X16 + X29*X17 + X29*X18 + X29*X19 + X29*X20 + X29*X21 + X29*X22 + X29*X27 + X2 + X3 + X9 + X11 + X12 + X14 + X15 + X21 + X22 + X24 + X26 + 1
X19*X3 + X28*X18 + X28*X19 + X28*X20 + X28*X24 + X28*X25 + X28*X26 + X29*X2 + X29*X4 + X29*X5 + X29*X6 + X29*X7 + X29*X9 + X29*X10 + X29*X11 + X29*X12 + X29*X19 + X29*X20 + X29*X22 + X29*X25 + X29*X28 + X2 + X3 + X5 + X10 + X11 + X15 + X16 + X17 + X18 + X20 + X23 + X24 + X27 + X28 + 1
X19*X2 + X28*X19 + X28*X20 + X28*X21 + X28*X26 + X29*X0 + X29*X2 + X29*X4 + X29*X10 + X29*X12 + X29*X14 + X29*X15 + X29*X16 + X29*X20 + X29*X21 + X29*X25 + X29*X26 + X4 + X6 + X9 + X12 + X14 + X15 + X16 + X19 + X20 + X22 + X23 + X24 + X28 + X29 + 1
X19*X0 + X28*X18 + X28*X19 + X28*X22 + X28*X24 + X28*X26 + X29*X2 + X29*X4 + X29*X5 + X29*X14 + X29*X15 + X29*X16 + X29*X19 + X29*X21 + X29*X22 + X29*X23 + X29*X24 + X29*X28 + X0 + X2 + X5 + X6 + X9 + X11 + X12 + X15 + X16 + X19 + X23 + X26 + X27 + 1
X18^2 + X18
X18*X17 + X28*X19 + X28*X20 + X28*X23 + X28*X25 + X28*X26 + X29*X2 + X29*X5 + X29*X6 + X29*X7 + X29*X10 + X29*X12 + X29*X15 + X29*X16 + X29*X17 + X29*X23 + X29*X28 + X0 + X3 + X6 + X7 + X9 + X13 + X14 + X15 + X18 + X19 + X24 + X28 + 1
X18*X16 + X28*X18 + X28*X21 + X28*X22 + X28*X23 + X28*X27 + X29*X2 + X29*X5 + X29*X6 + X29*X7 + X29*X8 + X29*X10 + X29*X11 + X29*X13 + X29*X16 + X29*X18 + X29*X19 + X29*X25 + X29*X27 + X29*X28 + X0 + X3 + X4 + X6 + X8 + X9 + X10 + X11 + X12 + X13 + X14 + X16 + X17 + X18 + X19 + X21 + X22 + X25 + X27 + X28 + X29
X18*X15 + X28*X20 + X29*X2 + X29*X9 + X29*X10 + X29*X11 + X29*X16 + X29*X17 + X29*X18 + X29*X19 + X29*X20 + X29*X22 + X29*X23 + X29*X25 + X29*X26 + X29*X27 + X0 + X6 + X7 + X11 + X12 + X13 + X15 + X19 + X20 + X21 + X22 + X24 + X25 + X26
X18*X14 + X28*X18 + X28*X19 + X28*X24 + X29*X2 + X29*X3 + X29*X4 + X29*X5 + X29*X6 + X29*X7 + X29*X11 + X29*X12 + X29*X13 + X29*X14 + X29*X16 + X29*X18 + X29*X19 + X29*X21 + X29*X22 + X29*X23 + X29*X24 + X29*X27 + X29*X28 + X4 + X6 + X10 + X11 + X12 + X13 + X15 + X17 + X18 + X19 + X20 + X21 + X26 + X29
X18*X13 + X28*X19 + X28*X22 + X28*X23 + X28*X25 + X28*X26 + X29*X2 + X29*X3 + X29*X11 + X29*X12 + X29*X15 + X29*X16 + X29*X17 + X29*X18 + X29*X19 + X29*X22 + X29*X26 + X29*X27 + X4 + X11 + X12 + X14 + X15 + X18 + X19 + X20 + X21 + X22 + X23 + X24 + X25 + X26 + X27 + X29
X18*X12 + X28*X18 + X28*X19 + X28*X20 + X28*X21 + X28*X22 + X28*X23 + X28*X24 + X28*X26 + X28*X27 + X29*X0 + X29*X2 + X29*X5 + X29*X6 + X29*X7 + X29*X11 + X29*X14 + X29*X16 + X29*X17 + X29*X18 + X29*X21 + X29*X22 + X29*X23 + X29*X28 + X0 + X4 + X5 + X6 + X7 + X9 + X10 + X14 + X17 + X18 + X22 + X23 + X24 + X25 + X26 + X27 + 1
X18*X11 + X28*X20 + X28*X23 + X28*X25 + X28*X27 + X29*X3 + X29*X4 + X29*X5 + X29*X6 + X29*X12 + X29*X13 + X29*X15 + X29*X16 + X29*X17 + X29*X19 + X29*X24 + X29*X25 + X29*X26 + X2 + X3 + X5 + X6 + X7 + X8 + X9 + X15 + X16 + X18 + X19 + X20 + X27 + X28
X18*X10 + X28*X19 + X28*X20 + X28*X21 + X29*X0 + X29*X5 + X29*X8 + X29*X9 + X29*X11 + X29*X12 + X29*X13 + X29*X14 + X29*X16 + X29*X20 + X29*X23 + X29*X24 + X29*X25 + X4 + X5 + X9 + X12 + X13 + X14 + X16 + X17 + X18 + X20 + X23 + X24 + X26 + X28 + 1
X18*X9 + X28*X18 + X28*X19 + X28*X25 + X28*X26 + X28*X27 + X29*X0 + X29*X4 + X29*X5 + X29*X7 + X29*X9 + X29*X11 + X29*X13 + X29*X15 + X29*X16 + X29*X22 + X29*X23 + X29*X24 + X29*X25 + X29*X26 + X29*X27 + X2 + X7 + X8 + X10 + X13 + X17 + X19 + X22 + X24 + X25 + X26 + X28
X18*X8 + X28*X18 + X28*X19 + X28*X22 + X28*X23 + X28*X26 + X28*X27 + X29*X0 + X29*X4 + X29*X5 + X29*X6 + X29*X7 + X29*X8 + X29*X9 + X29*X10 + X29*X12 + X29*X13 + X29*X14 + X29*X23 + X29*X27 + X29*X28 + X0 + X2 + X6 + X8 + X9 + X10 + X12 + X13 + X15 + X18 + X19 + X20 + X22 + X24 + X25 + X28 + X29 + 1
X18*X7 + X28*X18 + X28*X19 + X28*X24 + X28*X25 + X29*X0 + X29*X3 + X29*X4 + X29*X5 + X29*X6 + X29*X8 + X29*X9 + X29*X10 + X29*X11 + X29*X14 + X29*X17 + X29*X20 + X29*X21 + X29*X23 + X29*X24 + X29*X25 + X29*X26 + X29*X27 + X3 + X5 + X8 + X12 + X14 + X17 + X20 + X21 + X24 + X25 + X26 + X27 + 1
X18*X6 + X28*X23 + X28*X24 + X28*X25 + X28*X27 + X29*X2 + X29*X3 + X29*X8 + X29*X10 + X29*X12 + X29*X14 + X29*X15 + X29*X16 + X29*X18 + X29*X20 + X29*X21 + X29*X23 + X29*X28 + X0 + X2 + X4 + X5 + X6 + X7 + X8 + X13 + X15 + X18 + X19 + X20 + X22 + X23 + X25 + X26 + X28 + X29 + 1
X18*X5 + X28*X20 + X28*X21 + X28*X27 + X29*X4 + X29*X5 + X29*X10 + X29*X11 + X29*X12 + X29*X14 + X29*X19 + X29*X21 + X29*X24 + X29*X25 + X29*X26 + X29*X27 + X29*X28 + X0 + X5 + X7 + X9 + X10 + X11 + X14 + X16 + X17 + X19 + X21 + X22 + X24 + X25 + X26 + X29
X18*X4 + X28*X18 + X28*X22 + X28*X24 + X28*X26 + X28*X27 + X29*X2 + X29*X3 + X29*X4 + X29*X10 + X29*X11 + X29*X12 + X29*X14 + X29*X20 + X29*X22 + X29*X23 + X29*X25 + X0 + X2 + X5 + X6 + X8 + X10 + X12 + X14 + X16 + X20 + X22 + X23 + X24 + X27
X18*X3 + X28*X18 + X28*X19 + X28*X21 + X28*X25 + X28*X26 + X29*X0 + X29*X5 + X29*X10 + X29*X12 + X29*X16 + X29*X17 + X29*X18 + X29*X21 + X29*X22 + X29*X24 + X29*X27 + X0 + X4 + X5 + X7 + X8 + X10 + X13 + X18 + X22 + X24 + X25 + 1
X18*X2 + X28*X18 + X28*X19 + X28*X20 + X28*X21 + X28*X22 + X28*X24 + X28*X26 + X29*X0 + X29*X3 + X29*X4 + X29*X5 + X29*X7 + X29*X8 + X29*X9 + X29*X11 + X29*X12 + X29*X13 + X29*X14 + X29*X17 + X29*X18 + X29*X19 + X29*X20 + X29*X21 + X29*X22 + X29*X25 + X29*X26 + X29*X27 + X29*X28 + X2 + X4 + X8 + X9 + X14 + X17 + X20 + X21 + X24 + X26 + X27
X18*X0 + X28*X18 + X28*X21 + X28*X22 + X28*X25 + X28*X27 + X29*X0 + X29*X2 + X29*X3 + X29*X6 + X29*X7 + X29*X8 + X29*X9 + X29*X11 + X29*X14 + X29*X15 + X29*X16 + X29*X18 + X29*X20 + X29*X24 + X29*X25 + X29*X26 + X2 + X3 + X7 + X8 + X9 + X11 + X12 + X13 + X14 + X15 + X16 + X20 + X21 + X22 + X25 + X26 + X27 + X29 + 1
X17^2 + X17
X17*X16 + X28*X19 + X28*X20 + X28*X23 + X28*X26 + X28*X27 + X29*X2 + X29*X6 + X29*X7 + X29*X9 + X29*X10 + X29*X11 + X29*X12 + X29*X15 + X29*X16 + X29*X17 + X29*X20 + X29*X21 + X29*X23 + X29*X24 + X29*X26 + X29*X27 + X29*X28 + X3 + X6 + X7 + X8 + X9 + X11 + X12 + X14 + X16 + X17 + X18 + X19 + X23 + X24 + X26 + 1
X17*X15 + X28*X19 + X28*X20 + X28*X21 + X28*X23 + X28*X26 + X28*X27 + X29*X0 + X29*X3 + X29*X5 + X29*X6 + X29*X12 + X29*X13 + X29*X14 + X29*X16 + X29*X18 + X29*X21 + X29*X22 + X29*X25 + X29*X26 + X29*X27 + X2 + X3 + X7 + X11 + X13 + X15 + X17 + X18 + X20 + X22 + X24 + X25 + X26 + X29
X17*X14 + X28*X19 + X28*X20 + X28*X21 + X28*X23 + X28*X24 + X28*X27 + X29*X5 + X29*X7 + X29*X8 + X29*X13 + X29*X15 + X29*X17 + X29*X19 + X29*X21 + X29*X22 + X29*X25 + X29*X26 + X29*X27 + X29*X28 + X3 + X4 + X6 + X7 + X8 + X10 + X12 + X14 + X15 + X16 + X20 + X21 + 1
X17*X13 + X28*X18 + X28*X19 + X28*X20 + X28*X21 + X28*X23 + X28*X25 + X28*X26 + X28*X27 + X29*X2 + X29*X3 + X29*X5 + X29*X8 + X29*X10 + X29*X11 + X29*X15 + X29*X17 + X29*X19 + X29*X21 + X29*X22 + X29*X26 + X29*X28 + X4 + X5 + X8 + X10 + X12 + X15 + X17 + X18 + X19 + X20 + X22 + X24 + X25 + X27 + 1
X17*X12 + X28*X23 + X28*X25 + X28*X26 + X28*X27 + X29*X2 + X29*X3 + X29*X5 + X29*X7 + X29*X8 + X29*X10 + X29*X11 + X29*X13 + X29*X16 + X29*X19 + X29*X20 + X29*X21 + X29*X26 + X29*X27 + X2 + X3 + X4 + X6 + X7 + X8 + X9 + X10 + X12 + X13 + X16 + X17 + X21 + X22 + X23 + X24 + X26 + X27 + X28 + 1
X17*X11 + X28*X18 + X28*X19 + X28*X20 + X28*X21 + X28*X22 + X28*X24 + X28*X25 + X28*X26 + X29*X0 + X29*X3 + X29*X6 + X29*X7 + X29*X9 + X29*X10 + X29*X12 + X29*X13 + X29*X17 + X29*X18 + X29*X19 + X29*X21 + X29*X22 + X29*X24 + X29*X26 + X29*X27 + X0 + X2 + X5 + X6 + X9 + X10 + X12 + X15 + X16 + X20 + X22 + X23 + X25 + X26 + X27 + X29 + 1
X17*X10 + X28*X18 + X28*X19 + X28*X21 + X28*X23 + X28*X24 + X29*X2 + X29*X5 + X29*X8 + X29*X9 + X29*X11 + X29*X15 + X29*X18 + X29*X19 + X29*X25 + X29*X26 + X0 + X5 + X6 + X9 + X10 + X11 + X12 + X13 + X14 + X20 + X22 + X23 + X25 + X28 + X29 + 1
X17*X9 + X28*X19 + X28*X22 + X28*X23 + X28*X27 + X29*X2 + X29*X3 + X29*X4 + X29*X5 + X29*X8 + X29*X9 + X29*X11 + X29*X12 + X29*X13 + X29*X17 + X29*X19 + X29*X22 + X29*X24 + X29*X25 + X0 + X3 + X7 + X12 + X17 + X22 + X24 + X25 + X26 + X27 + X28 + X29
X17*X8 + X28*X23 + X28*X24 + X28*X26 + X28*X27 + X29*X4 + X29*X5 + X29*X6 + X29*X10 + X29*X11 + X29*X12 + X29*X14 + X29*X16 + X29*X22 + X29*X25 + X29*X27 + X0 + X2 + X3 + X5 + X7 + X9 + X12 + X13 + X14 + X15 + X18 + X21 + X23 + X24 + X25 + X27 + X29
X17*X7 + X28*X18 + X28*X20 + X28*X21 + X28*X22 + X28*X24 + X28*X25 + X28*X26 + X29*X0 + X29*X3 + X29*X6 + X29*X7 + X29*X10 + X29*X11 + X29*X12 + X29*X14 + X29*X15 + X29*X17 + X29*X18 + X29*X19 + X29*X21 + X29*X23 + X29*X24 + X0 + X3 + X4 + X5 + X8 + X11 + X12 + X14 + X15 + X17 + X19 + X20 + X25
X17*X6 + X28*X18 + X28*X19 + X28*X20 + X28*X21 + X28*X22 + X28*X23 + X28*X25 + X28*X26 + X28*X27 + X29*X0 + X29*X2 + X29*X4 + X29*X5 + X29*X7 + X29*X12 + X29*X15 + X29*X17 + X29*X18 + X29*X19 + X29*X22 + X29*X23 + X29*X24 + X29*X25 + X29*X27 + X29*X28 + X2 + X3 + X4 + X5 + X6 + X7 + X9 + X11 + X12 + X15 + X16 + X17 + X20 + X21 + X23 + X24 + X26 + X27 + X29 + 1
X17*X5 + X28*X19 + X28*X22 + X28*X25 + X28*X26 + X28*X27 + X29*X0 + X29*X2 + X29*X5 + X29*X15 + X29*X16 + X29*X17 + X29*X18 + X29*X21 + X29*X22 + X29*X23 + X29*X26 + X2 + X4 + X5 + X8 + X9 + X11 + X12 + X18 + X19 + X20 + X21 + X22 + X23 + X27 + X28 + X29 + 1
X17*X4 + X28*X18 + X28*X20 + X28*X23 + X28*X24 + X28*X26 + X28*X27 + X29*X3 + X29*X4 + X29*X5 + X29*X6 + X29*X15 + X29*X20 + X29*X21 + X29*X23 + X29*X25 + X29*X26 + X29*X27 + X3 + X6 + X8 + X10 + X12 + X13 + X14 + X15 + X17 + X25 + X29
X17*X3 + X28*X18 + X28*X19 + X28*X20 + X28*X22 + X28*X24 + X28*X25 + X28*X26 + X29*X3 + X29*X6 + X29*X8 + X29*X9 + X29*X10 + X29*X13 + X29*X14 + X29*X15 + X29*X17 + X29*X19 + X29*X23 + X29*X25 + X29*X26 + X29*X27 + X29*X28 + X0 + X3 + X5 + X10 + X11 + X12 + X13 + X14 + X15 + X16 + X17 + X19 + X20 + X21 + X23 + X24 + X25 + X27 + X28 + 1
X17*X2 + X28*X19 + X28*X20 + X28*X24 + X28*X25 + X29*X0 + X29*X2 + X29*X3 + X29*X4 + X29*X5 + X29*X8 + X29*X9 + X29*X10 + X29*X11 + X29*X14 + X29*X15 + X29*X16 + X29*X17 + X29*X19 + X29*X21 + X29*X22 + X29*X23 + X29*X25 + X29*X27 + X29*X28 + X3 + X4 + X6 + X8 + X17 + X18 + X19 + X20 + X21 + X22 + X23 + X24 + X25 + X26 + X29 + 1
X17*X0 + X28*X18 + X28*X19 + X28*X26 + X29*X8 + X29*X9 + X29*X10 + X29*X13 + X29*X14 + X29*X16 + X29*X20 + X29*X21 + X29*X24 + X29*X28 + X0 + X2 + X3 + X6 + X7 + X8 + X9 + X12 + X14 + X17 + X20 + X22 + X25 + X26 + 1
X16^2 + X16
X16*X15 + X28*X19 + X28*X22 + X28*X25 + X28*X26 + X28*X27 + X29*X0 + X29*X2 + X29*X5 + X29*X7 + X29*X9 + X29*X10 + X29*X12 + X29*X14 + X29*X18 + X29*X24 + X29*X26 + X2 + X3 + X5 + X7 + X8 + X10 + X11 + X16 + X17 + X19 + X22 + X23 + X26 + X28 + X29
X16*X14 + X28*X19 + X28*X20 + X28*X22 + X28*X24 + X28*X25 + X29*X4 + X29*X7 + X29*X8 + X29*X9 + X29*X12 + X29*X14 + X29*X15 + X29*X17 + X29*X20 + X29*X24 + X2 + X4 + X6 + X7 + X8 + X9 + X11 + X12 + X13 + X15 + X16 + X20 + X22 + X26 + X27 + X28 + X29 + 1
X16*X13 + X28*X20 + X28*X21 + X28*X22 + X28*X27 + X29*X0 + X29*X4 + X29*X5 + X29*X7 + X29*X8 + X29*X9 + X29*X12 + X29*X13 + X29*X15 + X29*X18 + X29*X19 + X29*X20 + X29*X23 + X29*X27 + X29*X28 + X0 + X2 + X4 + X5 + X6 + X7 + X8 + X9 + X11 + X13 + X16 + X18 + X20 + X23 + X26 + X29
X16*X12 + X28*X18 + X28*X20 + X28*X22 + X28*X23 + X28*X24 + X28*X25 + X28*X27 + X29*X0 + X29*X2 + X29*X3 + X29*X4 + X29*X5 + X29*X8 + X29*X9 + X29*X10 + X29*X11 + X29*X12 + X29*X16 + X29*X19 + X29*X20 + X29*X22 + X29*X24 + X29*X26 + X29*X27 + X3 + X4 + X5 + X6 + X11 + X12 + X16 + X17 + X18 + X19 + X20 + X23 + X25 + X26 + X27 + X28 + X29
X16*X11 + X28*X20 + X28*X21 + X28*X24 + X28*X26 + X29*X0 + X29*X3 + X29*X4 + X29*X5 + X29*X7 + X29*X11 + X29*X13 + X29*X14 + X29*X15 + X29*X18 + X29*X19 + X29*X20 + X29*X24 + X29*X25 + X29*X26 + X29*X27 + X29*X28 + X6 + X9 + X10 + X11 + X16 + X17 + X21 + X22 + X23 + X26 + X28 + X29 + 1
X16*X10 + X28*X18 + X28*X23 + X28*X25 + X28*X27 + X29*X2 + X29*X6 + X29*X7 + X29*X11 + X29*X12 + X29*X13 + X29*X14 + X29*X15 + X29*X17 + X29*X18 + X29*X19 + X29*X24 + X29*X27 + X3 + X6 + X7 + X9 + X10 + X12 + X13 + X16 + X18 + X19 + X22 + X23 + X24 + X25 + X27 + X28 + 1
X16*X9 + X28*X18 + X28*X20 + X28*X27 + X29*X0 + X29*X2 + X29*X4 + X29*X6 + X29*X8 + X29*X10 + X29*X12 + X29*X14 + X29*X15 + X29*X19 + X29*X20 + X29*X25 + X29*X28 + X2 + X4 + X5 + X7 + X10 + X12 + X13 + X15 + X16 + X17 + X19 + X20 + X21 + X22 + X24 + X26 + X28 + X29
X16*X8 + X28*X19 + X28*X20 + X28*X22 + X28*X23 + X28*X24 + X28*X26 + X29*X0 + X29*X3 + X29*X6 + X29*X8 + X29*X9 + X29*X11 + X29*X12 + X29*X13 + X29*X17 + X29*X19 + X29*X20 + X29*X22 + X29*X23 + X29*X25 + X29*X28 + X0 + X2 + X3 + X4 + X5 + X10 + X15 + X18 + X23 + X25 + X28 + 1
X16*X7 + X28*X18 + X28*X20 + X28*X22 + X28*X24 + X28*X27 + X29*X0 + X29*X3 + X29*X4 + X29*X11 + X29*X12 + X29*X13 + X29*X16 + X29*X17 + X29*X18 + X29*X21 + X29*X22 + X29*X24 + X29*X27 + X29*X28 + X0 + X3 + X4 + X6 + X13 + X15 + X17 + X18 + X21 + X22 + X25 + X26 + X29
X16*X6 + X28*X18 + X28*X19 + X28*X20 + X28*X24 + X28*X25 + X28*X26 + X29*X0 + X29*X2 + X29*X7 + X29*X8 + X29*X9 + X29*X17 + X29*X19 + X29*X21 + X29*X22 + X29*X24 + X29*X25 + X29*X26 + X29*X28 + X2 + X3 + X4 + X5 + X6 + X7 + X8 + X15 + X18 + X19 + X21 + X23 + X25 + X27 + X29
X16*X5 + X28*X20 + X28*X21 + X28*X22 + X28*X23 + X28*X24 + X28*X26 + X29*X0 + X29*X2 + X29*X12 + X29*X16 + X29*X20 + X29*X21 + X29*X26 + X0 + X3 + X4 + X5 + X6 + X10 + X12 + X13 + X14 + X15 + X24 + X27 + X29
X16*X4 + X28*X19 + X28*X20 + X28*X21 + X28*X24 + X28*X27 + X29*X0 + X29*X2 + X29*X3 + X29*X5 + X29*X7 + X29*X8 + X29*X9 + X29*X11 + X29*X12 + X29*X13 + X29*X14 + X29*X15 + X29*X16 + X29*X17 + X29*X18 + X29*X19 + X29*X21 + X29*X22 + X29*X23 + X29*X25 + X29*X26 + X29*X28 + X3 + X4 + X7 + X8 + X9 + X10 + X11 + X13 + X14 + X16 + X17 + X19 + X21 + X22 + X23 + X24 + X25 + X26 + X27
X16*X3 + X28*X18 + X28*X23 + X28*X25 + X28*X27 + X29*X3 + X29*X4 + X29*X6 + X29*X12 + X29*X13 + X29*X14 + X29*X15 + X29*X17 + X29*X18 + X29*X20 + X29*X21 + X29*X22 + X29*X26 + X29*X27 + X0 + X2 + X3 + X4 + X7 + X11 + X12 + X13 + X14 + X16 + X18 + X22 + X29 + 1
X16*X2 + X28*X18 + X28*X19 + X28*X23 + X28*X25 + X29*X0 + X29*X2 + X29*X3 + X29*X5 + X29*X15 + X29*X16 + X29*X17 + X29*X19 + X29*X21 + X29*X22 + X29*X24 + X29*X26 + X29*X27 + X2 + X8 + X10 + X12 + X14 + X15 + X16 + X19 + X20 + X21 + X23 + X24 + X25 + X26 + X27 + X28 + X29
X16*X0 + X28*X18 + X28*X21 + X28*X26 + X29*X6 + X29*X7 + X29*X8 + X29*X9 + X29*X10 + X29*X12 + X29*X14 + X29*X16 + X29*X18 + X29*X19 + X29*X22 + X29*X23 + X29*X26 + X29*X27 + X29*X28 + X2 + X6 + X7 + X9 + X15 + X16 + X19 + X20 + X21 + X23 + X24 + X25
X15^2 + X15
X15*X14 + X28*X19 + X28*X23 + X28*X24 + X28*X27 + X29*X2 + X29*X6 + X29*X7 + X29*X9 + X29*X13 + X29*X14 + X29*X17 + X29*X20 + X29*X21 + X29*X22 + X29*X23 + X29*X24 + X2 + X4 + X5 + X11 + X14 + X18 + X20 + X21 + X22 + X29
X15*X13 + X28*X20 + X28*X22 + X28*X23 + X28*X25 + X29*X0 + X29*X3 + X29*X4 + X29*X6 + X29*X7 + X29*X8 + X29*X9 + X29*X12 + X29*X14 + X29*X15 + X29*X16 + X29*X20 + X29*X21 + X29*X22 + X29*X23 + X29*X24 + X29*X25 + X29*X26 + X2 + X3 + X4 + X8 + X10 + X11 + X12 + X14 + X15 + X16 + X20 + X21 + X24 + X25 + X26 + X27 + X28
X15*X12 + X28*X18 + X28*X19 + X28*X20 + X28*X21 + X28*X22 + X29*X4 + X29*X6 + X29*X7 + X29*X10 + X29*X11 + X29*X13 + X29*X14 + X29*X16 + X29*X17 + X29*X19 + X29*X22 + X29*X24 + X29*X25 + X29*X27 + X2 + X12 + X13 + X15 + X16 + X22 + X24 + X25 + X27 + 1
X15*X11 + X28*X20 + X28*X21 + X28*X24 + X28*X25 + X29*X3 + X29*X4 + X29*X5 + X29*X6 + X29*X10 + X29*X13 + X29*X16 + X29*X17 + X29*X20 + X29*X21 + X29*X22 + X29*X23 + X29*X24 + X29*X28 + X0 + X3 + X8 + X11 + X13 + X14 + X20 + X21 + X23 + X26 + X28
X15*X10 + X28*X19 + X28*X22 + X28*X26 + X28*X27 + X29*X0 + X29*X2 + X29*X3 + X29*X4 + X29*X7 + X29*X11 + X29*X12 + X29*X16 + X29*X17 + X29*X19 + X29*X20 + X29*X21 + X29*X23 + X29*X24 + X29*X25 + X29*X26 + X29*X27 + X8 + X9 + X12 + X15 + X17 + X20 + X22 + X23 + X26 + X28 + 1
X15*X9 + X28*X18 + X28*X21 + X28*X24 + X28*X26 + X29*X2 + X29*X3 + X29*X6 + X29*X7 + X29*X8 + X29*X9 + X29*X11 + X29*X13 + X29*X14 + X29*X16 + X29*X19 + X29*X20 + X29*X23 + X29*X25 + X29*X28 + X0 + X5 + X6 + X7 + X8 + X9 + X13 + X15 + X16 + X17 + X19 + X21 + X23 + X24 + X25 + X26 + X27
X15*X8 + X28*X19 + X28*X21 + X28*X22 + X28*X24 + X28*X26 + X29*X2 + X29*X3 + X29*X5 + X29*X8 + X29*X9 + X29*X10 + X29*X13 + X29*X14 + X29*X16 + X29*X18 + X29*X19 + X29*X20 + X29*X21 + X29*X24 + X29*X27 + X29*X28 + X2 + X6 + X11 + X15 + X16 + X19 + X21 + X24 + X26 + X27 + X28
X15*X7 + X28*X20 + X28*X22 + X28*X23 + X28*X24 + X28*X26 + X28*X27 + X29*X0 + X29*X2 + X29*X3 + X29*X6 + X29*X7 + X29*X9 + X29*X10 + X29*X11 + X29*X12 + X29*X13 + X29*X17 + X29*X21 + X29*X22 + X29*X24 + X29*X25 + X29*X27 + X0 + X7 + X8 + X9 + X12 + X13 + X15 + X16 + X18 + X23 + X24 + X26
X15*X6 + X28*X18 + X28*X19 + X28*X20 + X28*X21 + X28*X24 + X29*X0 + X29*X4 + X29*X5 + X29*X7 + X29*X8 + X29*X9 + X29*X10 + X29*X11 + X29*X12 + X29*X13 + X29*X14 + X29*X15 + X29*X16 + X29*X17 + X29*X18 + X29*X21 + X29*X23 + X29*X25 + X29*X28 + X2 + X8 + X9 + X10 + X11 + X14 + X15 + X16 + X21 + X22 + X23 + X24 + X28
X15*X5 + X28*X18 + X28*X20 + X28*X21 + X28*X22 + X28*X23 + X28*X25 + X28*X26 + X28*X27 + X29*X6 + X29*X7 + X29*X9 + X29*X10 + X29*X11 + X29*X14 + X29*X15 + X29*X16 + X29*X17 + X29*X19 + X29*X21 + X29*X22 + X29*X23 + X29*X25 + X29*X27 + X29*X28 + X0 + X2 + X10 + X11 + X12 + X17 + X18 + X20 + X21 + X24 + X27 + X29
X15*X4 + X28*X21 + X28*X24 + X28*X25 + X28*X26 + X29*X0 + X29*X3 + X29*X4 + X29*X5 + X29*X8 + X29*X11 + X29*X12 + X29*X15 + X29*X16 + X29*X17 + X29*X18 + X29*X19 + X29*X20 + X29*X26 + X29*X27 + X2 + X6 + X8 + X10 + X11 + X12 + X13 + X16 + X19 + X22 + X23 + X26 + X27
X15*X3 + X28*X18 + X28*X21 + X28*X22 + X28*X24 + X28*X26 + X28*X27 + X29*X3 + X29*X7 + X29*X9 + X29*X10 + X29*X11 + X29*X14 + X29*X16 + X29*X21 + X29*X23 + X29*X25 + X29*X26 + X29*X27 + X2 + X5 + X7 + X12 + X14 + X20 + X21 + X22 + X26 + X27 + X28 + X29
X15*X2 + X28*X18 + X28*X19 + X28*X20 + X28*X22 + X28*X23 + X28*X25 + X29*X0 + X29*X2 + X29*X6 + X29*X7 + X29*X13 + X29*X16 + X29*X22 + X29*X23 + X29*X24 + X29*X27 + X3 + X4 + X5 + X9 + X12 + X13 + X18 + X20 + X21 + X22 + X23 + X26 + 1
X15*X0 + X28*X19 + X28*X20 + X28*X21 + X28*X24 + X28*X25 + X28*X26 + X29*X2 + X29*X4 + X29*X5 + X29*X6 + X29*X10 + X29*X11 + X29*X12 + X29*X14 + X29*X15 + X29*X17 + X29*X18 + X29*X19 + X29*X20 + X29*X21 + X29*X23 + X29*X26 + X29*X28 + X3 + X4 + X7 + X8 + X11 + X12 + X14 + X15 + X17 + X18 + X19 + X20 + X21 + X25 + X27 + X28 + 1
X14^2 + X14
X14*X13 + X28*X19 + X28*X20 + X28*X22 + X28*X23 + X28*X27 + X29*X0 + X29*X5 + X29*X6 + X29*X15 + X29*X16 + X29*X18 + X29*X19 + X29*X21 + X29*X24 + X29*X25 + X29*X27 + X29*X28 + X4 + X8 + X9 + X10 + X14 + X18 + X21 + X22 + X23 + X25 + X26 + X27 + X28
X14*X12 + X28*X20 + X28*X22 + X28*X23 + X28*X24 + X29*X0 + X29*X6 + X29*X10 + X29*X13 + X29*X15 + X29*X18 + X29*X20 + X29*X22 + X29*X25 + X2 + X5 + X6 + X7 + X9 + X10 + X16 + X19 + X21 + X23 + X26 + X27 + X28 + X29 + 1
X14*X11 + X28*X22 + X28*X23 + X28*X26 + X29*X2 + X29*X3 + X29*X5 + X29*X7 + X29*X8 + X29*X9 + X29*X11 + X29*X12 + X29*X16 + X29*X21 + X29*X23 + X29*X24 + X29*X25 + X29*X26 + X29*X27 + X29*X28 + X2 + X4 + X9 + X10 + X11 + X13 + X14 + X15 + X17 + X19 + X20 + X21 + X22 + X24 + X25 + X26 + X27 + 1
X14*X10 + X28*X19 + X28*X20 + X28*X21 + X28*X22 + X28*X23 + X28*X24 + X28*X26 + X29*X0 + X29*X2 + X29*X3 + X29*X4 + X29*X5 + X29*X6 + X29*X9 + X29*X11 + X29*X12 + X29*X13 + X29*X14 + X29*X17 + X29*X19 + X29*X20 + X29*X22 + X29*X26 + X2 + X6 + X8 + X10 + X15 + X16 + X17 + X18 + X21 + X22 + X24 + X28
X14*X9 + X28*X22 + X28*X26 + X28*X27 + X29*X2 + X29*X6 + X29*X8 + X29*X9 + X29*X10 + X29*X12 + X29*X14 + X29*X15 + X29*X16 + X29*X19 + X29*X23 + X29*X24 + X29*X27 + X2 + X3 + X4 + X5 + X6 + X7 + X9 + X10 + X12 + X14 + X17 + X18 + X19 + X22 + X23 + X24 + X26 + X27 + X28 + X29
X14*X8 + X28*X20 + X28*X21 + X28*X22 + X28*X27 + X29*X3 + X29*X4 + X29*X5 + X29*X6 + X29*X8 + X29*X9 + X29*X13 + X29*X15 + X29*X22 + X29*X23 + X29*X24 + X29*X28 + X0 + X4 + X5 + X8 + X9 + X13 + X16 + X18 + X19 + X21 + X22 + X24 + X25 + X27 + X29 + 1
X14*X7 + X28*X18 + X28*X19 + X28*X24 + X28*X26 + X28*X27 + X29*X0 + X29*X5 + X29*X7 + X29*X8 + X29*X11 + X29*X12 + X29*X13 + X29*X15 + X29*X16 + X29*X18 + X29*X19 + X29*X22 + X29*X23 + X29*X24 + X29*X25 + X29*X26 + X29*X27 + X29*X28 + X0 + X2 + X3 + X5 + X7 + X9 + X10 + X14 + X15 + X16 + X17 + X19 + X22 + X28
X14*X6 + X28*X18 + X28*X20 + X28*X23 + X28*X24 + X28*X27 + X29*X0 + X29*X2 + X29*X4 + X29*X5 + X29*X6 + X29*X7 + X29*X11 + X29*X12 + X29*X15 + X29*X16 + X29*X17 + X29*X20 + X29*X22 + X29*X23 + X29*X25 + X29*X26 + X29*X27 + X29*X28 + X0 + X3 + X5 + X6 + X8 + X9 + X13 + X15 + X17 + X18 + X22 + X23
X14*X5 + X28*X19 + X28*X23 + X28*X24 + X29*X2 + X29*X4 + X29*X5 + X29*X9 + X29*X11 + X29*X12 + X29*X13 + X29*X15 + X29*X25 + X29*X28 + X6 + X7 + X8 + X9 + X10 + X11 + X15 + X18 + X19 + X20 + X22 + X23 + X24 + X26 + X27 + X28 + 1
X14*X4 + X28*X21 + X28*X22 + X28*X23 + X28*X24 + X28*X27 + X29*X5 + X29*X6 + X29*X7 + X29*X20 + X29*X21 + X29*X22 + X29*X26 + X0 + X3 + X4 + X7 + X8 + X15 + X17 + X22 + X26 + X29
X14*X3 + X28*X19 + X28*X20 + X28*X21 + X28*X25 + X28*X27 + X29*X0 + X29*X3 + X29*X7 + X29*X8 + X29*X9 + X29*X10 + X29*X11 + X29*X12 + X29*X16 + X29*X18 + X29*X19 + X29*X20 + X29*X23 + X29*X24 + X29*X25 + X29*X26 + X29*X27 + X29*X28 + X0 + X2 + X4 + X7 + X8 + X9 + X15 + X16 + X17 + X19 + X21 + X25 + X27 + X28 + X29
X14*X2 + X28*X19 + X28*X22 + X28*X23 + X28*X25 + X28*X26 + X28*X27 + X29*X2 + X29*X3 + X29*X4 + X29*X6 + X29*X10 + X29*X13 + X29*X14 + X29*X18 + X29*X19 + X29*X21 + X29*X22 + X29*X27 + X29*X28 + X0 + X2 + X4 + X5 + X6 + X7 + X8 + X9 + X17 + X18 + X19 + X20 + X21 + X22 + X24 + X25 + X27 + X28
X14*X0 + X28*X18 + X28*X21 + X28*X22 + X28*X23 + X28*X24 + X28*X27 + X29*X0 + X29*X4 + X29*X5 + X29*X10 + X29*X11 + X29*X12 + X29*X13 + X29*X14 + X29*X15 + X29*X17 + X29*X18 + X29*X19 + X29*X20 + X29*X26 + X29*X28 + X3 + X4 + X7 + X8 + X9 + X11 + X14 + X16 + X17 + X18 + X24 + X25 + X28
X13^2 + X13
X13*X12 + X28*X23 + X28*X24 + X28*X26 + X29*X2 + X29*X3 + X29*X4 + X29*X5 + X29*X6 + X29*X11 + X29*X13 + X29*X14 + X29*X18 + X29*X19 + X29*X20 + X29*X22 + X29*X27 + X0 + X3 + X4 + X8 + X9 + X10 + X11 + X12 + X14 + X15 + X18 + X19 + X22 + X25 + X26 + X28 + X29
X13*X11 + X28*X18 + X28*X19 + X28*X21 + X28*X24 + X29*X0 + X29*X3 + X29*X4 + X29*X6 + X29*X7 + X29*X11 + X29*X13 + X29*X14 + X29*X15 + X29*X16 + X29*X17 + X29*X18 + X29*X22 + X29*X24 + X29*X27 + X2 + X6 + X7 + X8 + X9 + X10 + X11 + X13 + X16 + X20 + X23 + X24 + X25 + X26 + X27 + X28 + X29
X13*X10 + X28*X18 + X28*X19 + X28*X20 + X28*X22 + X28*X23 + X28*X24 + X28*X26 + X28*X27 + X29*X0 + X29*X4 + X29*X8 + X29*X11 + X29*X13 + X29*X16 + X29*X19 + X29*X20 + X29*X21 + X29*X22 + X29*X23 + X29*X24 + X29*X26 + X29*X27 + X29*X28 + X0 + X4 + X5 + X6 + X9 + X10 + X11 + X12 + X13 + X16 + X17 + X18 + X19 + X20 + X22 + X23 + X26 + X27 + X29
X13*X9 + X28*X18 + X28*X20 + X29*X0 + X29*X3 + X29*X4 + X29*X5 + X29*X7 + X29*X16 + X29*X17 + X29*X20 + X29*X22 + X29*X23 + X29*X24 + X29*X25 + X29*X26 + X29*X28 + X2 + X3 + X4 + X5 + X7 + X8 + X10 + X11 + X12 + X16 + X17 + X23 + X24 + X28
X13*X8 + X28*X19 + X28*X20 + X28*X21 + X28*X23 + X28*X24 + X28*X26 + X29*X3 + X29*X4 + X29*X5 + X29*X6 + X29*X9 + X29*X11 + X29*X14 + X29*X15 + X29*X21 + X29*X23 + X29*X25 + X29*X27 + X29*X28 + X0 + X6 + X7 + X11 + X12 + X14 + X15 + X18 + X19 + X21 + X22 + X23 + X28 + X29
X13*X7 + X28*X22 + X28*X23 + X28*X24 + X29*X0 + X29*X2 + X29*X4 + X29*X5 + X29*X7 + X29*X8 + X29*X10 + X29*X11 + X29*X13 + X29*X16 + X29*X17 + X29*X18 + X29*X19 + X29*X20 + X29*X21 + X29*X23 + X29*X24 + X29*X26 + X0 + X3 + X4 + X5 + X10 + X12 + X14 + X15 + X16 + X17 + X19 + X22 + X23 + X24 + X27 + X28 + X29 + 1
X13*X6 + X28*X18 + X28*X26 + X29*X0 + X29*X10 + X29*X11 + X29*X14 + X29*X15 + X29*X19 + X29*X21 + X29*X25 + X29*X26 + X29*X28 + X0 + X2 + X5 + X7 + X9 + X10 + X13 + X14 + X15 + X16 + X17 + X18 + X19 + X21 + X22 + X29 + 1
X13*X5 + X28*X18 + X28*X19 + X28*X22 + X28*X23 + X28*X25 + X28*X27 + X29*X0 + X29*X5 + X29*X6 + X29*X10 + X29*X11 + X29*X12 + X29*X18 + X29*X20 + X29*X21 + X29*X22 + X29*X26 + X29*X27 + X2 + X6 + X7 + X9 + X10 + X15 + X16 + X17 + X19 + X20 + X21 + X22 + X24 + X26 + X27 + X28 + X29
X13*X4 + X28*X18 + X28*X19 + X28*X20 + X28*X21 + X28*X25 + X28*X26 + X29*X0 + X29*X2 + X29*X3 + X29*X6 + X29*X7 + X29*X8 + X29*X10 + X29*X12 + X29*X13 + X29*X16 + X29*X17 + X29*X18 + X29*X19 + X29*X20 + X29*X22 + X29*X24 + X29*X25 + X29*X28 + X6 + X9 + X10 + X11 + X12 + X14 + X15 + X16 + X19 + X21 + X22 + X24 + X26 + X29
X13*X3 + X28*X18 + X28*X19 + X28*X20 + X28*X21 + X28*X22 + X28*X24 + X28*X25 + X29*X0 + X29*X5 + X29*X6 + X29*X8 + X29*X9 + X29*X10 + X29*X13 + X29*X14 + X29*X18 + X29*X19 + X29*X21 + X29*X22 + X29*X25 + X29*X26 + X29*X27 + X4 + X6 + X7 + X10 + X11 + X12 + X13 + X17 + X19 + X22 + X24 + X26 + X28 + X29
X13*X2 + X28*X18 + X28*X19 + X28*X20 + X28*X21 + X28*X23 + X28*X26 + X29*X4 + X29*X5 + X29*X6 + X29*X7 + X29*X8 + X29*X12 + X29*X14 + X29*X15 + X29*X16 + X29*X17 + X29*X18 + X29*X19 + X29*X21 + X29*X24 + X29*X25 + X29*X27 + X29*X28 + X4 + X5 + X6 + X9 + X10 + X11 + X13 + X15 + X16 + X19 + X20 + X21 + X22 + X27 + X29 + 1
X13*X0 + X28*X18 + X28*X19 + X28*X21 + X28*X25 + X28*X26 + X29*X5 + X29*X7 + X29*X8 + X29*X14 + X29*X15 + X29*X16 + X29*X18 + X29*X19 + X29*X21 + X29*X26 + X29*X28 + X3 + X4 + X5 + X7 + X8 + X9 + X14 + X16 + X17 + X18 + X20 + X21 + X22 + X24 + X26 + X28 + X29
X12^2 + X12
X12*X11 + X28*X19 + X28*X21 + X28*X22 + X28*X24 + X28*X25 + X28*X26 + X29*X4 + X29*X5 + X29*X10 + X29*X11 + X29*X12 + X29*X15 + X29*X16 + X29*X18 + X29*X19 + X29*X20 + X29*X21 + X29*X24 + X29*X25 + X29*X28 + X0 + X3 + X4 + X6 + X7 + X8 + X14 + X15 + X16 + X17 + X18 + X22 + X23 + X24 + X26 + X27 + X29 + 1
X12*X10 + X28*X19 + X28*X21 + X28*X24 + X28*X25 + X29*X2 + X29*X3 + X29*X4 + X29*X5 + X29*X6 + X29*X7 + X29*X8 + X29*X9 + X29*X11 + X29*X12 + X29*X14 + X29*X17 + X29*X18 + X29*X20 + X29*X26 + X29*X27 + X29*X28 + X0 + X3 + X7 + X8 + X12 + X14 + X17 + X18 + X21 + X22 + X25 + X27 + X28 + 1
X12*X9 + X28*X18 + X28*X20 + X28*X22 + X28*X24 + X29*X0 + X29*X2 + X29*X5 + X29*X6 + X29*X8 + X29*X11 + X29*X12 + X29*X15 + X29*X16 + X29*X17 + X29*X18 + X29*X19 + X29*X20 + X29*X21 + X29*X23 + X29*X27 + X0 + X2 + X4 + X8 + X12 + X15 + X16 + X18 + X19 + X20 + X21 + X22 + X25 + X26 + X27 + X28
X12*X8 + X28*X19 + X28*X21 + X28*X22 + X28*X24 + X28*X27 + X29*X3 + X29*X6 + X29*X7 + X29*X8 + X29*X10 + X29*X13 + X29*X15 + X29*X17 + X29*X18 + X29*X19 + X29*X20 + X29*X22 + X29*X23 + X29*X28 + X3 + X4 + X6 + X7 + X8 + X10 + X11 + X13 + X14 + X15 + X17 + X18 + X20 + X21 + X23 + X24 + X25 + X26 + X28 + X29 + 1
X12*X7 + X28*X19 + X28*X20 + X28*X21 + X28*X23 + X28*X24 + X28*X25 + X29*X0 + X29*X2 + X29*X4 + X29*X5 + X29*X7 + X29*X9 + X29*X12 + X29*X15 + X29*X16 + X29*X18 + X29*X20 + X29*X22 + X29*X23 + X29*X24 + X29*X27 + X2 + X3 + X5 + X7 + X8 + X11 + X15 + X17 + X20 + X21 + X23 + X24 + X26 + X28 + X29
X12*X6 + X28*X18 + X28*X19 + X28*X20 + X28*X22 + X28*X23 + X28*X26 + X28*X27 + X29*X4 + X29*X5 + X29*X6 + X29*X8 + X29*X9 + X29*X10 + X29*X12 + X29*X14 + X29*X17 + X29*X18 + X29*X19 + X29*X21 + X29*X27 + X3 + X4 + X5 + X15 + X17 + X22 + X23 + X24 + X25 + X26 + 1
X12*X5 + X28*X18 + X28*X27 + X29*X0 + X29*X2 + X29*X5 + X29*X8 + X29*X9 + X29*X11 + X29*X13 + X29*X19 + X29*X20 + X29*X21 + X29*X25 + X29*X27 + X0 + X2 + X5 + X6 + X7 + X10 + X11 + X16 + X18 + X21 + X24 + X27
X12*X4 + X28*X20 + X28*X23 + X28*X24 + X28*X25 + X28*X26 + X29*X0 + X29*X4 + X29*X9 + X29*X10 + X29*X11 + X29*X13 + X29*X19 + X29*X20 + X29*X21 + X29*X23 + X29*X24 + X29*X26 + X29*X27 + X0 + X2 + X4 + X5 + X7 + X8 + X9 + X10 + X11 + X12 + X15 + X16 + X19 + X20 + X22 + X23 + X24 + X25 + X26 + X28
X12*X3 + X28*X19 + X28*X20 + X28*X24 + X28*X26 + X28*X27 + X29*X0 + X29*X5 + X29*X6 + X29*X7 + X29*X8 + X29*X9 + X29*X10 + X29*X11 + X29*X13 + X29*X15 + X29*X17 + X29*X18 + X29*X19 + X29*X22 + X29*X24 + X29*X27 + X3 + X7 + X8 + X10 + X13 + X14 + X15 + X18 + X21 + X22 + X25 + X26 + X28 + X29 + 1
X12*X2 + X28*X19 + X28*X20 + X28*X21 + X28*X23 + X29*X2 + X29*X3 + X29*X5 + X29*X7 + X29*X8 + X29*X9 + X29*X11 + X29*X14 + X29*X21 + X29*X25 + X29*X26 + X29*X27 + X0 + X8 + X10 + X12 + X13 + X14 + X15 + X18 + X19 + X20 + X24 + X25 + X27 + X28
X12*X0 + X28*X19 + X28*X20 + X28*X21 + X28*X22 + X28*X23 + X28*X24 + X28*X25 + X28*X26 + X28*X27 + X29*X3 + X29*X7 + X29*X8 + X29*X9 + X29*X14 + X29*X15 + X29*X20 + X29*X21 + X29*X24 + X29*X25 + X29*X27 + X29*X28 + X0 + X2 + X3 + X4 + X6 + X8 + X11 + X12 + X13 + X16 + X17 + X20 + X23 + X25 + X27 + 1
X11^2 + X11
X11*X10 + X28*X21 + X28*X22 + X28*X23 + X28*X24 + X28*X26 + X28*X27 + X29*X0 + X29*X4 + X29*X9 + X29*X10 + X29*X12 + X29*X16 + X29*X17 + X29*X18 + X29*X19 + X29*X23 + X29*X28 + X3 + X8 + X10 + X13 + X14 + X15 + X21 + X22 + X23 + X24 + X26 + X27 + X28 + X29 + 1
X11*X9 + X28*X21 + X28*X22 + X28*X23 + X28*X24 + X28*X25 + X28*X26 + X29*X3 + X29*X5 + X29*X7 + X29*X8 + X29*X9 + X29*X10 + X29*X11 + X29*X12 + X29*X13 + X29*X14 + X29*X15 + X29*X16 + X29*X19 + X29*X21 + X29*X23 + X29*X25 + X29*X26 + X29*X27 + X2 + X5 + X7 + X11 + X15 + X16 + X18 + X20 + X21 + X23 + X24 + X25 + X26 + 1
X11*X8 + X28*X19 + X28*X20 + X28*X22 + X28*X25 + X28*X26 + X29*X0 + X29*X2 + X29*X4 + X29*X6 + X29*X9 + X29*X12 + X29*X13 + X29*X14 + X29*X15 + X29*X16 + X29*X18 + X29*X22 + X29*X25 + X29*X26 + X29*X27 + X29*X28 + X0 + X5 + X6 + X7 + X8 + X9 + X10 + X12 + X17 + X18 + X20 + X24 + X27 + 1
X11*X7 + X28*X20 + X28*X24 + X28*X26 + X29*X6 + X29*X8 + X29*X10 + X29*X13 + X29*X15 + X29*X16 + X29*X17 + X29*X22 + X29*X25 + X29*X26 + X29*X27 + X29*X28 + X0 + X2 + X5 + X6 + X7 + X8 + X10 + X14 + X16 + X18 + X19 + X20 + X23 + X25 + X26 + X27 + X28 + 1
X11*X6 + X28*X18 + X28*X20 + X28*X21 + X28*X26 + X28*X27 + X29*X2 + X29*X3 + X29*X5 + X29*X9 + X29*X10 + X29*X12 + X29*X13 + X29*X15 + X29*X18 + X29*X23 + X5 + X7 + X8 + X11 + X15 + X17 + X24 + X25 + X26 + X27 + 1
X11*X5 + X28*X18 + X28*X19 + X28*X21 + X28*X25 + X29*X2 + X29*X3 + X29*X4 + X29*X8 + X29*X11 + X29*X12 + X29*X14 + X29*X15 + X29*X17 + X29*X19 + X29*X20 + X29*X21 + X29*X22 + X29*X23 + X29*X26 + X29*X27 + X29*X28 + X3 + X5 + X6 + X9 + X10 + X11 + X14 + X16 + X19 + X21 + X23 + X24 + X25 + X26 + X27 + 1
X11*X4 + X28*X19 + X28*X22 + X29*X4 + X29*X9 + X29*X10 + X29*X11 + X29*X24 + X29*X26 + X29*X27 + X29*X28 + X0 + X3 + X7 + X9 + X11 + X12 + X14 + X15 + X17 + X20 + X21 + X22 + X23 + X28 + X29 + 1
X11*X3 + X28*X18 + X28*X22 + X28*X23 + X28*X24 + X28*X25 + X28*X27 + X29*X0 + X29*X2 + X29*X10 + X29*X12 + X29*X13 + X29*X15 + X29*X17 + X29*X18 + X29*X22 + X29*X23 + X29*X27 + X29*X28 + X2 + X4 + X5 + X7 + X12 + X16 + X17 + X19 + X20 + X21 + X25 + X26 + X28
X11*X2 + X28*X20 + X28*X21 + X28*X22 + X28*X23 + X28*X25 + X28*X26 + X29*X2 + X29*X8 + X29*X11 + X29*X13 + X29*X15 + X29*X16 + X29*X21 + X29*X22 + X29*X24 + X29*X25 + X29*X26 + X29*X27 + X0 + X3 + X4 + X8 + X14 + X15 + X16 + X17 + X20 + X22 + X23 + X24 + X25 + X26 + X27 + X28 + X29
X11*X0 + X28*X19 + X28*X20 + X28*X22 + X28*X24 + X28*X25 + X28*X27 + X29*X0 + X29*X2 + X29*X5 + X29*X7 + X29*X9 + X29*X10 + X29*X13 + X29*X15 + X29*X16 + X29*X18 + X29*X19 + X29*X20 + X29*X21 + X29*X22 + X29*X25 + X29*X26 + X29*X28 + X0 + X2 + X3 + X7 + X10 + X12 + X13 + X17 + X20 + X21 + X22 + X25 + X26 + X27 + X28
X10^2 + X10
X10*X9 + X28*X18 + X28*X19 + X28*X25 + X28*X26 + X28*X27 + X29*X5 + X29*X6 + X29*X8 + X29*X12 + X29*X13 + X29*X14 + X29*X16 + X29*X22 + X29*X25 + X29*X27 + X0 + X2 + X3 + X4 + X10 + X11 + X12 + X13 + X14 + X15 + X19 + X20 + X22 + X25 + X26 + X27 + X28 + X29 + 1
X10*X8 + X28*X18 + X28*X19 + X28*X20 + X28*X21 + X28*X22 + X28*X24 + X28*X27 + X29*X0 + X29*X2 + X29*X3 + X29*X6 + X29*X9 + X29*X10 + X29*X12 + X29*X14 + X29*X15 + X29*X19 + X29*X23 + X29*X25 + X2 + X4 + X7 + X9 + X13 + X17 + X18 + X21 + X22 + X25 + X28 + X29 + 1
X10*X7 + X28*X23 + X28*X25 + X29*X0 + X29*X4 + X29*X5 + X29*X7 + X29*X9 + X29*X10 + X29*X12 + X29*X13 + X29*X14 + X29*X19 + X29*X21 + X29*X22 + X29*X25 + X29*X26 + X0 + X2 + X4 + X5 + X8 + X9 + X10 + X11 + X15 + X16 + X17 + X24 + X28 + X29 + 1
X10*X6 + X28*X18 + X28*X20 + X28*X25 + X29*X3 + X29*X7 + X29*X8 + X29*X9 + X29*X11 + X29*X13 + X29*X15 + X29*X17 + X29*X18 + X29*X22 + X29*X24 + X2 + X3 + X5 + X10 + X11 + X12 + X15 + X16 + X17 + X19 + X20 + X22 + X24 + X26 + X27 + 1
X10*X5 + X28*X19 + X28*X20 + X28*X21 + X28*X23 + X28*X24 + X28*X26 + X28*X27 + X29*X0 + X29*X2 + X29*X5 + X29*X7 + X29*X8 + X29*X10 + X29*X11 + X29*X14 + X29*X16 + X29*X17 + X29*X18 + X29*X19 + X29*X20 + X29*X21 + X29*X24 + X29*X25 + X3 + X9 + X11 + X12 + X15 + X19 + X20 + X22 + X24 + X26 + X28 + X29 + 1
X10*X4 + X28*X18 + X28*X23 + X28*X26 + X29*X2 + X29*X5 + X29*X6 + X29*X7 + X29*X8 + X29*X9 + X29*X13 + X29*X14 + X29*X15 + X29*X17 + X29*X19 + X29*X22 + X29*X23 + X29*X24 + X29*X28 + X2 + X5 + X7 + X11 + X12 + X13 + X16 + X17 + X18 + X19 + X21 + X23 + X24 + X26 + X27
X10*X3 + X28*X18 + X28*X19 + X28*X22 + X28*X24 + X28*X25 + X28*X27 + X29*X4 + X29*X5 + X29*X9 + X29*X12 + X29*X14 + X29*X15 + X29*X17 + X29*X24 + X29*X26 + X2 + X4 + X8 + X13 + X17 + X19 + X20 + X21 + X23 + X25 + X26 + X27 + X29 + 1
X10*X2 + X28*X20 + X28*X22 + X28*X23 + X28*X24 + X28*X25 + X28*X27 + X29*X0 + X29*X3 + X29*X4 + X29*X7 + X29*X8 + X29*X9 + X29*X11 + X29*X12 + X29*X13 + X29*X14 + X29*X15 + X29*X17 + X29*X21 + X29*X23 + X29*X24 + X29*X27 + X29*X28 + X8 + X9 + X10 + X11 + X15 + X16 + X21 + X24 + X28 + X29
X10*X0 + X28*X18 + X28*X20 + X28*X22 + X28*X23 + X28*X24 + X28*X26 + X28*X27 + X29*X2 + X29*X4 + X29*X5 + X29*X7 + X29*X9 + X29*X10 + X29*X12 + X29*X14 + X29*X17 + X29*X19 + X29*X20 + X29*X21 + X29*X25 + X29*X26 + X0 + X2 + X3 + X7 + X8 + X10 + X11 + X15 + X17 + X22 + X23 + X25 + X26 + X28 + 1
X9^2 + X9
X9*X8 + X28*X18 + X28*X23 + X28*X25 + X28*X27 + X29*X0 + X29*X5 + X29*X6 + X29*X11 + X29*X12 + X29*X14 + X29*X16 + X29*X17 + X29*X20 + X29*X22 + X0 + X4 + X7 + X8 + X9 + X12 + X15 + X16 + X17 + X18 + X20 + X23 + X24 + X29
X9*X7 + X28*X18 + X28*X19 + X28*X20 + X28*X26 + X28*X27 + X29*X0 + X29*X3 + X29*X4 + X29*X7 + X29*X8 + X29*X9 + X29*X11 + X29*X12 + X29*X13 + X29*X14 + X29*X16 + X29*X19 + X29*X20 + X29*X21 + X29*X22 + X29*X23 + X29*X25 + X29*X26 + X29*X27 + X5 + X6 + X8 + X9 + X10 + X11 + X12 + X16 + X17 + X19 + X20 + X21 + X24 + X25 + X27 + X29
X9*X6 + X28*X18 + X28*X19 + X28*X21 + X28*X22 + X28*X27 + X29*X7 + X29*X9 + X29*X12 + X29*X14 + X29*X15 + X29*X17 + X29*X18 + X29*X19 + X29*X20 + X29*X23 + X29*X24 + X29*X25 + X29*X26 + X29*X27 + X29*X28 + X0 + X3 + X5 + X6 + X7 + X8 + X11 + X13 + X15 + X19 + X22 + X23 + X24 + X25 + X28 + 1
X9*X5 + X28*X18 + X28*X19 + X28*X20 + X28*X26 + X29*X0 + X29*X4 + X29*X7 + X29*X9 + X29*X11 + X29*X16 + X29*X17 + X29*X18 + X29*X24 + X29*X25 + X29*X28 + X0 + X3 + X6 + X7 + X9 + X10 + X11 + X12 + X13 + X16 + X19 + X20 + X22 + X23
X9*X4 + X28*X21 + X28*X22 + X28*X24 + X28*X25 + X29*X0 + X29*X3 + X29*X6 + X29*X7 + X29*X10 + X29*X11 + X29*X15 + X29*X17 + X29*X18 + X29*X19 + X29*X20 + X29*X21 + X29*X23 + X29*X25 + X0 + X3 + X4 + X7 + X8 + X9 + X10 + X11 + X12 + X13 + X15 + X17 + X19 + X25 + X27 + X28
X9*X3 + X28*X22 + X28*X24 + X28*X25 + X29*X0 + X29*X2 + X29*X3 + X29*X4 + X29*X5 + X29*X9 + X29*X12 + X29*X14 + X29*X16 + X29*X18 + X29*X20 + X29*X22 + X29*X27 + X3 + X6 + X10 + X12 + X14 + X15 + X19 + X21 + X22 + X23 + X25 + X27
X9*X2 + X28*X20 + X28*X21 + X28*X22 + X28*X23 + X28*X24 + X28*X25 + X28*X26 + X29*X3 + X29*X6 + X29*X7 + X29*X9 + X29*X10 + X29*X11 + X29*X15 + X29*X16 + X29*X17 + X29*X18 + X29*X21 + X29*X26 + X0 + X2 + X3 + X5 + X10 + X11 + X13 + X15 + X17 + X20 + X22 + X23 + X24 + X25 + X27 + X29
X9*X0 + X28*X18 + X28*X19 + X28*X20 + X28*X21 + X28*X22 + X28*X23 + X28*X25 + X28*X27 + X29*X2 + X29*X4 + X29*X5 + X29*X6 + X29*X7 + X29*X10 + X29*X11 + X29*X13 + X29*X15 + X29*X19 + X29*X20 + X29*X22 + X29*X23 + X29*X26 + X29*X28 + X0 + X3 + X8 + X9 + X11 + X14 + X16 + X21 + X23 + X25 + X26 + X27 + X29
X8^2 + X8
X8*X7 + X28*X18 + X28*X19 + X28*X21 + X28*X22 + X28*X23 + X28*X25 + X28*X27 + X29*X0 + X29*X4 + X29*X6 + X29*X7 + X29*X8 + X29*X11 + X29*X12 + X29*X13 + X29*X14 + X29*X15 + X29*X16 + X29*X19 + X29*X20 + X29*X22 + X29*X25 + X29*X27 + X6 + X8 + X11 + X12 + X13 + X14 + X15 + X16 + X17 + X20 + X21 + X23 + X24 + X26 + 1
X8*X6 + X28*X18 + X28*X20 + X28*X21 + X28*X23 + X28*X24 + X28*X25 + X28*X27 + X29*X5 + X29*X6 + X29*X9 + X29*X12 + X29*X13 + X29*X16 + X29*X17 + X29*X19 + X29*X20 + X29*X22 + X29*X23 + X29*X24 + X29*X25 + X29*X27 + X0 + X2 + X5 + X6 + X7 + X9 + X11 + X15 + X17 + X18 + X21 + X24 + X25 + X28 + 1
X8*X5 + X28*X18 + X28*X20 + X28*X22 + X28*X23 + X28*X24 + X28*X25 + X28*X27 + X29*X0 + X29*X3 + X29*X4 + X29*X7 + X29*X9 + X29*X10 + X29*X11 + X29*X13 + X29*X14 + X29*X15 + X29*X16 + X29*X24 + X29*X25 + X29*X26 + X29*X27 + X0 + X2 + X5 + X6 + X9 + X11 + X12 + X13 + X15 + X16 + X17 + X19 + X20 + X23 + X24 + X25 + X27 + X28 + X29
X8*X4 + X28*X18 + X28*X21 + X28*X22 + X28*X24 + X28*X25 + X28*X26 + X28*X27 + X29*X4 + X29*X5 + X29*X6 + X29*X7 + X29*X15 + X29*X16 + X29*X17 + X29*X18 + X29*X19 + X29*X20 + X29*X22 + X29*X23 + X29*X26 + X0 + X3 + X5 + X6 + X8 + X10 + X12 + X13 + X14 + X15 + X16 + X17 + X19 + X20 + X23 + X24 + X25 + X26 + X27 + 1
X8*X3 + X28*X22 + X28*X24 + X28*X26 + X28*X27 + X29*X3 + X29*X4 + X29*X5 + X29*X10 + X29*X11 + X29*X12 + X29*X13 + X29*X14 + X29*X16 + X29*X19 + X29*X21 + X29*X22 + X29*X26 + X29*X27 + X29*X28 + X3 + X4 + X6 + X10 + X11 + X13 + X16 + X17 + X18 + X20 + X22 + X25 + X27 + 1
X8*X2 + X28*X19 + X28*X21 + X28*X23 + X28*X26 + X29*X0 + X29*X2 + X29*X3 + X29*X4 + X29*X5 + X29*X6 + X29*X9 + X29*X11 + X29*X12 + X29*X18 + X29*X20 + X29*X21 + X29*X22 + X29*X23 + X29*X25 + X29*X26 + X29*X27 + X0 + X2 + X13 + X16 + X17 + X19 + X20 + X21 + X22 + X25 + X27 + X29
X8*X0 + X28*X21 + X28*X23 + X28*X24 + X29*X0 + X29*X3 + X29*X4 + X29*X5 + X29*X6 + X29*X9 + X29*X12 + X29*X16 + X29*X18 + X29*X24 + X29*X25 + X29*X27 + X0 + X2 + X7 + X8 + X10 + X11 + X12 + X14 + X15 + X16 + X19 + X20 + X21 + X23 + X24 + X25 + 1
X7^2 + X7
X7*X6 + X28*X19 + X28*X20 + X28*X21 + X28*X22 + X28*X23 + X28*X24 + X28*X25 + X29*X0 + X29*X3 + X29*X8 + X29*X10 + X29*X13 + X29*X16 + X29*X20 + X29*X21 + X29*X26 + X29*X28 + X0 + X4 + X7 + X8 + X10 + X11 + X12 + X13 + X14 + X15 + X17 + X21 + X22 + X23 + X24 + X29 + 1
X7*X5 + X28*X18 + X28*X20 + X28*X21 + X28*X23 + X28*X25 + X28*X26 + X28*X27 + X29*X3 + X29*X4 + X29*X5 + X29*X6 + X29*X8 + X29*X9 + X29*X11 + X29*X13 + X29*X14 + X29*X15 + X29*X17 + X29*X19 + X29*X20 + X29*X21 + X29*X22 + X29*X23 + X29*X25 + X29*X26 + X29*X28 + X0 + X4 + X5 + X7 + X8 + X9 + X10 + X12 + X13 + X17 + X19 + X20 + X29 + 1
X7*X4 + X28*X18 + X28*X19 + X28*X20 + X28*X21 + X28*X22 + X28*X23 + X29*X0 + X29*X2 + X29*X3 + X29*X5 + X29*X8 + X29*X9 + X29*X10 + X29*X11 + X29*X12 + X29*X13 + X29*X14 + X29*X15 + X29*X16 + X29*X17 + X29*X20 + X29*X21 + X29*X26 + X29*X27 + X4 + X5 + X7 + X10 + X14 + X16 + X18 + X20 + X21 + X23 + X27 + 1
X7*X3 + X28*X18 + X28*X19 + X28*X20 + X28*X22 + X28*X25 + X28*X26 + X28*X27 + X29*X5 + X29*X7 + X29*X8 + X29*X9 + X29*X10 + X29*X11 + X29*X13 + X29*X15 + X29*X18 + X29*X20 + X29*X21 + X29*X22 + X29*X27 + X0 + X4 + X5 + X6 + X7 + X8 + X9 + X10 + X11 + X12 + X13 + X15 + X17 + X21 + X25
X7*X2 + X28*X19 + X28*X21 + X28*X25 + X29*X0 + X29*X4 + X29*X5 + X29*X6 + X29*X11 + X29*X12 + X29*X15 + X29*X17 + X29*X19 + X29*X21 + X29*X22 + X29*X23 + X29*X25 + X29*X26 + X29*X27 + X0 + X2 + X3 + X6 + X8 + X11 + X12 + X16 + X20 + X23 + X25 + X26 + X28 + X29
X7*X0 + X28*X18 + X28*X20 + X28*X21 + X28*X22 + X29*X0 + X29*X3 + X29*X4 + X29*X5 + X29*X8 + X29*X10 + X29*X12 + X29*X13 + X29*X14 + X29*X18 + X29*X20 + X29*X22 + X29*X23 + X29*X24 + X29*X25 + X29*X28 + X0 + X3 + X4 + X5 + X8 + X11 + X14 + X15 + X16 + X18 + X19 + X20 + X21 + X22 + X24 + X25 + X26 + X29
X6^2 + X6
X6*X5 + X28*X21 + X28*X22 + X29*X4 + X29*X10 + X29*X13 + X29*X14 + X29*X15 + X29*X16 + X29*X19 + X29*X21 + X29*X23 + X29*X24 + X29*X26 + X29*X27 + X29*X28 + X0 + X2 + X4 + X6 + X7 + X9 + X11 + X12 + X17 + X18 + X20 + X22 + X23 + X25 + X28 + X29 + 1
X6*X4 + X28*X20 + X28*X21 + X28*X22 + X28*X23 + X28*X24 + X29*X2 + X29*X4 + X29*X9 + X29*X10 + X29*X13 + X29*X17 + X29*X19 + X29*X21 + X29*X22 + X29*X23 + X29*X24 + X29*X27 + X0 + X3 + X4 + X5 + X9 + X10 + X12 + X13 + X15 + X16 + X18 + X19 + X20 + X21 + X22 + X23 + X24 + X26
X6*X3 + X28*X21 + X29*X3 + X29*X6 + X29*X8 + X29*X9 + X29*X12 + X29*X13 + X29*X14 + X29*X15 + X29*X16 + X29*X21 + X29*X22 + X29*X23 + X29*X24 + X29*X25 + X29*X27 + X0 + X2 + X5 + X6 + X7 + X8 + X9 + X10 + X16 + X19 + X22 + X25 + X27 + X28 + X29
X6*X2 + X28*X20 + X28*X21 + X28*X22 + X28*X23 + X28*X25 + X28*X27 + X29*X0 + X29*X3 + X29*X4 + X29*X5 + X29*X10 + X29*X11 + X29*X13 + X29*X18 + X29*X20 + X29*X22 + X29*X23 + X29*X24 + X29*X25 + X29*X26 + X29*X28 + X2 + X4 + X5 + X7 + X9 + X13 + X15 + X16 + X18 + X19 + X21 + X24 + X25 + X27 + X28 + X29
X6*X0 + X28*X18 + X28*X22 + X28*X24 + X28*X25 + X28*X26 + X28*X27 + X29*X3 + X29*X5 + X29*X6 + X29*X10 + X29*X12 + X29*X15 + X29*X17 + X29*X18 + X29*X20 + X29*X21 + X0 + X2 + X4 + X5 + X8 + X9 + X10 + X12 + X13 + X16 + X17 + X19 + X20 + X28 + 1
X5^2 + X5
X5*X4 + X28*X19 + X28*X20 + X28*X23 + X28*X24 + X28*X25 + X28*X27 + X29*X4 + X29*X6 + X29*X8 + X29*X10 + X29*X12 + X29*X13 + X29*X14 + X29*X17 + X29*X18 + X29*X20 + X29*X22 + X29*X23 + X29*X25 + X29*X26 + X29*X27 + X0 + X2 + X3 + X4 + X5 + X7 + X8 + X10 + X14 + X19 + X25 + X26 + X29
X5*X3 + X28*X18 + X28*X21 + X28*X22 + X28*X24 + X28*X27 + X29*X0 + X29*X2 + X29*X3 + X29*X6 + X29*X9 + X29*X10 + X29*X11 + X29*X13 + X29*X14 + X29*X15 + X29*X16 + X29*X17 + X29*X23 + X29*X24 + X29*X25 + X29*X27 + X0 + X9 + X11 + X12 + X13 + X15 + X17 + X20 + X22 + X24 + X25 + X26 + X27 + X28 + X29
X5*X2 + X28*X18 + X28*X19 + X28*X21 + X28*X22 + X28*X23 + X28*X24 + X29*X0 + X29*X4 + X29*X5 + X29*X6 + X29*X8 + X29*X11 + X29*X12 + X29*X13 + X29*X15 + X29*X16 + X29*X17 + X29*X18 + X29*X19 + X29*X21 + X29*X22 + X29*X24 + X29*X26 + X29*X27 + X2 + X5 + X8 + X11 + X14 + X17 + X18 + X19 + X20 + X23 + X25 + X26
X5*X0 + X28*X18 + X28*X19 + X28*X20 + X28*X22 + X28*X27 + X29*X0 + X29*X3 + X29*X5 + X29*X6 + X29*X7 + X29*X9 + X29*X10 + X29*X11 + X29*X13 + X29*X16 + X29*X17 + X29*X19 + X29*X20 + X29*X22 + X29*X23 + X0 + X2 + X3 + X5 + X6 + X9 + X11 + X12 + X16 + X17 + X18 + X21 + X23 + X26 + X27 + X28 + 1
X4^2 + X4
X4*X3 + X28*X21 + X28*X22 + X28*X25 + X29*X0 + X29*X2 + X29*X3 + X29*X5 + X29*X6 + X29*X10 + X29*X11 + X29*X14 + X29*X16 + X29*X17 + X29*X19 + X29*X20 + X29*X21 + X29*X23 + X29*X27 + X29*X28 + X2 + X3 + X6 + X7 + X9 + X11 + X14 + X15 + X16 + X17 + X18 + X19 + X21 + X23 + X25 + X26 + 1
X4*X2 + X28*X18 + X28*X21 + X28*X22 + X28*X23 + X28*X24 + X29*X2 + X29*X4 + X29*X9 + X29*X11 + X29*X13 + X29*X14 + X29*X16 + X29*X18 + X29*X20 + X29*X22 + X29*X25 + X29*X27 + X3 + X4 + X8 + X9 + X10 + X11 + X14 + X15 + X16 + X19 + X23 + X24 + X26 + X27 + X28 + X29 + 1
X4*X0 + X28*X18 + X28*X19 + X28*X21 + X28*X22 + X28*X26 + X29*X3 + X29*X5 + X29*X9 + X29*X10 + X29*X11 + X29*X12 + X29*X14 + X29*X17 + X29*X18 + X29*X22 + X29*X23 + X29*X24 + X29*X25 + X29*X26 + X29*X27 + X29*X28 + X0 + X2 + X4 + X5 + X6 + X9 + X10 + X12 + X13 + X18 + X19 + X21 + X22 + X24 + X25 + X26 + X27 + X28 + 1
X3^2 + X3
X3*X2 + X28*X20 + X28*X21 + X28*X26 + X28*X27 + X29*X0 + X29*X5 + X29*X6 + X29*X7 + X29*X8 + X29*X10 + X29*X16 + X29*X19 + X29*X20 + X29*X24 + X29*X25 + X2 + X3 + X8 + X9 + X17 + X18 + X19 + X22 + X27 + 1
X3*X0 + X28*X20 + X28*X22 + X28*X23 + X28*X24 + X28*X25 + X28*X26 + X29*X0 + X29*X4 + X29*X5 + X29*X6 + X29*X7 + X29*X8 + X29*X9 + X29*X12 + X29*X14 + X29*X16 + X29*X18 + X29*X19 + X29*X22 + X29*X26 + X29*X27 + X2 + X5 + X6 + X9 + X11 + X12 + X15 + X17 + X20 + X23 + X25 + X27 + X28
X2^2 + X2
X2*X0 + X28*X19 + X28*X21 + X28*X27 + X29*X3 + X29*X5 + X29*X6 + X29*X8 + X29*X9 + X29*X10 + X29*X11 + X29*X12 + X29*X13 + X29*X14 + X29*X15 + X29*X16 + X29*X18 + X29*X19 + X29*X22 + X29*X23 + X29*X25 + X29*X27 + X29*X28 + X0 + X3 + X6 + X8 + X12 + X13 + X15 + X16 + X17 + X19 + X20 + X24 + X26 + X28
X0^2 + X0
X29*X28*X27 + X28*X18 + X28*X19 + X28*X21 + X28*X22 + X28*X23 + X28*X26 + X28*X27 + X29*X2 + X29*X6 + X29*X7 + X29*X8 + X29*X11 + X29*X12 + X29*X14 + X29*X17 + X29*X18 + X29*X19 + X29*X22 + X29*X24 + X29*X25 + X29*X26 + X29*X27 + X0 + X2 + X6 + X8 + X10 + X11 + X15 + X16 + X17 + X18 + X19 + X20 + X21
X29*X28*X26 + X28*X19 + X28*X20 + X28*X21 + X28*X22 + X28*X25 + X29*X0 + X29*X2 + X29*X3 + X29*X4 + X29*X6 + X29*X7 + X29*X8 + X29*X9 + X29*X10 + X29*X15 + X29*X16 + X29*X17 + X29*X18 + X29*X19 + X29*X20 + X29*X23 + X29*X24 + X29*X25 + X0 + X3 + X10 + X11 + X12 + X14 + X20 + X22 + X24 + X26
X29*X28*X25 + X29*X0 + X29*X2 + X29*X3 + X29*X4 + X29*X5 + X29*X6 + X29*X7 + X29*X9 + X29*X11 + X29*X12 + X29*X14 + X29*X15 + X29*X16 + X29*X17 + X29*X18 + X29*X20 + X29*X22 + X29*X24 + X29*X26 + X29*X27 + X29*X28
X29*X28*X24 + X28*X18 + X28*X19 + X28*X21 + X28*X22 + X28*X23 + X28*X26 + X28*X27 + X29*X0 + X29*X2 + X29*X3 + X29*X6 + X29*X8 + X29*X9 + X29*X13 + X29*X14 + X29*X15 + X29*X17 + X29*X18 + X29*X19 + X29*X20 + X29*X24 + X29*X26 + X29*X28 + X0 + X2 + X6 + X8 + X10 + X11 + X15 + X16 + X17 + X18 + X19 + X20 + X21
X29*X28*X23 + X28*X19 + X28*X20 + X28*X21 + X28*X22 + X28*X25 + X29*X2 + X29*X3 + X29*X4 + X29*X5 + X29*X6 + X29*X7 + X29*X9 + X29*X10 + X29*X13 + X29*X14 + X29*X16 + X29*X18 + X29*X19 + X29*X20 + X29*X22 + X29*X23 + X0 + X3 + X10 + X11 + X12 + X14 + X20 + X22 + X24 + X26
X29*X28*X22 + X28*X18 + X28*X20 + X28*X23 + X28*X25 + X28*X26 + X28*X27 + X29*X2 + X29*X3 + X29*X5 + X29*X8 + X29*X10 + X29*X11 + X29*X12 + X29*X15 + X29*X16 + X29*X19 + X29*X20 + X29*X21 + X29*X23 + X29*X25 + X29*X26 + X29*X27 + X29*X28 + X2 + X3 + X6 + X8 + X12 + X14 + X15 + X16 + X17 + X18 + X19 + X21 + X22 + X24 + X26
X29*X28*X21 + X28*X18 + X28*X19 + X28*X21 + X28*X22 + X28*X23 + X28*X26 + X28*X27 + X29*X0 + X29*X2 + X29*X3 + X29*X4 + X29*X5 + X29*X9 + X29*X12 + X29*X13 + X29*X14 + X29*X15 + X29*X16 + X29*X17 + X29*X18 + X29*X19 + X29*X22 + X29*X23 + X29*X24 + X29*X25 + X29*X26 + X29*X27 + X0 + X2 + X6 + X8 + X10 + X11 + X15 + X16 + X17 + X18 + X19 + X20 + X21
X29*X28*X20 + X28*X18 + X28*X20 + X28*X23 + X28*X25 + X28*X26 + X28*X27 + X29*X3 + X29*X4 + X29*X5 + X29*X6 + X29*X7 + X29*X8 + X29*X10 + X29*X11 + X29*X12 + X29*X14 + X29*X15 + X29*X20 + X29*X22 + X29*X26 + X2 + X3 + X6 + X8 + X12 + X14 + X15 + X16 + X17 + X18 + X19 + X21 + X22 + X24 + X26
X29*X28*X19 + X28*X18 + X28*X20 + X28*X23 + X28*X25 + X28*X26 + X28*X27 + X29*X0 + X29*X2 + X29*X3 + X29*X4 + X29*X10 + X29*X12 + X29*X13 + X29*X16 + X29*X21 + X29*X24 + X29*X26 + X29*X27 + X2 + X3 + X6 + X8 + X12 + X14 + X15 + X16 + X17 + X18 + X19 + X21 + X22 + X24 + X26
X29*X28*X18 + X28*X18 + X28*X19 + X28*X21 + X28*X22 + X28*X23 + X28*X26 + X28*X27 + X29*X2 + X29*X3 + X29*X5 + X29*X7 + X29*X9 + X29*X10 + X29*X11 + X29*X13 + X29*X14 + X29*X18 + X29*X21 + X29*X22 + X29*X28 + X0 + X2 + X6 + X8 + X10 + X11 + X15 + X16 + X17 + X18 + X19 + X20 + X21
Total CPU time : 1028.64 s
Peak memory    : 1537 MiB
Resource index : 1.58102e+06 s*MiB
